
const uint16_t car_image_center[] PROGMEM = {
    0x9EEF, 0x9EEF, 0x9EEF, 0x9EEF, 0x9EEF, 0x9EEF, 0x9EEF, 0x9EEF, 0x9EEF, 0x9EEF, 0x9EEF, 0x9EEF, 
    0x9EEF, 0x9EEF, 0x9EEF, 0x9EEF, 0x9EEF, 0x9EEF, 0x9EEF, 0x9EEF, 0x9EEF, 0x9EEF, 0x9EEF, 0x9EEF, 
    0x9EEF, 0x9EEF, 0x9EEF, 0x9EEF, 0x9EEF, 0x9EEF, 0x9EEF, 0x9EEF, 0x9EEF, 0x9EEF, 0x9EEF, 0x9EEF, 
    0x9EEF, 0x9EEF, 0x9EEF, 0x9EEF, 0x9EEF, 0x9EEF, 0x9EEF, 0x9EEF, 0x9EEF, 0x9EEF, 0x9EEF, 0x9EEF, 
    0x9EEF, 0x9EF7, 0x9EF7, 0x9EF7, 0x9EF7, 0x9EF7, 0x9EF7, 0x9EF7, 0x9EF7, 0x9EF7, 0x9EF7, 0x9EF7, 
    0x9EF7, 0x9EF7, 0x9EEF, 0x9EF7, 0x9EEF, 0x9EEF, 0x9EF7, 0x9EF7, 0x9EEF, 0x9EEF, 0x9EEF, 0x9EEF, 
    0x9EEF, 0x9EEF, 0x9EEF, 0x9EEF, 0x9EEF, 0x9EEF, 0x9EEF, 0x9EEF, 0x9EEF, 0x9EEF, 0x9EEF, 0x9EEF, 
    0x9EEF, 0x9EEF, 0x9EEF, 0x9EEF, 0x9EEF, 0x9EEF, 0x9EEF, 0x9EEF, 0x9EEF, 0x9EEF, 0x9EEF, 0x9EEF, 
    0x9EEF, 0x9EEF, 0x9EEF, 0x9EEF, 0x9EEF, 0x9EEF, 0x9EEF, 0x9EEF, 0x9EEF, 0x9EEF, 0x9EEF, 0x9EEF, 
    0x9EEF, 0x9EEF, 0x9EEF, 0x9EEF, 0x9EEF, 0x9EF7, 0x9EF7, 0x9EF7, 0x9EEF, 0x9EF7, 0x9EF7, 0x9EF7, 
    0x9EF7, 0x9EF7, 0x9EF7, 0x9EF7, 0x9EF7, 0x9EF7, 0x9EF7, 0x9EF7, 0x9EF7, 0x9EF7, 0x9EF7, 0x9EF7, 
    0x9EF7, 0x9EF7, 0x9EF7, 0x9EF7, 0x9EF7, 0x9EF7, 0x9EF7, 0x9EF7, 0x9EF7, 0x9EF7, 0x9EF7, 0x9EF7, 
    0x9EF7, 0x9EF7, 0x9EF7, 0x9EF7, 0x9EF7, 0x9EF7, 0x9EF7, 0x9EF7, 0x9EF7, 0x9EF7, 0x9EF7, 0x9EF7, 
    0xFFFF, 0xFFFF, 0xFFFF, 0xFFFF, 0xFFFF, 0xFFFF, 0xFFFF, 0xFFFF, 0xFFFF, 0xFFFF, 0xFFFF, 0xFFFF, 
    0xFFFF, 0xFFFF, 0xFFFF, 0xFFFF, 0xFFFF, 0xFFFF, 0xFFFF, 0xFFFF, 0xFFFF, 0xFFFF, 0xFFFF, 0xFFFF, 
    0xFFFF, 0xFFFF, 0xFFFF, 0xFFFF, 0xFFFF, 0xFFFF, 0xFFFF, 0xFFFF, 0xFFFF, 0xFFFF, 0xFFFF, 0xFFFF, 
    0xFFFF, 0xDFF7, 0xDFFF, 0xDFFF, 0xDFFF, 0xDFFF, 0xDFFF, 0xDFFF, 0xDFFF, 0xDFFF, 0xDFFF, 0xDFFF, 
    0xDFF7, 0xDFF7, 0xDFF7, 0xDFF7, 0xDFF7, 0xDFF7, 0xDFF7, 0xDFF7, 0xDFF7, 0xDFF7, 0xDFF7, 0xDFF7, 
    0xDFF7, 0xDFF7, 0xDFF7, 0xDFF7, 0xDFF7, 0xDFF7, 0xDFF7, 0xDFF7, 0xDFF7, 0xDFF7, 0xDFF7, 0xDFF7, 
    0xDFF7, 0xDFF7, 0xDFF7, 0xDFF7, 0xDFF7, 0xDFF7, 0xDFF7, 0xDFF7, 0xDFF7, 0xDFF7, 0xDFF7, 0xDFF7, 
    0xDFF7, 0xDFF7, 0xDFF7, 0xDFFF, 0xDFFF, 0xDFFF, 0xDFFF, 0xDFFF, 0xDFFF, 0xFFFF, 0xFFFF, 0xFFFF, 
    0xFFFF, 0xFFFF, 0xFFFF, 0xFFFF, 0xFFFF, 0xFFFF, 0xFFFF, 0xFFFF, 0xFFFF, 0xFFFF, 0xFFFF, 0xFFFF, 
    0xFFFF, 0xFFFF, 0xFFFF, 0xFFFF, 0xFFFF, 0xFFFF, 0xFFFF, 0xFFFF, 0xFFFF, 0xDFFF, 0xFFFF, 0xFFFF, 
    0xFFFF, 0xFFFF, 0xFFFF, 0xFFFF, 0xFFFF, 0xFFFF, 0xFFFF, 0xFFFF, 0xFFFF, 0xFFFF, 0xFFFF, 0xFFFF, 
    0xFFFF, 0xFFFF, 0xFFFF, 0xFFFF, 0xFFFF, 0xFFFF, 0xFFFF, 0xFFFF, 0xFFFF, 0xFFFF, 0xFFFF, 0xFFFF, 
    0xFFFF, 0xFFFF, 0xFFFF, 0xFFFF, 0xFFFF, 0xFFFF, 0xFFFF, 0xFFFF, 0xFFFF, 0xFFFF, 0xFFFF, 0xFFFF, 
    0xFFFF, 0xFFFF, 0xFFFF, 0xFFFF, 0xFFFF, 0xFFFF, 0xFFFF, 0xFFFF, 0xFFFF, 0xFFFF, 0xFFFF, 0xFFFF, 
    0xFFFF, 0xFFFF, 0xFFFF, 0xFFFF, 0xFFFF, 0xFFFF, 0xFFFF, 0xFFFF, 0xFFFF, 0xFFFF, 0xFFFF, 0xFFFF, 
    0xFFFF, 0xFFFF, 0xFFFF, 0xFFFF, 0xFFFF, 0xFFFF, 0xFFFF, 0xFFFF, 0xFFFF, 0xFFFF, 0xFFFF, 0xFFFF, 
    0x9FEF, 0xDC01, 0x9C01, 0x7B01, 0x7B01, 0xDB01, 0xDB01, 0xDB01, 0xDB01, 0xDB01, 0xBB01, 0xDB01, 
    0xDB01, 0xDB01, 0xDB01, 0xDB01, 0xDB01, 0xDB01, 0xDB01, 0xDB01, 0xBB01, 0xDB01, 0xDB01, 0xDB01, 
    0xDB01, 0xBB01, 0xDB01, 0xDB01, 0xDB01, 0xDB01, 0xDB01, 0xDB01, 0xDB01, 0xDB01, 0xDB01, 0xDB01, 
    0xDB01, 0xDB01, 0xDB01, 0xDB01, 0xDB01, 0xDB01, 0xDB01, 0xDB01, 0xDB01, 0xDB01, 0xDB01, 0xDB01, 
    0xDB01, 0xDB01, 0xDB01, 0xDB01, 0xDB01, 0xDB01, 0xDB01, 0xDB01, 0xDB01, 0xFC3A, 0xFC32, 0xFC32, 
    0x3C43, 0x3C43, 0x3C43, 0x3C43, 0x3C43, 0x3C43, 0x3C43, 0x3C43, 0x3C43, 0x3C43, 0x3C43, 0x3C43, 
    0x3C43, 0x3C43, 0x3C43, 0x3C43, 0x3C43, 0x3C43, 0x3C3B, 0x3C3B, 0x3C3B, 0x1C33, 0xBFF7, 0xFFFF, 
    0xFFFF, 0xFFFF, 0xFFFF, 0xFFFF, 0xFFFF, 0xFFFF, 0xFFFF, 0xFFFF, 0xFFFF, 0xFFFF, 0xFFFF, 0xFFFF, 
    0xFFFF, 0xFFFF, 0xFFFF, 0xFFFF, 0xFFFF, 0xFFFF, 0xFFFF, 0xFFFF, 0xFFFF, 0xFFFF, 0xFFFF, 0xFFFF, 
    0xFFFF, 0xFFFF, 0xFFFF, 0xFFFF, 0xFFFF, 0xFFFF, 0xFFFF, 0xFFFF, 0xFFFF, 0xFFFF, 0xFFFF, 0xFFFF, 
    0xFFFF, 0xFFFF, 0xFFFF, 0xFFFF, 0xFFFF, 0xFFFF, 0xFFFF, 0xFFFF, 0xFFFF, 0xFFFF, 0xFFFF, 0xFFFF, 
    0xFFFF, 0xFFFF, 0xFFFF, 0xFFFF, 0xFFFF, 0xFFFF, 0xFFFF, 0xFFFF, 0xFFFF, 0xFFFF, 0xFFFF, 0xFFFF, 
    0xFFFF, 0xFFFF, 0xFFFF, 0xFFFF, 0xFFFF, 0xFFFF, 0xFFFF, 0xFFFF, 0xFFFF, 0xFFFF, 0xFFFF, 0xFFFF, 
    0x9DA5, 0x7C01, 0x9C01, 0xBC01, 0x7E02, 0xDE02, 0xBE02, 0xBE02, 0xDE02, 0xDE02, 0xDE02, 0xDE02, 
    0xDE02, 0xDE02, 0xDE02, 0xDE02, 0xDE02, 0xBE02, 0xBE02, 0xDE02, 0xBE02, 0xDE02, 0xDE02, 0xDE02, 
    0xBE02, 0xDE02, 0xDE02, 0xDE02, 0xDE02, 0xDE02, 0xDE02, 0xBE02, 0xBE02, 0xDE02, 0xDE02, 0xDE02, 
    0xBE02, 0xBE02, 0xDE02, 0xDE02, 0xDE02, 0xDE02, 0xDE02, 0xBE02, 0xBE02, 0xDE02, 0xDE02, 0xBE02, 
    0xDE02, 0xDE02, 0xDE02, 0xDE02, 0xDE02, 0xBE02, 0xDE02, 0xDE02, 0xDE02, 0xDE02, 0xBE02, 0xDE02, 
    0xBE02, 0xDE02, 0xDE02, 0xBE02, 0xBE02, 0xBE02, 0xBE02, 0xBE02, 0xDE02, 0xBE02, 0xDE02, 0xBE02, 
    0xDE02, 0xDE02, 0xBE02, 0xDE02, 0xDE02, 0xDE02, 0x7E02, 0xDD01, 0xBC01, 0xBC01, 0xDEB5, 0xFFFF, 
    0xFFFF, 0xFFFF, 0xFFFF, 0xFFFF, 0xFFFF, 0xFFFF, 0xFFFF, 0xFFFF, 0xFFFF, 0xFFFF, 0xFFFF, 0xFFFF, 
    0xFFFF, 0xFFFF, 0xFFFF, 0xFFFF, 0xFFFF, 0xFFFF, 0xFFFF, 0xFFFF, 0xFFFF, 0xFFFF, 0xFFFF, 0xFFFF, 
    0xFFFF, 0xFFFF, 0xFFFF, 0xFFFF, 0xFFFF, 0xFFFF, 0xFFFF, 0xFFFF, 0xFFFF, 0xFFFF, 0xFFFF, 0xFFFF, 
    0xFFFF, 0xFFFF, 0xFFFF, 0xFFFF, 0xFFFF, 0xFFFF, 0xFFFF, 0xFFFF, 0xFFFF, 0xFFFF, 0xFFFF, 0xFFFF, 
    0xFFFF, 0xFFFF, 0xFFFF, 0xFFFF, 0xFFFF, 0xFFFF, 0xFFFF, 0xFFFF, 0xFFFF, 0xFFFF, 0xFFFF, 0xFFFF, 
    0xFFFF, 0xFFFF, 0xFFFF, 0xFFFF, 0xFFFF, 0xFFFF, 0xFFFF, 0xFFFF, 0xFFFF, 0xFFFF, 0xFFFF, 0xBFF7, 
    0xDC01, 0x7C01, 0x9C01, 0xDD01, 0xBE02, 0xBE02, 0xBE02, 0xBE02, 0xDE02, 0xBE02, 0xDE02, 0xBE02, 
    0xBE02, 0xDE02, 0xBE02, 0xDE02, 0xDE02, 0xBE02, 0xDE02, 0xDE02, 0xDE02, 0xDE02, 0xBE02, 0xDE02, 
    0xDE02, 0xDE02, 0xDE02, 0xDE02, 0xDE02, 0xDE02, 0xDE02, 0xDE02, 0xDE02, 0xBE02, 0xDE02, 0xDE02, 
    0xBE02, 0xBE02, 0xBE02, 0xDE02, 0xBE02, 0xDE02, 0xDE02, 0xDE02, 0xBE02, 0xBE02, 0xBE02, 0xBE02, 
    0xDE02, 0xDE02, 0xDE02, 0xDE02, 0xBE02, 0xDE02, 0xBE02, 0xDE02, 0xBE02, 0xDE02, 0xDE02, 0xBE02, 
    0xBE02, 0xDE02, 0xDE02, 0xDE02, 0xDE02, 0xBE02, 0xDE02, 0xDE02, 0xDE02, 0xBE02, 0xDE02, 0xBE02, 
    0xDE02, 0xDE02, 0xDE02, 0xDE02, 0xDE02, 0xDE02, 0xBE02, 0xDD01, 0xBD01, 0xBC01, 0x7C02, 0xBFF7, 
    0xFFFF, 0xFFFF, 0xFFFF, 0xFFFF, 0xFFFF, 0xFFFF, 0xFFFF, 0xFFFF, 0xFFFF, 0xFFFF, 0xFFFF, 0xFFFF, 
    0xFFFF, 0xFFFF, 0xFFFF, 0xFFFF, 0xFFFF, 0xFFFF, 0xFFFF, 0xFFFF, 0xFFFF, 0xFFFF, 0xFFFF, 0xFFFF, 
    0xFFFF, 0xFFFF, 0xFFFF, 0xFFFF, 0xFFFF, 0xFFFF, 0xFFFF, 0xFFFF, 0xFFFF, 0xFFFF, 0xFFFF, 0xFFFF, 
    0xFFFF, 0xFFFF, 0xFFFF, 0xFFFF, 0xFFFF, 0xFFFF, 0xFFFF, 0xFFFF, 0xFFFF, 0xFFFF, 0xFFFF, 0xFFFF, 
    0xFFFF, 0xFFFF, 0xFFFF, 0xFFFF, 0xFFFF, 0xFFFF, 0xFFFF, 0xFFFF, 0xFFFF, 0xFFFF, 0xFFFF, 0xFFFF, 
    0xFFFF, 0xFFFF, 0xFFFF, 0xFFFF, 0xFFFF, 0xFFFF, 0xFFFF, 0xFFFF, 0xFFFF, 0xFFFF, 0xFFFF, 0xDDB5, 
    0x1C01, 0x5C01, 0x9C01, 0x5D02, 0xDE02, 0xDE02, 0xDE02, 0xDE02, 0xDE02, 0xDE02, 0xDE02, 0xDE02, 
    0xDE02, 0xDE02, 0xDE02, 0xDE02, 0xDE02, 0xDE02, 0xDE02, 0xDE02, 0xDE02, 0xDE02, 0xDE02, 0xDE02, 
    0xDE02, 0xDE02, 0xDE02, 0xDE02, 0xDE02, 0xDE02, 0xDE02, 0xDE02, 0xDE02, 0xBE02, 0xBE02, 0xDE02, 
    0xDE02, 0xDE02, 0xDE02, 0xDE02, 0xBE02, 0xDE02, 0xDE02, 0xBE02, 0xBE02, 0xBE02, 0xDE02, 0xDE02, 
    0xBE02, 0xDE02, 0xBE02, 0xDE02, 0xBE02, 0xDE02, 0xDE02, 0xBE02, 0xBE02, 0xDE02, 0xDE02, 0xBE02, 
    0xDE02, 0xDE02, 0xDE02, 0xBE02, 0xDE02, 0xDE02, 0xDE02, 0xDE02, 0xDE02, 0xDE02, 0xDE02, 0xDE02, 
    0xDE02, 0xDE02, 0xDE02, 0xDE02, 0xDE02, 0xDE02, 0xDE02, 0x5D02, 0xDD01, 0xDD01, 0xBC01, 0x1EB6, 
    0xFFFF, 0xFFFF, 0xFFFF, 0xFFFF, 0xFFFF, 0xFFFF, 0xFFFF, 0xFFFF, 0xFFFF, 0xFFFF, 0xFFFF, 0xFFFF, 
    0xFFFF, 0xFFFF, 0xFFFF, 0xFFFF, 0xFFFF, 0xFFFF, 0xFFFF, 0xFFFF, 0xFFFF, 0xFFFF, 0xFFFF, 0xFFFF, 
    0xFFFF, 0xFFFF, 0xFFFF, 0xFFFF, 0xFFFF, 0xFFFF, 0xFFFF, 0xFFFF, 0xFFFF, 0xFFFF, 0xFFFF, 0xFFFF, 
    0xFFFF, 0xFFFF, 0xFFFF, 0xFFFF, 0xFFFF, 0xFFFF, 0xFFFF, 0xFFFF, 0xFFFF, 0xFFFF, 0xFFFF, 0xFFFF, 
    0xFFFF, 0xFFFF, 0xFFFF, 0xFFFF, 0xFFFF, 0xFFFF, 0xFFFF, 0xFFFF, 0xFFFF, 0xFFFF, 0xFFFF, 0xFFFF, 
    0xFFFF, 0xFFFF, 0xFFFF, 0xFFFF, 0xFFFF, 0xFFFF, 0xFFFF, 0xFFFF, 0xFFFF, 0xFFFF, 0xDFFF, 0xDB01, 
    0x1C01, 0x7C01, 0x9C01, 0xBE02, 0xDE02, 0xDE02, 0xDE02, 0xDE02, 0xDE02, 0xDE02, 0xDE02, 0xDE02, 
    0xDE02, 0xDE02, 0xDE02, 0xDE02, 0xDE02, 0xDE02, 0xDE02, 0xDE02, 0xDE02, 0xDE02, 0xDE02, 0xDE02, 
    0xDE02, 0xDE02, 0xDE02, 0xDE02, 0xDE02, 0xDE02, 0xDE02, 0xDE02, 0xDE02, 0xDE02, 0xDE02, 0xDE02, 
    0xDE02, 0xDE02, 0xDE02, 0xDE02, 0xDE02, 0xDE02, 0xDE02, 0xDE02, 0xDE02, 0xDE02, 0xDE02, 0xDE02, 
    0xDE02, 0xDE02, 0xDE02, 0xDE02, 0xDE02, 0xDE02, 0xDE02, 0xDE02, 0xDE02, 0xDE02, 0xDE02, 0xDE02, 
    0xDE02, 0xDE02, 0xDE02, 0xDE02, 0xDE02, 0xDE02, 0xDE02, 0xDE02, 0xDE02, 0xDE02, 0xDE02, 0xDE02, 
    0xDE02, 0xDE02, 0xDE02, 0xDE02, 0xDE02, 0xDE02, 0xDE02, 0xBE02, 0xDC01, 0xDD01, 0xDD01, 0x7C0A, 
    0xDFFF, 0xFFFF, 0xFFFF, 0xFFFF, 0xFFFF, 0xFFFF, 0xFFFF, 0xFFFF, 0xFFFF, 0xFFFF, 0xFFFF, 0xFFFF, 
    0xFFFF, 0xFFFF, 0xFFFF, 0xFFFF, 0xFFFF, 0xFFFF, 0xFFFF, 0xFFFF, 0xFFFF, 0xFFFF, 0xFFFF, 0xFFFF, 
    0xFFFF, 0xFFFF, 0xFFFF, 0xFFFF, 0xFFFF, 0xFFFF, 0xFFFF, 0xFFFF, 0xFFFF, 0xFFFF, 0xFFFF, 0xFFFF, 
    0xFFFF, 0xFFFF, 0xFFFF, 0xFFFF, 0xFFFF, 0xFFFF, 0xFFFF, 0xFFFF, 0xFFFF, 0xFFFF, 0xFFFF, 0xFFFF, 
    0xFFFF, 0xFFFF, 0xFFFF, 0xFFFF, 0xFFFF, 0xFFFF, 0xFFFF, 0xFFFF, 0xFFFF, 0xFFFF, 0xFFFF, 0xFFFF, 
    0xFFFF, 0xFFFF, 0xFFFF, 0xFFFF, 0xFFFF, 0xFFFF, 0xFFFF, 0xFFFF, 0xFFFF, 0xFFFF, 0x5DCE, 0xBB00, 
    0x3C01, 0x7C01, 0xFD01, 0xDE02, 0xDE02, 0xDE02, 0xDE02, 0xDE02, 0xDE02, 0xDE02, 0xDE02, 0xDE02, 
    0xDE02, 0xDE02, 0xDE02, 0xDE02, 0xDE02, 0xDE02, 0xDE02, 0xDE02, 0xDE02, 0xDE02, 0xDE02, 0xDE02, 
    0xDE02, 0xDE02, 0xDE02, 0xDE02, 0xDE02, 0xDE02, 0xDE02, 0xDE02, 0xDE02, 0xDE02, 0xDE02, 0xDE02, 
    0xDE02, 0xDE02, 0xDE02, 0xDE02, 0xDE02, 0xDE02, 0xDE02, 0xDE02, 0xDE02, 0xDE02, 0xDE02, 0xDE02, 
    0xDE02, 0xDE02, 0xDE02, 0xDE02, 0xDE02, 0xDE02, 0xDE02, 0xDE02, 0xDE02, 0xDE02, 0xDE02, 0xDE02, 
    0xDE02, 0xDE02, 0xDE02, 0xDE02, 0xDE02, 0xDE02, 0xDE02, 0xDE02, 0xDE02, 0xDE02, 0xDE02, 0xDE02, 
    0xDE02, 0xDE02, 0xDE02, 0xDE02, 0xDE02, 0xDE02, 0xDE02, 0xDE02, 0x1D02, 0xDD01, 0xDD01, 0xDD01, 
    0x7ECE, 0xFFFF, 0xFFFF, 0xFFFF, 0xFFFF, 0xFFFF, 0xFFFF, 0xFFFF, 0xFFFF, 0xFFFF, 0xFFFF, 0xFFFF, 
    0xFFFF, 0xFFFF, 0xFFFF, 0xFFFF, 0xFFFF, 0xFFFF, 0xFFFF, 0xFFFF, 0xFFFF, 0xFFFF, 0xFFFF, 0xFFFF, 
    0xFFFF, 0xFFFF, 0xFFFF, 0xFFFF, 0xFFFF, 0xFFFF, 0xFFFF, 0xFFFF, 0xFFFF, 0xFFFF, 0xFFFF, 0xFFFF, 
    0xFFFF, 0xFFFF, 0xFFFF, 0xFFFF, 0xFFFF, 0xFFFF, 0xFFFF, 0xFFFF, 0xFFFF, 0xFFFF, 0xFFFF, 0xFFFF, 
    0xFFFF, 0xFFFF, 0xFFFF, 0xFFFF, 0xFFFF, 0xFFFF, 0xFFFF, 0xFFFF, 0xFFFF, 0xFFFF, 0xFFFF, 0xFFFF, 
    0xFFFF, 0xFFFF, 0xFFFF, 0xFFFF, 0xFFFF, 0xFFFF, 0xFFFF, 0xFFFF, 0xFFFF, 0xDFFF, 0x7A1A, 0xFB00, 
    0x5C01, 0x9C01, 0x9E02, 0xDE02, 0xDE02, 0xDE02, 0xDE02, 0xDE02, 0xDE02, 0xDE02, 0xDE02, 0xDE02, 
    0xDE02, 0xDE02, 0xDE02, 0xDE02, 0xDE02, 0xDE02, 0xDE02, 0xDE02, 0xDE02, 0xDE02, 0xDE02, 0xDE02, 
    0xDE02, 0xDE02, 0xDE02, 0xDE02, 0xDE02, 0xDE02, 0xDE02, 0xDE02, 0xDE02, 0xDE02, 0xDE02, 0xDE02, 
    0xDE02, 0xDE02, 0xDE02, 0xDE02, 0xDE02, 0xDE02, 0xDE02, 0xDE02, 0xDE02, 0xDE02, 0xDE02, 0xDE02, 
    0xDE02, 0xDE02, 0xDE02, 0xDE02, 0xDE02, 0xDE02, 0xDE02, 0xDE02, 0xDE02, 0xDE02, 0xDE02, 0xDE02, 
    0xDE02, 0xDE02, 0xDE02, 0xDE02, 0xDE02, 0xDE02, 0xDE02, 0xDE02, 0xDE02, 0xDE02, 0xDE02, 0xDE02, 
    0xDE02, 0xDE02, 0xDE02, 0xDE02, 0xDE02, 0xDE02, 0xDE02, 0xDE02, 0x9E02, 0xDD01, 0xDD01, 0xDD01, 
    0x1D2B, 0xDFFF, 0xFFFF, 0xFFFF, 0xFFFF, 0xFFFF, 0xFFFF, 0xFFFF, 0xFFFF, 0xFFFF, 0xFFFF, 0xFFFF, 
    0xFFFF, 0xFFFF, 0xFFFF, 0xFFFF, 0xFFFF, 0xFFFF, 0xFFFF, 0xFFFF, 0xFFFF, 0xFFFF, 0xFFFF, 0xFFFF, 
    0xFFFF, 0xFFFF, 0xFFFF, 0xFFFF, 0xFFFF, 0xFFFF, 0xFFFF, 0xFFFF, 0xFFFF, 0xFFFF, 0xFFFF, 0xFFFF, 
    0xFFFF, 0xFFFF, 0xFFFF, 0xFFFF, 0xFFFF, 0xFFFF, 0xFFFF, 0xFFFF, 0xFFFF, 0xFFFF, 0xFFFF, 0xFFFF, 
    0xFFFF, 0xFFFF, 0xFFFF, 0xFFFF, 0xFFFF, 0xFFFF, 0xFFFF, 0xFFFF, 0xFFFF, 0xFFFF, 0xFFFF, 0xFFFF, 
    0xFFFF, 0xFFFF, 0xFFFF, 0xFFFF, 0xFFFF, 0xFFFF, 0xFFFF, 0xFFFF, 0xFFFF, 0x7DCE, 0x9A00, 0x1B01, 
    0x5C01, 0xDC01, 0xDE02, 0xDE02, 0xDE02, 0xDE02, 0xDE02, 0xDE02, 0xDE02, 0xDE02, 0xDE02, 0xDE02, 
    0xDE02, 0xDE02, 0xDE02, 0xDE02, 0xDE02, 0xDE02, 0xDE02, 0xDE02, 0xDE02, 0xDE02, 0xDE02, 0xDE02, 
    0xDE02, 0xDE02, 0xDE02, 0xDE02, 0xDE02, 0xDE02, 0xDE02, 0xDE02, 0xDE02, 0xDE02, 0xDE02, 0xDE02, 
    0xDE02, 0xDE02, 0xDE02, 0xDE02, 0xDE02, 0xDE02, 0xDE02, 0xDE02, 0xDE02, 0xDE02, 0xDE02, 0xDE02, 
    0xDE02, 0xDE02, 0xDE02, 0xDE02, 0xDE02, 0xDE02, 0xDE02, 0xDE02, 0xDE02, 0xDE02, 0xDE02, 0xDE02, 
    0xDE02, 0xDE02, 0xDE02, 0xDE02, 0xDE02, 0xDE02, 0xDE02, 0xDE02, 0xDE02, 0xDE02, 0xDE02, 0xDE02, 
    0xDE02, 0xDE02, 0xDE02, 0xDE02, 0xDE02, 0xDE02, 0xDE02, 0xDE02, 0xDE02, 0xFD01, 0xDD01, 0xDD01, 
    0xDD01, 0x9ECE, 0xFFFF, 0xFFFF, 0xFFFF, 0xFFFF, 0xFFFF, 0xFFFF, 0xFFFF, 0xFFFF, 0xFFFF, 0xFFFF, 
    0xFFFF, 0xFFFF, 0xFFFF, 0xFFFF, 0xFFFF, 0xFFFF, 0xFFFF, 0xFFFF, 0xFFFF, 0xFFFF, 0xFFFF, 0xFFFF, 
    0xFFFF, 0xFFFF, 0xFFFF, 0xFFFF, 0xFFFF, 0xFFFF, 0xFFFF, 0xFFFF, 0xFFFF, 0xFFFF, 0xFFFF, 0xFFFF, 
    0xFFFF, 0xFFFF, 0xFFFF, 0xFFFF, 0xFFFF, 0xFFFF, 0xFFFF, 0xFFFF, 0xFFFF, 0xFFFF, 0xFFFF, 0xFFFF, 
    0xFFFF, 0xFFFF, 0xFFFF, 0xFFFF, 0xFFFF, 0xFFFF, 0xFFFF, 0xFFFF, 0xFFFF, 0xFFFF, 0xFFFF, 0xFFFF, 
    0xFFFF, 0xFFFF, 0xFFFF, 0xFFFF, 0xFFFF, 0xFFFF, 0xFFFF, 0xFFFF, 0xFFFF, 0x9A32, 0xDB00, 0x3C01, 
    0x9C01, 0x7E02, 0xDE02, 0xDE02, 0xDE02, 0xDE02, 0xDE02, 0xDE02, 0xDE02, 0xDE02, 0xDE02, 0xDE02, 
    0xDE02, 0xDE02, 0xDE02, 0xDE02, 0xDE02, 0xDE02, 0xDE02, 0xDE02, 0xDE02, 0xDE02, 0xDE02, 0xDE02, 
    0xDE02, 0xDE02, 0xDE02, 0xDE02, 0xDE02, 0xDE02, 0xDE02, 0xDE02, 0xDE02, 0xDE02, 0xDE02, 0xDE02, 
    0xDE02, 0xDE02, 0xDE02, 0xDE02, 0xDE02, 0xDE02, 0xDE02, 0xDE02, 0xDE02, 0xDE02, 0xDE02, 0xDE02, 
    0xDE02, 0xDE02, 0xDE02, 0xDE02, 0xDE02, 0xDE02, 0xDE02, 0xDE02, 0xDE02, 0xDE02, 0xDE02, 0xDE02, 
    0xDE02, 0xDE02, 0xDE02, 0xDE02, 0xDE02, 0xDE02, 0xDE02, 0xDE02, 0xDE02, 0xDE02, 0xDE02, 0xDE02, 
    0xDE02, 0xDE02, 0xDE02, 0xDE02, 0xDE02, 0xDE02, 0xDE02, 0xDE02, 0xDE02, 0x7E02, 0xDD01, 0xDD01, 
    0xDD01, 0x3C33, 0xDFFF, 0xFFFF, 0xFFFF, 0xFFFF, 0xFFFF, 0xFFFF, 0xFFFF, 0xFFFF, 0xFFFF, 0xFFFF, 
    0xFFFF, 0xFFFF, 0xFFFF, 0xFFFF, 0xFFFF, 0xFFFF, 0xFFFF, 0xFFFF, 0xFFFF, 0xFFFF, 0xFFFF, 0xFFFF, 
    0xFFFF, 0xFFFF, 0xFFFF, 0xFFFF, 0xFFFF, 0xFFFF, 0xFFFF, 0xFFFF, 0xFFFF, 0xFFFF, 0xFFFF, 0xFFFF, 
    0xFFFF, 0xFFFF, 0xFFFF, 0xFFFF, 0xFFFF, 0xFFFF, 0xFFFF, 0xFFFF, 0xFFFF, 0xFFFF, 0xFFFF, 0xFFFF, 
    0xFFFF, 0xFFFF, 0xFFFF, 0xFFFF, 0xFFFF, 0xFFFF, 0xFFFF, 0xFFFF, 0xFFFF, 0xFFFF, 0xFFFF, 0xFFFF, 
    0xFFFF, 0xFFFF, 0xFFFF, 0xFFFF, 0xFFFF, 0xFFFF, 0xFFFF, 0xFFFF, 0xFEDE, 0x9A00, 0xFC00, 0x5C01, 
    0xBC01, 0xBE02, 0xDE02, 0xDE02, 0xDE02, 0xDE02, 0xDE02, 0xDE02, 0xDE02, 0xDE02, 0xDE02, 0xDE02, 
    0xDE02, 0xDE02, 0xDE02, 0xDE02, 0xDE02, 0xDE02, 0xDE02, 0xDE02, 0xDE02, 0xDE02, 0xDE02, 0xDE02, 
    0xDE02, 0xDE02, 0xDE02, 0xDE02, 0xDE02, 0xDE02, 0xDE02, 0xDE02, 0xDE02, 0xDE02, 0xDE02, 0xDE02, 
    0xDE02, 0xDE02, 0xDE02, 0xDE02, 0xDE02, 0xDE02, 0xDE02, 0xDE02, 0xDE02, 0xDE02, 0xDE02, 0xDE02, 
    0xDE02, 0xDE02, 0xDE02, 0xDE02, 0xDE02, 0xDE02, 0xDE02, 0xDE02, 0xDE02, 0xDE02, 0xDE02, 0xDE02, 
    0xDE02, 0xDE02, 0xDE02, 0xDE02, 0xDE02, 0xDE02, 0xDE02, 0xDE02, 0xDE02, 0xDE02, 0xDE02, 0xDE02, 
    0xDE02, 0xDE02, 0xDE02, 0xDE02, 0xDE02, 0xDE02, 0xDE02, 0xDE02, 0xDE02, 0xDE02, 0xFD01, 0xDC01, 
    0xDD01, 0xDD01, 0xDED6, 0xFFFF, 0xFFFF, 0xFFFF, 0xFFFF, 0xFFFF, 0xFFFF, 0xFFFF, 0xFFFF, 0xFFFF, 
    0xFFFF, 0xFFFF, 0xFFFF, 0xFFFF, 0xFFFF, 0xFFFF, 0xFFFF, 0xFFFF, 0xFFFF, 0xFFFF, 0xFFFF, 0xFFFF, 
    0xFFFF, 0xFFFF, 0xFFFF, 0xFFFF, 0xFFFF, 0xFFFF, 0xFFFF, 0xFFFF, 0xFFFF, 0xFFFF, 0xFFFF, 0xFFFF, 
    0xFFFF, 0xFFFF, 0xFFFF, 0xFFFF, 0xFFFF, 0xFFFF, 0xFFFF, 0xFFFF, 0xFFFF, 0xFFFF, 0xFFFF, 0xFFFF, 
    0xFFFF, 0xFFFF, 0xFFFF, 0xFFFF, 0xFFFF, 0xFFFF, 0xFFFF, 0xFFFF, 0xFFFF, 0xFFFF, 0xFFFF, 0xFFFF, 
    0xFFFF, 0xFFFF, 0xFFFF, 0xFFFF, 0xFFFF, 0xFFFF, 0xFFFF, 0xDFFF, 0x9B53, 0xFB00, 0x5C01, 0x9C01, 
    0x3D02, 0xDE02, 0xDE02, 0xDE02, 0xDE02, 0xDE02, 0xDE02, 0xDE02, 0xDE02, 0xDE02, 0xDE02, 0xDE02, 
    0xDE02, 0xDE02, 0xDE02, 0xDE02, 0xDE02, 0xDE02, 0xDE02, 0xDE02, 0xDE02, 0xDE02, 0xDE02, 0xDE02, 
    0xDE02, 0xDE02, 0xDE02, 0xDE02, 0xDE02, 0xDE02, 0xDE02, 0xDE02, 0xDE02, 0xDE02, 0xDE02, 0xDE02, 
    0xDE02, 0xDE02, 0xDE02, 0xDE02, 0xDE02, 0xDE02, 0xDE02, 0xDE02, 0xDE02, 0xDE02, 0xDE02, 0xDE02, 
    0xDE02, 0xDE02, 0xDE02, 0xDE02, 0xDE02, 0xDE02, 0xDE02, 0xDE02, 0xDE02, 0xDE02, 0xDE02, 0xDE02, 
    0xDE02, 0xDE02, 0xDE02, 0xDE02, 0xDE0A, 0xDE02, 0xDE02, 0xDE02, 0xDE02, 0xDE02, 0xDE02, 0xDE02, 
    0xDE02, 0xDE02, 0xDE02, 0xDE02, 0xDE02, 0xDE02, 0xDE02, 0xDE02, 0xDE02, 0xDE02, 0x7E02, 0xDD01, 
    0xDC01, 0xDD01, 0xDD53, 0xFFFF, 0xFFFF, 0xFFFF, 0xFFFF, 0xFFFF, 0xFFFF, 0xFFFF, 0xFFFF, 0xFFFF, 
    0xFFFF, 0xFFFF, 0xFFFF, 0xFFFF, 0xFFFF, 0xFFFF, 0xFFFF, 0xFFFF, 0xFFFF, 0xFFFF, 0xFFFF, 0xFFFF, 
    0xFFFF, 0xFFFF, 0xFFFF, 0xFFFF, 0xFFFF, 0xFFFF, 0xFFFF, 0xFFFF, 0xFFFF, 0xFFFF, 0xFFFF, 0xFFFF, 
    0xFFFF, 0xFFFF, 0xFFFF, 0xFFFF, 0xFFFF, 0xFFFF, 0xFFFF, 0xFFFF, 0xFFFF, 0xFFFF, 0xFFFF, 0xFFFF, 
    0xFFFF, 0xFFFF, 0xFFFF, 0xFFFF, 0xFFFF, 0xFFFF, 0xFFFF, 0xFFFF, 0xFFFF, 0xFFFF, 0xFFFF, 0xFFFF, 
    0xFFFF, 0xFFFF, 0xFFFF, 0xFFFF, 0xFFFF, 0xFFFF, 0xFFFF, 0x1EDF, 0xBB00, 0x1C01, 0x7C01, 0x9C01, 
    0xBE02, 0xDE0A, 0xDE0A, 0xDE0A, 0xDE0A, 0xDE02, 0xDE02, 0xDE0A, 0xDE02, 0xDE0A, 0xDE02, 0xDE0A, 
    0xDE0A, 0xDE02, 0xDE02, 0xDE0A, 0xDE0A, 0xDE0A, 0xDE0A, 0xDE02, 0xDE02, 0xDE02, 0xDE02, 0xDE02, 
    0xDE02, 0xDE02, 0xDE02, 0xDE02, 0xDE02, 0xDE02, 0xDE02, 0xDE02, 0xDE02, 0xDE02, 0xDE02, 0xDE02, 
    0xDE02, 0xDE02, 0xDE02, 0xDE02, 0xDE02, 0xDE02, 0xDE02, 0xDE02, 0xDE02, 0xDE02, 0xDE02, 0xDE02, 
    0xDE02, 0xDE02, 0xDE02, 0xDE02, 0xDE02, 0xDE02, 0xDE02, 0xDE02, 0xDE02, 0xDE02, 0xDE02, 0xDE02, 
    0xDE02, 0xDE02, 0xDE02, 0xDE02, 0xDE02, 0xDE02, 0xDE02, 0xDE02, 0xDE02, 0xDE02, 0xDE02, 0xDE02, 
    0xDE02, 0xDE0A, 0xDE02, 0xDE02, 0xDE02, 0xDE02, 0xDE0A, 0xDE0A, 0xDE0A, 0xDE0A, 0xDE02, 0xDD01, 
    0xDD01, 0xDD01, 0xDD01, 0xFEDE, 0xFFFF, 0xFFFF, 0xFFFF, 0xFFFF, 0xFFFF, 0xFFFF, 0xFFFF, 0xFFFF, 
    0xFFFF, 0xFFFF, 0xFFFF, 0xFFFF, 0xFFFF, 0xFFFF, 0xFFFF, 0xFFFF, 0xFFFF, 0xFFFF, 0xFFFF, 0xFFFF, 
    0xFFFF, 0xFFFF, 0xFFFF, 0xFFFF, 0xFFFF, 0xFFFF, 0xFFFF, 0xFFFF, 0xFFFF, 0xFFFF, 0xFFFF, 0xFFFF, 
    0xFFFF, 0xFFFF, 0xFFFF, 0xFFFF, 0xFFFF, 0xFFFF, 0xFFFF, 0xFFFF, 0xFFFF, 0xFFFF, 0xFFFF, 0xFFFF, 
    0xFFFF, 0xFFFF, 0xFFFF, 0xFFFF, 0xFFFF, 0xFFFF, 0xFFFF, 0xFFFF, 0xFFFF, 0xFFFF, 0xFFFF, 0xFFFF, 
    0xFFFF, 0xFFFF, 0xFFFF, 0xFFFF, 0xFFFF, 0xFFFF, 0xFFFF, 0x9C7C, 0xFB00, 0x5C01, 0x9C01, 0xFD01, 
    0xDE0A, 0xDE0A, 0xDE0A, 0xDE0A, 0xDE0A, 0xDE0A, 0xDE0A, 0xDE0A, 0xDE0A, 0xDE0A, 0xDE0A, 0xDE0A, 
    0xDE0A, 0xDE0A, 0xDE0A, 0xDE0A, 0xDE0A, 0xDE0A, 0xDE0A, 0xDE0A, 0xDE0A, 0xDE0A, 0xDE0A, 0xDE0A, 
    0xDE0A, 0xDE0A, 0xDE0A, 0xDE02, 0xDE02, 0xDE02, 0xDE02, 0xDE02, 0xDE02, 0xDE02, 0xDE02, 0xDE0A, 
    0xDE0A, 0xDE0A, 0xDE0A, 0xDE0A, 0xDE0A, 0xDE0A, 0xDE0A, 0xDE0A, 0xDE02, 0xDE02, 0xDE02, 0xDE02, 
    0xDE02, 0xDE02, 0xDE02, 0xDE02, 0xDE02, 0xDE0A, 0xDE0A, 0xDE0A, 0xDE02, 0xDE02, 0xDE02, 0xDE0A, 
    0xDE0A, 0xDE0A, 0xDE0A, 0xDE02, 0xDE02, 0xDE02, 0xDE02, 0xDE02, 0xDE02, 0xDE0A, 0xDE0A, 0xDE0A, 
    0xDE0A, 0xDE0A, 0xDE0A, 0xDE0A, 0xDE0A, 0xDE0A, 0xDE0A, 0xDE0A, 0xDE0A, 0xDE0A, 0xDE0A, 0x5D02, 
    0xDD01, 0xDD01, 0xDC01, 0x1D5C, 0xFFFF, 0xFFFF, 0xFFFF, 0xFFFF, 0xFFFF, 0xFFFF, 0xFFFF, 0xFFFF, 
    0xFFFF, 0xFFFF, 0xFFFF, 0xFFFF, 0xFFFF, 0xFFFF, 0xFFFF, 0xFFFF, 0xFFFF, 0xFFFF, 0xFFFF, 0xFFFF, 
    0xFFFF, 0xFFFF, 0xFFFF, 0xFFFF, 0xFFFF, 0xFFFF, 0xFFFF, 0xFFFF, 0xFFFF, 0xFFFF, 0xFFFF, 0xFFFF, 
    0xFFFF, 0xFFFF, 0xFFFF, 0xFFFF, 0xFFFF, 0xFFFF, 0xFFFF, 0xFFFF, 0xFFFF, 0xFFFF, 0xFFFF, 0xFFFF, 
    0xFFFF, 0xFFFF, 0xFFFF, 0xFFFF, 0xFFFF, 0xFFFF, 0xFFFF, 0xFFFF, 0xFFFF, 0xFFFF, 0xFFFF, 0xFFFF, 
    0xFFFF, 0xFFFF, 0xFFFF, 0xFFFF, 0xFFFF, 0xFFFF, 0x7EEF, 0xBB00, 0x1C01, 0x7C01, 0x9C01, 0x9E02, 
    0xDE0A, 0xDE0A, 0xDE0A, 0xDE0A, 0xDE0A, 0xDE0A, 0xDE0A, 0xDE0A, 0xDE0A, 0xDE0A, 0xDE0A, 0xDE0A, 
    0xDE0A, 0xDE0A, 0xDE0A, 0xDE0A, 0xDE0A, 0xDE0A, 0xDE0A, 0xDE0A, 0xDE0A, 0xDE0A, 0xDE0A, 0xDE0A, 
    0xDE0A, 0xDE0A, 0xDE0A, 0xDE0A, 0xDE0A, 0xDE0A, 0xDE0A, 0xDE0A, 0xDE0A, 0xDE0A, 0xDE0A, 0xDE0A, 
    0xDE0A, 0xDE0A, 0xDE0A, 0xDE0A, 0xDE0A, 0xDE0A, 0xDE0A, 0xDE0A, 0xDE0A, 0xDE0A, 0xDE02, 0xDE02, 
    0xDE0A, 0xDE02, 0xDE02, 0xDE02, 0xDE02, 0xDE0A, 0xDE0A, 0xDE0A, 0xDE0A, 0xDE0A, 0xDE0A, 0xDE0A, 
    0xDE0A, 0xDE0A, 0xDE0A, 0xDE0A, 0xDE0A, 0xDE0A, 0xDE0A, 0xDE0A, 0xDE0A, 0xDE0A, 0xDE0A, 0xDE0A, 
    0xDE0A, 0xDE0A, 0xDE0A, 0xDE0A, 0xDE0A, 0xDE0A, 0xDE0A, 0xDE0A, 0xDE0A, 0xDE0A, 0xDE0A, 0xBE02, 
    0xFD01, 0xDD01, 0xDC01, 0xDC01, 0x1EDF, 0xFFFF, 0xFFFF, 0xFFFF, 0xFFFF, 0xFFFF, 0xFFFF, 0xFFFF, 
    0xFFFF, 0xFFFF, 0xFFFF, 0xFFFF, 0xFFFF, 0xFFFF, 0xFFFF, 0xFFFF, 0xFFFF, 0xFFFF, 0xFFFF, 0xFFFF, 
    0xFFFF, 0xFFFF, 0xFFFF, 0xFFFF, 0xFFFF, 0xFFFF, 0xFFFF, 0xFFFF, 0xFFFF, 0xFFFF, 0xFFFF, 0xFFFF, 
    0xFFFF, 0xFFFF, 0xFFFF, 0xFFFF, 0xFFFF, 0xFFFF, 0xFFFF, 0xFFFF, 0xFFFF, 0xFFFF, 0xFFFF, 0xFFFF, 
    0xFFFF, 0xFFFF, 0xFFFF, 0xFFFF, 0xFFFF, 0xFFFF, 0xFFFF, 0xFFFF, 0xFFFF, 0xFFFF, 0x9FEF, 0x5FE7, 
    0x1FDF, 0x9ECE, 0x9ECE, 0x9ECE, 0x7FC6, 0x3FE7, 0xBB84, 0xDB00, 0x3C01, 0x9C01, 0xDD01, 0xDE0A, 
    0xDE0A, 0xDE0A, 0xDE0A, 0xDE0A, 0xDE0A, 0xDE0A, 0xDE0A, 0xDE0A, 0xDE0A, 0xDE0A, 0xDE0A, 0xDE0A, 
    0xDE0A, 0xDE0A, 0xDE0A, 0xDE0A, 0xDE0A, 0xDE0A, 0xDE0A, 0xDE0A, 0xDE0A, 0xDE0A, 0xDE0A, 0xDE0A, 
    0xDE0A, 0xDE0A, 0xDE0A, 0xDE0A, 0xDE0A, 0xDE0A, 0xDE0A, 0xDE0A, 0xDE0A, 0xDE0A, 0xDE0A, 0xDE0A, 
    0xDE0A, 0xDE0A, 0xDE0A, 0xDE0A, 0xDE0A, 0xDE0A, 0xDE0A, 0xDE0A, 0xDE0A, 0xDE0A, 0xDE02, 0xDE02, 
    0xDE0A, 0xDE0A, 0xDE0A, 0xDE0A, 0xDE0A, 0xDE0A, 0xDE0A, 0xDE0A, 0xDE0A, 0xDE0A, 0xDE0A, 0xDE0A, 
    0xDE0A, 0xDE0A, 0xDE0A, 0xDE0A, 0xDE0A, 0xDE0A, 0xDE0A, 0xDE0A, 0xDE0A, 0xDE0A, 0xDE0A, 0xDE0A, 
    0xDE0A, 0xDE0A, 0xDE0A, 0xDE0A, 0xDE0A, 0xDE0A, 0xDE0A, 0xDE0A, 0xDE0A, 0xDE0A, 0xDE0A, 0xDE0A, 
    0x1D02, 0xDD01, 0xDC01, 0xDD01, 0xDD84, 0x1FDF, 0x9ECE, 0xBECE, 0x3FE7, 0x5FE7, 0x5FE7, 0x7EEF, 
    0xBFF7, 0xFFFF, 0xFFFF, 0xFFFF, 0xFFFF, 0xFFFF, 0xFFFF, 0xFFFF, 0xFFFF, 0xFFFF, 0xFFFF, 0xFFFF, 
    0xFFFF, 0xFFFF, 0xFFFF, 0xFFFF, 0xFFFF, 0xFFFF, 0xFFFF, 0xFFFF, 0xFFFF, 0xFFFF, 0xFFFF, 0xFFFF, 
    0xFFFF, 0xFFFF, 0xFFFF, 0xFFFF, 0xFFFF, 0xFFFF, 0xFFFF, 0xFFFF, 0xFFFF, 0xFFFF, 0xFFFF, 0xFFFF, 
    0xFFFF, 0xFFFF, 0xFFFF, 0xFFFF, 0xFFFF, 0xFFFF, 0xFFFF, 0xFFFF, 0xFFFF, 0x9FF7, 0x3E23, 0xBE02, 
    0xDE02, 0xBE02, 0xDE02, 0xDE02, 0x9E02, 0xBCAD, 0xDA00, 0xFB00, 0x5C01, 0x9C01, 0x7E02, 0xDE0A, 
    0xDE0A, 0xDE0A, 0xDE0A, 0xDE0A, 0xDE0A, 0xDE0A, 0xDE0A, 0xDE0A, 0xDE0A, 0xDE0A, 0xDE0A, 0xDE0A, 
    0xDE0A, 0xDE0A, 0xDE0A, 0xDE0A, 0xDE0A, 0xDE0A, 0xDE0A, 0xDE0A, 0xDE0A, 0xDE0A, 0xDE0A, 0xDE0A, 
    0xDE0A, 0xDE0A, 0xDE0A, 0xDE0A, 0xDE0A, 0xDE0A, 0xDE0A, 0xDE0A, 0xDE0A, 0xDE0A, 0xDE0A, 0xDE0A, 
    0xDE0A, 0xDE0A, 0xDE0A, 0xDE0A, 0xDE0A, 0xDE0A, 0xDE0A, 0xDE0A, 0xDE0A, 0xDE0A, 0xDE0A, 0xDE0A, 
    0xDE0A, 0xDE0A, 0xDE0A, 0xDE0A, 0xDE0A, 0xDE0A, 0xDE0A, 0xDE0A, 0xDE0A, 0xDE0A, 0xDE0A, 0xDE0A, 
    0xDE0A, 0xDE0A, 0xDE0A, 0xDE0A, 0xDE0A, 0xDE0A, 0xDE0A, 0xDE0A, 0xDE0A, 0xDE0A, 0xDE0A, 0xDE0A, 
    0xDE0A, 0xDE0A, 0xDE0A, 0xDE0A, 0xDE0A, 0xDE0A, 0xDE0A, 0xDE0A, 0xDE0A, 0xDE0A, 0xDE0A, 0xDE0A, 
    0x9E02, 0xDD01, 0xDD01, 0xDD01, 0xDD01, 0x3C4B, 0xBE02, 0xDE02, 0xDE02, 0xDE02, 0xDE02, 0xBE02, 
    0x3E5C, 0xDFFF, 0xFFFF, 0xFFFF, 0xFFFF, 0xFFFF, 0xFFFF, 0xFFFF, 0xFFFF, 0xFFFF, 0xFFFF, 0xFFFF, 
    0xFFFF, 0xFFFF, 0xFFFF, 0xFFFF, 0xFFFF, 0xFFFF, 0xFFFF, 0xFFFF, 0xFFFF, 0xFFFF, 0xFFFF, 0xFFFF, 
    0xFFFF, 0xFFFF, 0xFFFF, 0xFFFF, 0xFFFF, 0xFFFF, 0xFFFF, 0xFFFF, 0xFFFF, 0xFFFF, 0xFFFF, 0xFFFF, 
    0xFFFF, 0xFFFF, 0xFFFF, 0xFFFF, 0xFFFF, 0xFFFF, 0xFFFF, 0xFFFF, 0xFFFF, 0x7BA5, 0xF800, 0xB700, 
    0x9600, 0x5500, 0x3400, 0x1200, 0x1300, 0x5801, 0x9A00, 0xFB00, 0x5C01, 0x9C01, 0xDE02, 0xDE0A, 
    0xDE0A, 0xDE0A, 0xDE0A, 0xDE0A, 0xDE0A, 0xDE0A, 0xDE0A, 0xDE0A, 0xDE0A, 0xDE0A, 0xDE0A, 0xDE0A, 
    0xDE0A, 0xDE0A, 0xDE0A, 0xDE0A, 0xDE0A, 0xDE0A, 0xDE0A, 0xDE0A, 0xDE0A, 0xDE0A, 0xDE0A, 0xDE0A, 
    0xDE0A, 0xDE0A, 0xDE0A, 0xDE0A, 0xDE0A, 0xDE0A, 0xDE0A, 0xDE0A, 0xDE0A, 0xDE0A, 0xDE0A, 0xDE0A, 
    0xDE0A, 0xDE0A, 0xDE0A, 0xDE0A, 0xDE0A, 0xDE0A, 0xDE0A, 0xDE0A, 0xDE0A, 0xDE0A, 0xDE0A, 0xDE0A, 
    0xDE0A, 0xDE0A, 0xDE0A, 0xDE0A, 0xDE0A, 0xDE0A, 0xDE0A, 0xDE0A, 0xDE0A, 0xDE0A, 0xDE0A, 0xDE0A, 
    0xDE0A, 0xDE0A, 0xDE0A, 0xDE02, 0xDE0A, 0xDE0A, 0xDE0A, 0xDE0A, 0xDE0A, 0xDE0A, 0xDE0A, 0xDE0A, 
    0xDE0A, 0xDE0A, 0xDE0A, 0xDE0A, 0xDE0A, 0xDE0A, 0xDE0A, 0xDE0A, 0xDE0A, 0xDE0A, 0xDE0A, 0xDE0A, 
    0xDE0A, 0xFD01, 0xDD01, 0xDD01, 0xDD01, 0x5B01, 0x5700, 0x7800, 0x9800, 0xD900, 0xF900, 0x3901, 
    0x5901, 0xBDD6, 0xFFFF, 0xFFFF, 0xFFFF, 0xFFFF, 0xFFFF, 0xFFFF, 0xFFFF, 0xFFFF, 0xFFFF, 0xFFFF, 
    0xFFFF, 0xFFFF, 0xFFFF, 0xFFFF, 0xFFFF, 0xFFFF, 0xFFFF, 0xFFFF, 0xFFFF, 0xFFFF, 0xFFFF, 0xFFFF, 
    0xFFFF, 0xFFFF, 0xFFFF, 0xFFFF, 0xFFFF, 0xFFFF, 0xFFFF, 0xFFFF, 0xFFFF, 0xFFFF, 0xFFFF, 0xFFFF, 
    0xFFFF, 0xFFFF, 0xFFFF, 0xFFFF, 0xFFFF, 0xFFFF, 0xFFFF, 0xFFFF, 0xFFFF, 0xB152, 0x0A00, 0x0A00, 
    0x0A00, 0x0A00, 0x0A00, 0x0A00, 0x1000, 0x3800, 0x9A00, 0x1B01, 0x5C01, 0x1D02, 0xDE0A, 0xDE0A, 
    0xDE0A, 0xDE0A, 0xDE0A, 0xDE0A, 0xDE0A, 0xDE0A, 0xDE0A, 0xDE0A, 0xDE0A, 0xDE0A, 0xDE0A, 0xDE0A, 
    0xDE0A, 0xDE0A, 0xDE0A, 0xDE0A, 0xDE0A, 0xDE0A, 0xDE0A, 0xDE0A, 0xDE0A, 0xDE0A, 0xDE0A, 0xDE0A, 
    0xDE0A, 0xDE0A, 0xDE0A, 0xDE0A, 0xDE0A, 0xDE0A, 0xDE0A, 0xDE0A, 0xDE0A, 0xDE0A, 0xDE0A, 0xDE0A, 
    0xDE0A, 0xDE0A, 0xDE0A, 0xDE0A, 0xDE0A, 0xDE0A, 0xDE0A, 0xDE0A, 0xDE0A, 0xDE0A, 0xDE0A, 0xDE0A, 
    0xDE0A, 0xDE0A, 0xDE0A, 0xDE0A, 0xDE0A, 0xDE0A, 0xDE0A, 0xDE0A, 0xDE0A, 0xDE0A, 0xDE0A, 0xDE0A, 
    0xDE0A, 0xDE0A, 0xDE0A, 0xDE0A, 0xDE0A, 0xDE0A, 0xDE0A, 0xDE0A, 0xDE0A, 0xDE0A, 0xDE0A, 0xDE0A, 
    0xDE0A, 0xDE0A, 0xDE0A, 0xDE0A, 0xDE0A, 0xDE0A, 0xDE0A, 0xDE0A, 0xDE0A, 0xDE0A, 0xDE0A, 0xDE0A, 
    0xDE0A, 0x7E02, 0xDD01, 0xDD01, 0xDD01, 0xDD01, 0x1600, 0x1200, 0x1200, 0x1000, 0x1000, 0x0E00, 
    0x0C00, 0x18A5, 0xFFFF, 0xFFFF, 0xFFFF, 0xFFFF, 0xFFFF, 0xFFFF, 0xFFFF, 0xFFFF, 0xFFFF, 0xFFFF, 
    0xFFFF, 0xFFFF, 0xFFFF, 0xFFFF, 0xFFFF, 0xFFFF, 0xFFFF, 0xFFFF, 0xFFFF, 0xFFFF, 0xFFFF, 0xFFFF, 
    0xFFFF, 0xFFFF, 0xFFFF, 0xFFFF, 0xFFFF, 0xFFFF, 0xFFFF, 0xFFFF, 0xFFFF, 0xFFFF, 0xFFFF, 0xFFFF, 
    0xFFFF, 0xFFFF, 0xFFFF, 0xFFFF, 0xFFFF, 0xFFFF, 0xFFFF, 0xFFFF, 0xDFFF, 0x0C00, 0x0A00, 0x0A00, 
    0x0A00, 0x0A00, 0x0A00, 0x0A00, 0x1000, 0x1700, 0x9A00, 0x1B01, 0x5C01, 0x9E02, 0xDE0A, 0xDE0A, 
    0xDE0A, 0xDE0A, 0xDE0A, 0xDE0A, 0xDE0A, 0xDE0A, 0xDE0A, 0xDE0A, 0xDE0A, 0xDE0A, 0xDE0A, 0xDE0A, 
    0xDE0A, 0xDE0A, 0xDE0A, 0xDE0A, 0xDE0A, 0xDE0A, 0xDE0A, 0xDE0A, 0xDE0A, 0xDE0A, 0xDE0A, 0xDE0A, 
    0xDE0A, 0xDE0A, 0xDE0A, 0xDE0A, 0xDE0A, 0xDE0A, 0xDE0A, 0xDE0A, 0xDE0A, 0xDE0A, 0xDE0A, 0xDE0A, 
    0xDE0A, 0xDE0A, 0xDE0A, 0xDE0A, 0xDE0A, 0xDE0A, 0xDE0A, 0xDE0A, 0xDE0A, 0xDE0A, 0xDE0A, 0xDE0A, 
    0xDE0A, 0xDE0A, 0xDE0A, 0xDE0A, 0xDE0A, 0xDE0A, 0xDE0A, 0xDE0A, 0xDE0A, 0xDE0A, 0xDE0A, 0xDE0A, 
    0xDE0A, 0xDE0A, 0xDE0A, 0xDE0A, 0xDE0A, 0xDE0A, 0xDE0A, 0xDE0A, 0xDE0A, 0xDE0A, 0xDE0A, 0xDE0A, 
    0xDE0A, 0xDE0A, 0xDE0A, 0xDE0A, 0xDE0A, 0xDE0A, 0xDE0A, 0xDE0A, 0xDE0A, 0xDE0A, 0xDE0A, 0xDE0A, 
    0xDE0A, 0xDE02, 0xFD01, 0xDD01, 0xDD01, 0xDD01, 0xFB00, 0x1100, 0x1000, 0x1000, 0x0E00, 0x0C00, 
    0x0B00, 0xF252, 0xFFFF, 0xFFFF, 0xFFFF, 0xFFFF, 0xFFFF, 0xFFFF, 0xFFFF, 0xFFFF, 0xFFFF, 0xFFFF, 
    0xFFFF, 0xFFFF, 0xFFFF, 0xFFFF, 0xFFFF, 0xFFFF, 0xFFFF, 0xFFFF, 0xFFFF, 0xFFFF, 0xFFFF, 0xFFFF, 
    0xFFFF, 0xFFFF, 0xFFFF, 0xFFFF, 0xFFFF, 0xFFFF, 0xFFFF, 0xFFFF, 0xFFFF, 0xFFFF, 0xFFFF, 0xFFFF, 
    0xFFFF, 0xFFFF, 0xFFFF, 0xFFFF, 0xFFFF, 0xFFFF, 0xFFFF, 0xFFFF, 0x7EEF, 0x0A00, 0x0A00, 0x0A00, 
    0x0A00, 0x0A00, 0x0A00, 0x0B00, 0x1200, 0x1700, 0x7A00, 0xFB00, 0xDC01, 0xDE02, 0xDE0A, 0xDE0A, 
    0xDE0A, 0xDE0A, 0xDE0A, 0xDE0A, 0xDE0A, 0xDE0A, 0xDE0A, 0xDE0A, 0xDE0A, 0xDE0A, 0xDE0A, 0xDE0A, 
    0xDE0A, 0xDE0A, 0xDE0A, 0xDE0A, 0xDE0A, 0xDE0A, 0xDE0A, 0xDE0A, 0xDE0A, 0xDE0A, 0xDE0A, 0xDE0A, 
    0xDE0A, 0xDE0A, 0xDE0A, 0xDE0A, 0xDE0A, 0xDE0A, 0xDE0A, 0xDE0A, 0xDE0A, 0xDE0A, 0xDE0A, 0xDE0A, 
    0xDE0A, 0xDE0A, 0xDE0A, 0xDE0A, 0xDE0A, 0xDE0A, 0xDE0A, 0xDE0A, 0xDE0A, 0xDE0A, 0xDE0A, 0xDE0A, 
    0xDE0A, 0xDE0A, 0xDE0A, 0xDE0A, 0xDE0A, 0xDE0A, 0xDE0A, 0xDE0A, 0xDE0A, 0xDE0A, 0xDE0A, 0xDE0A, 
    0xDE0A, 0xDE0A, 0xDE0A, 0xDE0A, 0xDE0A, 0xDE0A, 0xDE0A, 0xDE0A, 0xDE0A, 0xDE0A, 0xDE0A, 0xDE0A, 
    0xDE0A, 0xDE0A, 0xDE0A, 0xDE0A, 0xDE0A, 0xDE0A, 0xDE0A, 0xDE0A, 0xDE0A, 0xDE0A, 0xDE0A, 0xDE0A, 
    0xDE0A, 0xDE0A, 0x5D02, 0xDD01, 0xDD01, 0xDD01, 0xDC01, 0x1400, 0x1000, 0x0E00, 0x0C00, 0x0B00, 
    0x0C00, 0x6F00, 0xDFFF, 0xFFFF, 0xFFFF, 0xFFFF, 0xFFFF, 0xFFFF, 0xFFFF, 0xFFFF, 0xFFFF, 0xFFFF, 
    0xFFFF, 0xFFFF, 0xFFFF, 0xFFFF, 0xFFFF, 0xFFFF, 0xFFFF, 0xFFFF, 0xFFFF, 0xFFFF, 0xFFFF, 0xFFFF, 
    0xFFFF, 0xFFFF, 0xFFFF, 0xFFFF, 0xFFFF, 0xFFFF, 0xFFFF, 0xFFFF, 0xFFFF, 0xFFFF, 0xFFFF, 0xFFFF, 
    0xFFFF, 0xFFFF, 0xFFFF, 0xFFFF, 0xFFFF, 0xFFFF, 0xFFFF, 0xFFFF, 0x1DE7, 0x1584, 0xD473, 0x4E19, 
    0xEE08, 0xAE00, 0x4E00, 0x0F00, 0x1400, 0x3800, 0x9A00, 0xFC00, 0x7E02, 0xDE0A, 0xDE0A, 0xDE0A, 
    0xDE0A, 0xDE0A, 0xDE0A, 0xDE0A, 0xDE0A, 0xDE0A, 0xDE0A, 0xDE0A, 0xDE0A, 0xDE0A, 0xDE0A, 0xDE0A, 
    0xDE0A, 0xDE0A, 0xDE0A, 0xDE0A, 0xDE0A, 0xDE0A, 0xDE0A, 0xDE0A, 0xDE0A, 0xDE0A, 0xDE0A, 0xDE0A, 
    0xDE0A, 0xDE0A, 0xDE0A, 0xDE0A, 0xDE0A, 0xDE0A, 0xDE0A, 0xDE0A, 0xDE0A, 0xDE0A, 0xDE0A, 0xDE0A, 
    0xDE0A, 0xDE0A, 0xDE0A, 0xDE0A, 0xDE0A, 0xDE0A, 0xDE0A, 0xDE0A, 0xDE0A, 0xDE0A, 0xDE0A, 0xDE0A, 
    0xDE0A, 0xDE0A, 0xDE0A, 0xDE0A, 0xDE0A, 0xDE0A, 0xDE0A, 0xDE0A, 0xDE0A, 0xDE0A, 0xDE0A, 0xDE0A, 
    0xDE0A, 0xDE0A, 0xDE0A, 0xDE0A, 0xDE0A, 0xDE0A, 0xDE0A, 0xDE0A, 0xDE0A, 0xDE0A, 0xDE0A, 0xDE0A, 
    0xDE0A, 0xDE0A, 0xDE0A, 0xDE0A, 0xDE0A, 0xDE0A, 0xDE0A, 0xDE0A, 0xDE0A, 0xDE0A, 0xDE0A, 0xFE0A, 
    0xFE0A, 0xFE0A, 0xBE02, 0xFD01, 0xDD01, 0xDD01, 0xDD01, 0xFA00, 0x5000, 0x6F00, 0xAF00, 0x0F11, 
    0xF352, 0x167C, 0xDFFF, 0xFFFF, 0xFFFF, 0xFFFF, 0xFFFF, 0xFFFF, 0xFFFF, 0xFFFF, 0xFFFF, 0xFFFF, 
    0xFFFF, 0xFFFF, 0xFFFF, 0xFFFF, 0xFFFF, 0xFFFF, 0xFFFF, 0xFFFF, 0xFFFF, 0xFFFF, 0xFFFF, 0xFFFF, 
    0xFFFF, 0xFFFF, 0xFFFF, 0xFFFF, 0xFFFF, 0xFFFF, 0xFFFF, 0xFFFF, 0xFFFF, 0xFFFF, 0xFFFF, 0xFFFF, 
    0xFFFF, 0xFFFF, 0xFFFF, 0xFFFF, 0xFFFF, 0xFFFF, 0xFFFF, 0xFFFF, 0xFFFF, 0xFFFF, 0xFFFF, 0xFFFF, 
    0xFFFF, 0xFFFF, 0xDFFF, 0xB519, 0x1700, 0x7900, 0xFB00, 0x5C01, 0xDE0A, 0xDE0A, 0xDE0A, 0xDE0A, 
    0xDE0A, 0xDE0A, 0xDE0A, 0xDE0A, 0xDE0A, 0xDE0A, 0xDE0A, 0xDE0A, 0xDE0A, 0xDE0A, 0xDE0A, 0xDE0A, 
    0xDE0A, 0xDE0A, 0xDE0A, 0xDE0A, 0xDE0A, 0xDE0A, 0xDE0A, 0xDE0A, 0xDE0A, 0xDE0A, 0xDE0A, 0xDE0A, 
    0xDE0A, 0xDE0A, 0xDE02, 0xDE0A, 0xDE0A, 0xDE0A, 0xDE0A, 0xDE0A, 0xDE0A, 0xDE0A, 0xDE0A, 0xDE0A, 
    0xDE0A, 0xDE0A, 0xDE0A, 0xDE0A, 0xDE0A, 0xDE0A, 0xDE0A, 0xDE0A, 0xDE0A, 0xDE0A, 0xDE0A, 0xDE0A, 
    0xDE0A, 0xDE0A, 0xDE0A, 0xDE0A, 0xDE0A, 0xDE0A, 0xDE0A, 0xDE0A, 0xDE0A, 0xDE0A, 0xDE0A, 0xDE0A, 
    0xDE0A, 0xDE0A, 0xDE02, 0xDE0A, 0xDE0A, 0xDE0A, 0xDE0A, 0xDE0A, 0xDE0A, 0xDE0A, 0xDE0A, 0xDE0A, 
    0xDE0A, 0xDE0A, 0xDE0A, 0xDE0A, 0xDE0A, 0xFE0A, 0xFE0A, 0xFE0A, 0xFE0A, 0xFE0A, 0xFE0A, 0xFE0A, 
    0xFE0A, 0xFE0A, 0xFE0A, 0x3D02, 0xFD01, 0xDD01, 0xDD01, 0xFC01, 0x9FF7, 0xFFFF, 0xFFFF, 0xFFFF, 
    0xFFFF, 0xFFFF, 0xFFFF, 0xFFFF, 0xFFFF, 0xFFFF, 0xFFFF, 0xFFFF, 0xFFFF, 0xFFFF, 0xFFFF, 0xFFFF, 
    0xFFFF, 0xFFFF, 0xFFFF, 0xFFFF, 0xFFFF, 0xFFFF, 0xFFFF, 0xFFFF, 0xFFFF, 0xFFFF, 0xFFFF, 0xFFFF, 
    0xFFFF, 0xFFFF, 0xFFFF, 0xFFFF, 0xFFFF, 0xFFFF, 0xFFFF, 0xFFFF, 0xFFFF, 0xFFFF, 0xFFFF, 0xFFFF, 
    0xFFFF, 0xFFFF, 0xFFFF, 0xFFFF, 0xFFFF, 0xFFFF, 0xFFFF, 0xFFFF, 0xFFFF, 0xFFFF, 0xFFFF, 0xFFFF, 
    0xFFFF, 0xFFFF, 0x9CCE, 0x1500, 0x5900, 0xDB00, 0x3C01, 0x3D02, 0xFE0A, 0xFE0A, 0xFE0A, 0xFE0A, 
    0xDE0A, 0xDE0A, 0xDE0A, 0xDE0A, 0xDE0A, 0xDE0A, 0xDE0A, 0xDE0A, 0xDE0A, 0xDE0A, 0xDE0A, 0xDE0A, 
    0xDE0A, 0xDE0A, 0xDE0A, 0xDE0A, 0xDE0A, 0xDE0A, 0xDE0A, 0xDE0A, 0xDE0A, 0xDE0A, 0xDE0A, 0xDE0A, 
    0xDE0A, 0xDE0A, 0xDE0A, 0xDE0A, 0xDE0A, 0xDE0A, 0xDE0A, 0xDE0A, 0xDE0A, 0xDE0A, 0xDE0A, 0xDE0A, 
    0xDE0A, 0xDE0A, 0xDE0A, 0xDE0A, 0xDE0A, 0xDE0A, 0xDE0A, 0xDE0A, 0xDE0A, 0xDE0A, 0xDE0A, 0xDE0A, 
    0xDE0A, 0xDE0A, 0xDE0A, 0xDE0A, 0xDE0A, 0xDE0A, 0xDE0A, 0xDE0A, 0xDE0A, 0xDE0A, 0xDE0A, 0xDE0A, 
    0xDE0A, 0xDE0A, 0xDE0A, 0xDE0A, 0xDE0A, 0xDE0A, 0xDE0A, 0xDE0A, 0xDE0A, 0xDE0A, 0xDE0A, 0xDE0A, 
    0xDE0A, 0xDE0A, 0xDE0A, 0xFE0A, 0xFE0A, 0xFE0A, 0xFE0A, 0xFE0A, 0xFE0A, 0xFE0A, 0xFE0A, 0xFE0A, 
    0xFE0A, 0xFE0A, 0xFE0A, 0x9E02, 0xFD01, 0xFD01, 0xDD01, 0xDD01, 0xDEB5, 0xFFFF, 0xFFFF, 0xFFFF, 
    0xFFFF, 0xFFFF, 0xFFFF, 0xFFFF, 0xFFFF, 0xFFFF, 0xFFFF, 0xFFFF, 0xFFFF, 0xFFFF, 0xFFFF, 0xFFFF, 
    0xFFFF, 0xFFFF, 0xFFFF, 0xFFFF, 0xFFFF, 0xFFFF, 0xFFFF, 0xFFFF, 0xFFFF, 0xFFFF, 0xFFFF, 0xFFFF, 
    0xFFFF, 0xFFFF, 0xFFFF, 0xFFFF, 0xFFFF, 0xFFFF, 0xFFFF, 0xFFFF, 0xFFFF, 0xFFFF, 0xFFFF, 0xFFFF, 
    0xFFFF, 0xFFFF, 0xFFFF, 0xFFFF, 0xFFFF, 0xFFFF, 0xFFFF, 0xFFFF, 0xFFFF, 0xFFFF, 0xFFFF, 0xFFFF, 
    0xFFFF, 0xDFFF, 0xD74A, 0x3800, 0x9A00, 0xFC00, 0x7C01, 0xDE02, 0xFE0A, 0xFE0A, 0xFE0A, 0xFE0A, 
    0xFE0A, 0xFE0A, 0xFE0A, 0xFE0A, 0xDE0A, 0xDE0A, 0xDE0A, 0xDE0A, 0xDE0A, 0xDE0A, 0xDE0A, 0xDE0A, 
    0xDE0A, 0xDE0A, 0xDE0A, 0xDE0A, 0xDE0A, 0xDE0A, 0xDE0A, 0xDE0A, 0xDE0A, 0xDE0A, 0xDE0A, 0xDE0A, 
    0xDE0A, 0xDE0A, 0xDE0A, 0xDE0A, 0xDE0A, 0xDE0A, 0xDE0A, 0xDE0A, 0xDE0A, 0xDE0A, 0xDE0A, 0xDE0A, 
    0xDE0A, 0xDE0A, 0xDE0A, 0xDE0A, 0xDE0A, 0xDE0A, 0xDE0A, 0xDE0A, 0xDE0A, 0xDE0A, 0xDE0A, 0xDE0A, 
    0xDE0A, 0xDE0A, 0xDE0A, 0xDE0A, 0xDE0A, 0xDE0A, 0xDE0A, 0xDE0A, 0xDE0A, 0xDE0A, 0xDE0A, 0xDE0A, 
    0xDE0A, 0xDE0A, 0xDE0A, 0xDE0A, 0xDE0A, 0xDE0A, 0xDE0A, 0xDE0A, 0xDE0A, 0xDE0A, 0xFE0A, 0xFE0A, 
    0xFE0A, 0xFE0A, 0xFE0A, 0xFE0A, 0xFE0A, 0xFE0A, 0xFE0A, 0xFE0A, 0xFE0A, 0xFE0A, 0xFE0A, 0xFE0A, 
    0xFE0A, 0xFE0A, 0xFE0A, 0xDE0A, 0x1D02, 0xFD01, 0xFD01, 0xDD01, 0x7C02, 0xDFFF, 0xFFFF, 0xFFFF, 
    0xFFFF, 0xFFFF, 0xFFFF, 0xFFFF, 0xFFFF, 0xFFFF, 0xFFFF, 0xFFFF, 0xFFFF, 0xFFFF, 0xFFFF, 0xFFFF, 
    0xFFFF, 0xFFFF, 0xFFFF, 0xFFFF, 0xFFFF, 0xFFFF, 0xFFFF, 0xFFFF, 0xFFFF, 0xFFFF, 0xFFFF, 0xFFFF, 
    0xFFFF, 0xFFFF, 0xFFFF, 0xFFFF, 0xFFFF, 0xFFFF, 0xFFFF, 0xFFFF, 0xFFFF, 0xFFFF, 0xFFFF, 0xFFFF, 
    0xFFFF, 0xFFFF, 0xFFFF, 0xFFFF, 0xFFFF, 0xFFFF, 0xFFFF, 0xFFFF, 0xFFFF, 0xFFFF, 0xFFFF, 0xFFFF, 
    0xFFFF, 0xDDDE, 0x1600, 0x7900, 0xFB00, 0x5C01, 0xFD01, 0xFE0A, 0xFE0A, 0xFE0A, 0xFE0A, 0xFE0A, 
    0xFE0A, 0xFE0A, 0xFE0A, 0xFE0A, 0xFE0A, 0xFE0A, 0xFE0A, 0xFE0A, 0xDE0A, 0xDE0A, 0xDE0A, 0xDE0A, 
    0xDE0A, 0xDE0A, 0xDE0A, 0xDE0A, 0xDE0A, 0xDE0A, 0xDE0A, 0xDE0A, 0xDE0A, 0xDE0A, 0xDE0A, 0xDE0A, 
    0xDE0A, 0xDE0A, 0xDE0A, 0xDE0A, 0xFE0A, 0xDE0A, 0xDE0A, 0xDE0A, 0xDE0A, 0xDE0A, 0xDE0A, 0xDE0A, 
    0xFE0A, 0xDE0A, 0xDE0A, 0xDE0A, 0xDE0A, 0xDE0A, 0xDE0A, 0xDE0A, 0xDE0A, 0xDE02, 0xDE0A, 0xDE0A, 
    0xDE0A, 0xDE0A, 0xDE0A, 0xDE0A, 0xDE0A, 0xDE0A, 0xDE0A, 0xDE0A, 0xFE0A, 0xDE0A, 0xDE0A, 0xFE0A, 
    0xFE0A, 0xFE0A, 0xFE0A, 0xFE0A, 0xFE0A, 0xFE0A, 0xFE0A, 0xFE0A, 0xFE0A, 0xFE0A, 0xFE0A, 0xFE0A, 
    0xFE0A, 0xFE0A, 0xFE0A, 0xFE0A, 0xFE0A, 0xFE0A, 0xFE0A, 0xFE0A, 0xFE0A, 0xFE0A, 0xFE0A, 0xFE0A, 
    0xFE0A, 0xFE0A, 0xFE0A, 0xFE0A, 0x7E02, 0xFD01, 0xFD01, 0xDD01, 0xDD01, 0x5EC6, 0xFFFF, 0xFFFF, 
    0xFFFF, 0xFFFF, 0xFFFF, 0xFFFF, 0xFFFF, 0xFFFF, 0xFFFF, 0xFFFF, 0xFFFF, 0xFFFF, 0xFFFF, 0xFFFF, 
    0xFFFF, 0xFFFF, 0xFFFF, 0xFFFF, 0xFFFF, 0xFFFF, 0xFFFF, 0xFFFF, 0xFFFF, 0xFFFF, 0xFFFF, 0xFFFF, 
    0xFFFF, 0xFFFF, 0xFFFF, 0xFFFF, 0xFFFF, 0xFFFF, 0xFFFF, 0xFFFF, 0xFFFF, 0xFFFF, 0xFFFF, 0xFFFF, 
    0xFFFF, 0xFFFF, 0xFFFF, 0xFFFF, 0xFFFF, 0xFFFF, 0xFFFF, 0xFFFF, 0xFFFF, 0xFFFF, 0xFFFF, 0xFFFF, 
    0xDFFF, 0x384B, 0x3800, 0xBB00, 0x1B01, 0x5C01, 0x9E02, 0xFE0A, 0xFE0A, 0xFE0A, 0xFE0A, 0xFE0A, 
    0xFE0A, 0xFE0A, 0xFE0A, 0xFE0A, 0xFE0A, 0xFE0A, 0xFE0A, 0xFE0A, 0xFE0A, 0xFE0A, 0xFE0A, 0xFE0A, 
    0xFE0A, 0xFE0A, 0xFE0A, 0xFE0A, 0xDE0A, 0xDE0A, 0xDE0A, 0xDE0A, 0xDE0A, 0xDE0A, 0xDE0A, 0xDE0A, 
    0xDE0A, 0xFE0A, 0xFE0A, 0xFE0A, 0xFE0A, 0xFE0A, 0xFE0A, 0xFE0A, 0xFE0A, 0xFE0A, 0xFE0A, 0xFE0A, 
    0xFE0A, 0xFE0A, 0xFE0A, 0xFE0A, 0xFE0A, 0xFE0A, 0xFE0A, 0xFE0A, 0xFE0A, 0xDE0A, 0xDE0A, 0xDE0A, 
    0xDE0A, 0xDE0A, 0xDE0A, 0xDE0A, 0xDE0A, 0xFE0A, 0xFE0A, 0xFE0A, 0xFE0A, 0xFE0A, 0xFE0A, 0xFE0A, 
    0xFE0A, 0xFE0A, 0xFE0A, 0xFE0A, 0xFE0A, 0xFE0A, 0xFE0A, 0xFE0A, 0xFE0A, 0xFE0A, 0xFE0A, 0xFE0A, 
    0xFE0A, 0xFE0A, 0xFE0A, 0xFE0A, 0xFE0A, 0xFE0A, 0xFE0A, 0xFE0A, 0xFE0A, 0xFE0A, 0xFE0A, 0xFE0A, 
    0xFE0A, 0xFE0A, 0xFE0A, 0xFE0A, 0xDE0A, 0xFD01, 0xFD01, 0xFD01, 0xDD01, 0xFD22, 0xDFFF, 0xFFFF, 
    0xFFFF, 0xFFFF, 0xFFFF, 0xFFFF, 0xFFFF, 0xFFFF, 0xFFFF, 0xFFFF, 0xFFFF, 0xFFFF, 0xFFFF, 0xFFFF, 
    0xFFFF, 0xFFFF, 0xFFFF, 0xFFFF, 0xFFFF, 0xFFFF, 0xFFFF, 0xFFFF, 0xFFFF, 0xFFFF, 0xFFFF, 0xFFFF, 
    0xFFFF, 0xFFFF, 0xFFFF, 0xFFFF, 0xFFFF, 0xFFFF, 0xFFFF, 0xFFFF, 0xFFFF, 0xFFFF, 0xFFFF, 0xFFFF, 
    0xFFFF, 0xFFFF, 0xFFFF, 0xFFFF, 0xFFFF, 0xFFFF, 0xFFFF, 0xFFFF, 0xFFFF, 0xFFFF, 0xFFFF, 0xFFFF, 
    0x3EE7, 0x3700, 0x7A00, 0xFB00, 0x5C01, 0x5B01, 0x5C02, 0x5C02, 0x5C02, 0x5C02, 0x5C02, 0x5C02, 
    0x5C02, 0x5C02, 0x5C02, 0x5C02, 0x5C02, 0x5C02, 0x5C02, 0x5C02, 0x5C02, 0x5C02, 0x5C02, 0x5C02, 
    0x7C02, 0x5C02, 0x5C02, 0x5C02, 0x5C02, 0x7D02, 0x5C02, 0x5C02, 0x5C02, 0x5C02, 0x5C02, 0x5C02, 
    0x7D02, 0x7D02, 0x7D02, 0x7D02, 0x7D02, 0x7D02, 0x7D02, 0x7D02, 0x7D02, 0x7D02, 0x7D02, 0x7D02, 
    0x7D02, 0x7D02, 0x7D02, 0x7D02, 0x7D02, 0x7D02, 0x7D02, 0x7D02, 0x7D02, 0x7D02, 0x7D02, 0x7D02, 
    0x7D02, 0x7D02, 0x7D02, 0x7D02, 0x7D02, 0x7D02, 0x7D02, 0x7D02, 0x7D02, 0x7D02, 0x7D02, 0x7D02, 
    0x7D02, 0x7D02, 0x7D02, 0x7D02, 0x7D02, 0x7D02, 0x7D02, 0x7D02, 0x7D02, 0x7D02, 0x7D02, 0x7D02, 
    0x7D02, 0x7D02, 0x7D02, 0x7D02, 0x7D02, 0x7D02, 0x7D02, 0x7D02, 0x7D02, 0x7D02, 0x7D02, 0x7D02, 
    0x7D02, 0x7D02, 0x7D02, 0x7D02, 0x7D02, 0xFC01, 0xFD01, 0xFD01, 0xFD01, 0xDD01, 0x7ECE, 0xFFFF, 
    0xFFFF, 0xFFFF, 0xFFFF, 0xFFFF, 0xFFFF, 0xFFFF, 0xFFFF, 0xFFFF, 0xFFFF, 0xFFFF, 0xFFFF, 0xFFFF, 
    0xFFFF, 0xFFFF, 0xFFFF, 0xFFFF, 0xFFFF, 0xFFFF, 0xFFFF, 0xFFFF, 0xFFFF, 0xFFFF, 0xFFFF, 0xFFFF, 
    0xFFFF, 0xFFFF, 0xFFFF, 0xFFFF, 0xFFFF, 0xFFFF, 0xFFFF, 0xFFFF, 0xFFFF, 0xFFFF, 0xFFFF, 0xFFFF, 
    0xFFFF, 0xFFFF, 0xFFFF, 0xFFFF, 0xFFFF, 0xFFFF, 0xFFFF, 0xFFFF, 0xFFFF, 0xFFFF, 0xFFFF, 0xFFFF, 
    0x3974, 0x5900, 0xBB00, 0x7900, 0x1400, 0x0C00, 0x0B00, 0x0B00, 0x0B00, 0x0B00, 0x0B00, 0x0C00, 
    0x0B00, 0x0B00, 0x0A00, 0x0A00, 0x0B00, 0x0B00, 0x0B00, 0x0C00, 0x0E00, 0x0F00, 0x0F00, 0x0E00, 
    0x0D00, 0x0C00, 0x0C00, 0x0D00, 0x0E00, 0x0E00, 0x0C00, 0x0C00, 0x0C00, 0x0C00, 0x0C00, 0x0B00, 
    0x0C00, 0x0C00, 0x0C00, 0x0C00, 0x0D00, 0x0C00, 0x0C00, 0x0C00, 0x0C00, 0x0C00, 0x0C00, 0x0B00, 
    0x0B00, 0x0B00, 0x0B00, 0x0B00, 0x0C00, 0x0C00, 0x0E00, 0x0E00, 0x0E00, 0x0E00, 0x0F00, 0x0F00, 
    0x1000, 0x1000, 0x1000, 0x1000, 0x1000, 0x0F00, 0x0E00, 0x0D00, 0x0C00, 0x0C00, 0x0C00, 0x0C00, 
    0x0B00, 0x0B00, 0x0B00, 0x0B00, 0x0B00, 0x0B00, 0x0B00, 0x0B00, 0x0B00, 0x0B00, 0x0C00, 0x0C00, 
    0x0E00, 0x0E00, 0x0E00, 0x0B00, 0x0600, 0x0400, 0x0600, 0x0A00, 0x0C00, 0x0C00, 0x0B00, 0x0B00, 
    0x0B00, 0x0B00, 0x0C00, 0x0C00, 0x0B00, 0x0C00, 0x1300, 0x1A01, 0xDC01, 0xFD01, 0xFD2A, 0xDFFF, 
    0xFFFF, 0xFFFF, 0xFFFF, 0xFFFF, 0xFFFF, 0xFFFF, 0xFFFF, 0xFFFF, 0xFFFF, 0xFFFF, 0xFFFF, 0xFFFF, 
    0xFFFF, 0xFFFF, 0xFFFF, 0xFFFF, 0xFFFF, 0xFFFF, 0xFFFF, 0xFFFF, 0xFFFF, 0xFFFF, 0xFFFF, 0xFFFF, 
    0xFFFF, 0xFFFF, 0xFFFF, 0xFFFF, 0xFFFF, 0xFFFF, 0xFFFF, 0xFFFF, 0xFFFF, 0xFFFF, 0xFFFF, 0xFFFF, 
    0xFFFF, 0xFFFF, 0xFFFF, 0xFFFF, 0xFFFF, 0xFFFF, 0xFFFF, 0xFFFF, 0xFFFF, 0xFFFF, 0xFFFF, 0x5EE7, 
    0x3600, 0x1500, 0x0E00, 0x0B00, 0x0B00, 0x0B00, 0x0B00, 0x0A00, 0x0A00, 0x0B00, 0x0B00, 0x0B00, 
    0x0B00, 0x0A00, 0x0900, 0x0900, 0x0A00, 0x0A00, 0x0B00, 0x0C00, 0x0E00, 0x1000, 0x1000, 0x0E00, 
    0x0D00, 0x0C00, 0x0C00, 0x0D00, 0x0D00, 0x0D00, 0x0C00, 0x0C00, 0x0C00, 0x0C00, 0x0C00, 0x0C00, 
    0x0C00, 0x0C00, 0x0C00, 0x0C00, 0x0C00, 0x0C00, 0x0C00, 0x0C00, 0x0C00, 0x0C00, 0x0C00, 0x0B00, 
    0x0B00, 0x0B00, 0x0B00, 0x0C00, 0x0D00, 0x0E00, 0x0E00, 0x0E00, 0x0E00, 0x0E00, 0x0E00, 0x0F00, 
    0x0F00, 0x1000, 0x1000, 0x0F00, 0x0F00, 0x0E00, 0x0E00, 0x0E00, 0x0E00, 0x0D00, 0x0D00, 0x0C00, 
    0x0C00, 0x0C00, 0x0C00, 0x0B00, 0x0C00, 0x0C00, 0x0C00, 0x0C00, 0x0C00, 0x0B00, 0x0C00, 0x0C00, 
    0x0E00, 0x0E00, 0x0C00, 0x0900, 0x0400, 0x0300, 0x0700, 0x0A00, 0x0B00, 0x0B00, 0x0B00, 0x0B00, 
    0x0B00, 0x0B00, 0x0B00, 0x0B00, 0x0B00, 0x0B00, 0x0B00, 0x0B00, 0x1000, 0x9800, 0x9C01, 0xDED6, 
    0xFFFF, 0xFFFF, 0xFFFF, 0xFFFF, 0xFFFF, 0xFFFF, 0xFFFF, 0xFFFF, 0xFFFF, 0xFFFF, 0xFFFF, 0xFFFF, 
    0xFFFF, 0xFFFF, 0xFFFF, 0xFFFF, 0xFFFF, 0xFFFF, 0xFFFF, 0xFFFF, 0xFFFF, 0xFFFF, 0xFFFF, 0xFFFF, 
    0xFFFF, 0xFFFF, 0xFFFF, 0xFFFF, 0xFFFF, 0xFFFF, 0xFFFF, 0xFFFF, 0xFFFF, 0xFFFF, 0xFFFF, 0xFFFF, 
    0xFFFF, 0xFFFF, 0xFFFF, 0xFFFF, 0xFFFF, 0xFFFF, 0xFFFF, 0xFFFF, 0xFFFF, 0xFFFF, 0xFFFF, 0x7A8D, 
    0x1502, 0x1402, 0x1402, 0x1402, 0x1402, 0x1402, 0x1402, 0x1402, 0x1402, 0x1402, 0x1502, 0x1502, 
    0x1502, 0x1402, 0x1402, 0x1402, 0x1402, 0x1402, 0x1502, 0x1502, 0x1502, 0x1602, 0x1502, 0x1502, 
    0x1502, 0x1502, 0x1502, 0x1502, 0x1502, 0x1502, 0x1502, 0x1502, 0x1502, 0x1502, 0xF401, 0xF401, 
    0xF501, 0xF501, 0xF501, 0xF401, 0xF401, 0xF401, 0xF401, 0xF401, 0xF401, 0xF401, 0xF401, 0xF401, 
    0xF401, 0xF401, 0xF401, 0xF401, 0xF501, 0x1502, 0x1502, 0x1502, 0x1502, 0x1502, 0x1502, 0x1502, 
    0x1502, 0x1502, 0x1502, 0xF501, 0xF501, 0xF501, 0xF501, 0xF501, 0xF501, 0xF501, 0xF501, 0xF501, 
    0xF401, 0xF401, 0xF401, 0xF401, 0xF401, 0xF401, 0xF401, 0xF401, 0xF401, 0xF401, 0xF401, 0xF401, 
    0x1502, 0x1502, 0xF401, 0xF301, 0xF201, 0xF201, 0xF301, 0xF401, 0x1402, 0xF401, 0xF401, 0xF401, 
    0xF401, 0xF401, 0xF401, 0x1402, 0x1402, 0x1402, 0x1402, 0x1402, 0x1402, 0x1402, 0x1502, 0x3A4C, 
    0xFFFF, 0xFFFF, 0xFFFF, 0xFFFF, 0xFFFF, 0xFFFF, 0xFFFF, 0xFFFF, 0xFFFF, 0xFFFF, 0xFFFF, 0xFFFF, 
    0xFFFF, 0xFFFF, 0xFFFF, 0xFFFF, 0xFFFF, 0xFFFF, 0xFFFF, 0xFFFF, 0xFFFF, 0xFFFF, 0xFFFF, 0xFFFF, 
    0xFFFF, 0xFFFF, 0xFFFF, 0xFFFF, 0xFFFF, 0xFFFF, 0xFFFF, 0xFFFF, 0xFFFF, 0xFFFF, 0xFFFF, 0xFFFF, 
    0xFFFF, 0xFFFF, 0xFFFF, 0xFFFF, 0xFFFF, 0xFFFF, 0xFFFF, 0xFFFF, 0xFFFF, 0xFFFF, 0x7DFF, 0x49C9, 
    0xE8C8, 0xE8C8, 0xE8C8, 0xE8C8, 0xE8C8, 0xE8C8, 0xE8C8, 0x109A, 0x3803, 0x3803, 0x3803, 0x5803, 
    0x3803, 0x3803, 0x3803, 0x3803, 0x3803, 0x3803, 0x5803, 0x3803, 0x3803, 0x3803, 0x3803, 0x5803, 
    0x5803, 0x5803, 0x5803, 0x5803, 0x5803, 0x5803, 0x5803, 0x5803, 0x5803, 0x5803, 0x5803, 0x5803, 
    0x5803, 0x5803, 0x5803, 0x5803, 0x5803, 0x5803, 0x5803, 0x5803, 0x5803, 0x5803, 0x5803, 0x5803, 
    0x5803, 0x5803, 0x5803, 0x5803, 0x5803, 0x5803, 0x5803, 0x5803, 0x5803, 0x5803, 0x5803, 0x5803, 
    0x5803, 0x5803, 0x5803, 0x5803, 0x5803, 0x5803, 0x5803, 0x5803, 0x5803, 0x7803, 0x7803, 0x7803, 
    0x7803, 0x7803, 0x7803, 0x7803, 0x7803, 0x7803, 0x7803, 0x7803, 0x7803, 0x7803, 0x7803, 0x7803, 
    0x7803, 0x9803, 0x7803, 0x9803, 0x7803, 0x7803, 0x9803, 0x9803, 0x9803, 0x9803, 0x9803, 0x9803, 
    0x9803, 0x9803, 0x9803, 0x5192, 0x09C9, 0x09C9, 0x09C9, 0x09C9, 0x09C9, 0x09C9, 0x09C9, 0x09C9, 
    0x3DF7, 0xFFFF, 0xFFFF, 0xFFFF, 0xFFFF, 0xFFFF, 0xFFFF, 0xFFFF, 0xFFFF, 0xFFFF, 0xFFFF, 0xFFFF, 
    0xFFFF, 0xFFFF, 0xFFFF, 0xFFFF, 0xFFFF, 0xFFFF, 0xFFFF, 0xFFFF, 0xFFFF, 0xFFFF, 0xFFFF, 0xFFFF, 
    0xFFFF, 0xFFFF, 0xFFFF, 0xFFFF, 0xFFFF, 0xFFFF, 0xFFFF, 0xFFFF, 0xFFFF, 0xFFFF, 0xFFFF, 0xFFFF, 
    0xFFFF, 0xFFFF, 0xFFFF, 0xFFFF, 0xFFFF, 0xFFFF, 0xFFFF, 0xFFFF, 0xFFFF, 0xFFFF, 0x17F6, 0x00E0, 
    0x00E0, 0x00E0, 0x00E0, 0x00E0, 0x00E0, 0x00E0, 0x00E0, 0x727A, 0x3803, 0x3803, 0x3803, 0x3803, 
    0x3803, 0x3803, 0x3803, 0x3803, 0x5803, 0x3803, 0x5803, 0x3803, 0x5803, 0x5803, 0x5803, 0x5803, 
    0x5803, 0x5803, 0x5803, 0x5803, 0x5803, 0x5803, 0x5803, 0x5803, 0x5803, 0x5803, 0x5803, 0x5803, 
    0x5803, 0x5803, 0x5803, 0x5803, 0x5803, 0x5803, 0x5803, 0x5803, 0x5803, 0x5803, 0x5803, 0x5803, 
    0x5803, 0x5803, 0x5803, 0x5803, 0x5803, 0x5803, 0x5803, 0x5803, 0x5803, 0x5803, 0x5803, 0x5803, 
    0x5803, 0x5803, 0x5803, 0x5803, 0x5803, 0x5803, 0x5803, 0x7803, 0x7803, 0x5803, 0x5803, 0x5803, 
    0x7803, 0x7803, 0x7803, 0x7803, 0x7803, 0x7803, 0x7803, 0x7803, 0x7803, 0x7803, 0x7803, 0x9803, 
    0x7803, 0x7803, 0x7803, 0x7803, 0x7803, 0x7803, 0x9803, 0x9803, 0x9803, 0x9803, 0x9803, 0x9803, 
    0x9803, 0x9803, 0x9803, 0x9372, 0x00E0, 0x00E0, 0x00E0, 0x00E0, 0x00E0, 0x00E0, 0x00E0, 0x00E0, 
    0x94DC, 0xFFFF, 0xFFFF, 0xFFFF, 0xFFFF, 0xFFFF, 0xFFFF, 0xFFFF, 0xFFFF, 0xFFFF, 0xFFFF, 0xFFFF, 
    0xFFFF, 0xFFFF, 0xFFFF, 0xFFFF, 0xFFFF, 0xFFFF, 0xFFFF, 0xFFFF, 0xFFFF, 0xFFFF, 0xFFFF, 0xFFFF, 
    0xFFFF, 0xFFFF, 0xFFFF, 0xFFFF, 0xFFFF, 0xFFFF, 0xFFFF, 0xFFFF, 0xFFFF, 0xFFFF, 0xFFFF, 0xFFFF, 
    0xFFFF, 0xFFFF, 0xFFFF, 0xFFFF, 0xFFFF, 0xFFFF, 0xFFFF, 0xFFFF, 0xFFFF, 0xDFFF, 0x24E1, 0x00E0, 
    0x00E0, 0x00E0, 0x00E0, 0x00E0, 0x00E0, 0x00E0, 0x00E0, 0x3703, 0x3803, 0x3803, 0x3803, 0x3803, 
    0x3803, 0x3803, 0x5803, 0x5803, 0x5803, 0x5803, 0x5803, 0x5803, 0x5803, 0x5803, 0x5803, 0x5803, 
    0x5803, 0x5803, 0x5803, 0x5803, 0x5803, 0x5803, 0x5803, 0x5803, 0x5803, 0x5803, 0x5803, 0x5803, 
    0x5803, 0x5803, 0x5803, 0x5803, 0x5803, 0x5803, 0x5803, 0x5803, 0x5803, 0x5803, 0x5803, 0x5803, 
    0x5803, 0x5803, 0x5803, 0x5803, 0x5803, 0x5803, 0x5803, 0x5803, 0x5803, 0x5803, 0x5803, 0x5803, 
    0x5803, 0x5803, 0x5803, 0x5803, 0x5803, 0x5803, 0x5803, 0x7803, 0x7803, 0x5803, 0x5803, 0x7803, 
    0x7803, 0x7803, 0x7803, 0x7803, 0x7803, 0x7803, 0x7803, 0x7803, 0x7803, 0x7803, 0x7803, 0x7803, 
    0x7803, 0x7803, 0x7803, 0x7803, 0x9803, 0x9803, 0x9803, 0x9803, 0x9803, 0x9803, 0x9803, 0x9803, 
    0x9803, 0x9803, 0x9803, 0x5803, 0x00E0, 0x00E0, 0x00E0, 0x00E0, 0x00E0, 0x00E0, 0x00E0, 0x00E0, 
    0x23D8, 0x9EF7, 0xFFFF, 0xFFFF, 0xFFFF, 0xFFFF, 0xFFFF, 0xFFFF, 0xFFFF, 0xFFFF, 0xFFFF, 0xFFFF, 
    0xFFFF, 0xFFFF, 0xFFFF, 0xFFFF, 0xFFFF, 0xFFFF, 0xFFFF, 0xFFFF, 0xFFFF, 0xFFFF, 0xFFFF, 0xFFFF, 
    0xFFFF, 0xFFFF, 0xFFFF, 0xFFFF, 0xFFFF, 0xFFFF, 0xFFFF, 0xFFFF, 0xFFFF, 0xFFFF, 0xFFFF, 0xFFFF, 
    0xFFFF, 0xFFFF, 0xFFFF, 0xFFFF, 0xFFFF, 0xFFFF, 0xFFFF, 0xFFFF, 0xFFFF, 0xBBE6, 0x00E0, 0x00E0, 
    0x00E0, 0x00E0, 0x00E0, 0x00E0, 0x00E0, 0x00E0, 0x4BC1, 0x5803, 0x3803, 0x3803, 0x3803, 0x3803, 
    0x3803, 0x5803, 0x5803, 0x5803, 0x5803, 0x5803, 0x5803, 0x5803, 0x5803, 0x5803, 0x5803, 0x5803, 
    0x5803, 0x5803, 0x5803, 0x5803, 0x5803, 0x5803, 0x5803, 0x5803, 0x5803, 0x5803, 0x5803, 0x5803, 
    0x5803, 0x5803, 0x5803, 0x5803, 0x5803, 0x5803, 0x5803, 0x5803, 0x5803, 0x5803, 0x5803, 0x5803, 
    0x5803, 0x5803, 0x5803, 0x5803, 0x5803, 0x5803, 0x5803, 0x5803, 0x5803, 0x5803, 0x5803, 0x5803, 
    0x5803, 0x5803, 0x5803, 0x5803, 0x5803, 0x5803, 0x7803, 0x5803, 0x7803, 0x5803, 0x7803, 0x7803, 
    0x7803, 0x7803, 0x7803, 0x7803, 0x7803, 0x7803, 0x7803, 0x7803, 0x7803, 0x7803, 0x9803, 0x7803, 
    0x7803, 0x7803, 0x7803, 0x7803, 0x9803, 0x9803, 0x9803, 0x9803, 0x9803, 0x9803, 0x9803, 0x9803, 
    0x9803, 0x9803, 0x9803, 0x9803, 0x8BB9, 0x00E0, 0x00E0, 0x00E0, 0x00E0, 0x00E0, 0x00E0, 0x00E0, 
    0x00E0, 0x99CD, 0xFFFF, 0xFFFF, 0xFFFF, 0xFFFF, 0xFFFF, 0xFFFF, 0xFFFF, 0xFFFF, 0xFFFF, 0xFFFF, 
    0xFFFF, 0xFFFF, 0xFFFF, 0xFFFF, 0xFFFF, 0xFFFF, 0xFFFF, 0xFFFF, 0xFFFF, 0xFFFF, 0xFFFF, 0xFFFF, 
    0xFFFF, 0xFFFF, 0xFFFF, 0xFFFF, 0xFFFF, 0xFFFF, 0xFFFF, 0xFFFF, 0xFFFF, 0xFFFF, 0xFFFF, 0xFFFF, 
    0xFFFF, 0xFFFF, 0xFFFF, 0xFFFF, 0xFFFF, 0xFFFF, 0xFFFF, 0xFFFF, 0xDFFF, 0x6ECA, 0x00E0, 0x00E0, 
    0x00E0, 0x00E0, 0x00E0, 0x00E0, 0x00E0, 0x00E0, 0x7472, 0x3803, 0x5803, 0x3803, 0x3803, 0x3803, 
    0x5803, 0x5803, 0x5803, 0x5803, 0x5803, 0x5803, 0x5803, 0x5803, 0x5803, 0x5803, 0x5803, 0x5803, 
    0x5803, 0x5803, 0x5803, 0x5803, 0x5803, 0x5803, 0x5803, 0x5803, 0x5803, 0x5803, 0x5803, 0x5803, 
    0x5803, 0x5803, 0x5803, 0x5803, 0x5803, 0x5803, 0x5803, 0x5803, 0x5803, 0x5803, 0x5803, 0x5803, 
    0x5803, 0x5803, 0x5803, 0x5803, 0x5803, 0x5803, 0x5803, 0x5803, 0x5803, 0x5803, 0x5803, 0x5803, 
    0x5803, 0x5803, 0x5803, 0x5803, 0x5803, 0x5803, 0x5803, 0x7803, 0x7803, 0x5803, 0x5803, 0x7803, 
    0x7803, 0x7803, 0x7803, 0x7803, 0x7803, 0x7803, 0x7803, 0x7803, 0x7803, 0x7803, 0x9803, 0x7803, 
    0x7803, 0x9803, 0x7803, 0x9803, 0x9803, 0x9803, 0x9803, 0x9803, 0x9803, 0x9803, 0x9803, 0x9803, 
    0x9803, 0x9803, 0x9903, 0x9903, 0xB472, 0x00E0, 0x00E0, 0x00E0, 0x00E0, 0x00E0, 0x00E0, 0x00E0, 
    0x00E0, 0x0CB1, 0xDFF7, 0xFFFF, 0xFFFF, 0xFFFF, 0xFFFF, 0xFFFF, 0xFFFF, 0xFFFF, 0xFFFF, 0xFFFF, 
    0xFFFF, 0xFFFF, 0xFFFF, 0xFFFF, 0xFFFF, 0xFFFF, 0xFFFF, 0xFFFF, 0xFFFF, 0xFFFF, 0xFFFF, 0xFFFF, 
    0xFFFF, 0xFFFF, 0xFFFF, 0xFFFF, 0xFFFF, 0xFFFF, 0xFFFF, 0xFFFF, 0xFFFF, 0xFFFF, 0xFFFF, 0xFFFF, 
    0xFFFF, 0xFFFF, 0xFFFF, 0xFFFF, 0xFFFF, 0xFFFF, 0xFFFF, 0xFFFF, 0x1DE7, 0x00D8, 0x00E0, 0x00E0, 
    0x00E0, 0x00E0, 0x00E0, 0x00E0, 0x00E0, 0x00D8, 0x3803, 0x3803, 0x5803, 0x3803, 0x3803, 0x5803, 
    0x5803, 0x5803, 0x5803, 0x5803, 0x5803, 0x5803, 0x5803, 0x5803, 0x5803, 0x5803, 0x5803, 0x5803, 
    0x5803, 0x5803, 0x5803, 0x5803, 0x5803, 0x5803, 0x5803, 0x5803, 0x5803, 0x5803, 0x5803, 0x5803, 
    0x5803, 0x5803, 0x5803, 0x5803, 0x5803, 0x5803, 0x5803, 0x5803, 0x5803, 0x5803, 0x5803, 0x5803, 
    0x5803, 0x5803, 0x5803, 0x5803, 0x5803, 0x5803, 0x5803, 0x5803, 0x5803, 0x5803, 0x5803, 0x5803, 
    0x5803, 0x5803, 0x5803, 0x5803, 0x5803, 0x5803, 0x7803, 0x5803, 0x5803, 0x7803, 0x7803, 0x7803, 
    0x7803, 0x7803, 0x7803, 0x7803, 0x7803, 0x7803, 0x7803, 0x7803, 0x9803, 0x7803, 0x7803, 0x7803, 
    0x7803, 0x7803, 0x7803, 0x9803, 0x9803, 0x9803, 0x9803, 0x9803, 0x9803, 0x9803, 0x9803, 0x9803, 
    0x9903, 0x9803, 0x9803, 0x9803, 0x7803, 0x00D8, 0x00E0, 0x00E0, 0x00E0, 0x00E0, 0x00E0, 0x00E0, 
    0x00E0, 0x00D8, 0x5CCE, 0xFFFF, 0xFFFF, 0xFFFF, 0xFFFF, 0xFFFF, 0xFFFF, 0xFFFF, 0xFFFF, 0xFFFF, 
    0xFFFF, 0xFFFF, 0xFFFF, 0xFFFF, 0xFFFF, 0xFFFF, 0xFFFF, 0xFFFF, 0xFFFF, 0xFFFF, 0xFFFF, 0xFFFF, 
    0xFFFF, 0xFFFF, 0xFFFF, 0xFFFF, 0xFFFF, 0xFFFF, 0xFFFF, 0xFFFF, 0xFFFF, 0xFFFF, 0xFFFF, 0xFFFF, 
    0xFFFF, 0xFFFF, 0xFFFF, 0xFFFF, 0xFFFF, 0xFFFF, 0xFFFF, 0xFFFF, 0x94A3, 0x00E0, 0x00E0, 0x00E0, 
    0x00E0, 0x00E0, 0x00E0, 0x00E0, 0x00E0, 0x6BB9, 0x5803, 0x5803, 0x5803, 0x5803, 0x5803, 0x5803, 
    0x5803, 0x5803, 0x5803, 0x5803, 0x5803, 0x5803, 0x5803, 0x5803, 0x5803, 0x5803, 0x5803, 0x5803, 
    0x5803, 0x5803, 0x5803, 0x5803, 0x5803, 0x5803, 0x5803, 0x5803, 0x5803, 0x5803, 0x5803, 0x5803, 
    0x5803, 0x5803, 0x5803, 0x5803, 0x5803, 0x5803, 0x5803, 0x5803, 0x5803, 0x5803, 0x5803, 0x5803, 
    0x5803, 0x5803, 0x5803, 0x5803, 0x5803, 0x5803, 0x5803, 0x5803, 0x5803, 0x5803, 0x5803, 0x5803, 
    0x5803, 0x5803, 0x5803, 0x5803, 0x5803, 0x5803, 0x7803, 0x5803, 0x7803, 0x7803, 0x7803, 0x7803, 
    0x7803, 0x7803, 0x7803, 0x7803, 0x7803, 0x7803, 0x7803, 0x7803, 0x7803, 0x7803, 0x7803, 0x7803, 
    0x7803, 0x7803, 0x9803, 0x9803, 0x9803, 0x9803, 0x9803, 0x9803, 0x9803, 0x9803, 0x9803, 0x9803, 
    0x9903, 0x9803, 0x9803, 0x9803, 0x9803, 0x8CB9, 0x00E0, 0x00E0, 0x00E0, 0x00E0, 0x00E0, 0x00E0, 
    0x00E0, 0x00E0, 0x7482, 0xDFFF, 0xFFFF, 0xFFFF, 0xFFFF, 0xFFFF, 0xFFFF, 0xFFFF, 0xFFFF, 0xFFFF, 
    0xFFFF, 0xFFFF, 0xFFFF, 0xFFFF, 0xFFFF, 0xFFFF, 0xFFFF, 0xFFFF, 0xFFFF, 0xFFFF, 0xFFFF, 0xFFFF, 
    0xFFFF, 0xFFFF, 0xFFFF, 0xFFFF, 0xFFFF, 0xFFFF, 0xFFFF, 0xFFFF, 0xFFFF, 0xFFFF, 0xFFFF, 0xFFFF, 
    0xFFFF, 0xFFFF, 0xFFFF, 0xFFFF, 0xFFFF, 0xFFFF, 0xFFFF, 0x7EEF, 0x07B0, 0x00E0, 0x00E0, 0x00E0, 
    0x00E0, 0x00E0, 0x00E0, 0x00E0, 0x00E0, 0x946A, 0x5803, 0x5803, 0x5803, 0x5803, 0x5803, 0x5803, 
    0x5803, 0x5803, 0x5803, 0x5803, 0x5803, 0x5803, 0x5803, 0x5803, 0x5803, 0x5803, 0x5803, 0x5803, 
    0x5803, 0x5803, 0x5803, 0x5803, 0x5803, 0x5803, 0x5803, 0x5803, 0x5803, 0x5803, 0x5803, 0x5803, 
    0x5803, 0x5803, 0x5803, 0x5803, 0x5803, 0x5803, 0x5803, 0x5803, 0x5803, 0x5803, 0x5803, 0x5803, 
    0x5803, 0x5803, 0x5803, 0x5803, 0x5803, 0x5803, 0x5803, 0x5803, 0x5803, 0x5803, 0x5803, 0x5803, 
    0x5803, 0x5803, 0x5803, 0x5803, 0x5803, 0x5803, 0x7803, 0x5803, 0x7803, 0x7803, 0x7803, 0x7803, 
    0x7803, 0x7803, 0x7803, 0x7803, 0x7803, 0x7803, 0x7803, 0x7803, 0x7803, 0x7803, 0x7803, 0x7803, 
    0x7803, 0x9803, 0x9803, 0x9803, 0x9803, 0x9803, 0x9803, 0x9803, 0x9803, 0x9803, 0x9803, 0x9903, 
    0x9803, 0x9803, 0x9803, 0x9803, 0x9803, 0xD562, 0x00E0, 0x00E0, 0x00E0, 0x00E0, 0x00E0, 0x00E0, 
    0x00E0, 0x00E0, 0x0BB0, 0xFDDE, 0xFFFF, 0xFFFF, 0xFFFF, 0xFFFF, 0xFFFF, 0xFFFF, 0xFFFF, 0xFFFF, 
    0xFFFF, 0xFFFF, 0xFFFF, 0xFFFF, 0xFFFF, 0xFFFF, 0xFFFF, 0xFFFF, 0xFFFF, 0xFFFF, 0xFFFF, 0xFFFF, 
    0xFFFF, 0xFFFF, 0xFFFF, 0xFFFF, 0xFFFF, 0xFFFF, 0xFFFF, 0xFFFF, 0xFFFF, 0xFFFF, 0xFFFF, 0xFFFF, 
    0xFFFF, 0xFFFF, 0xFFFF, 0xFFFF, 0xFFFF, 0xFFFF, 0xFFFF, 0xF89C, 0x00D8, 0x00E0, 0x00E0, 0x00E0, 
    0x00E0, 0x00E0, 0x00E0, 0x00E0, 0x00D8, 0x3803, 0x5803, 0x5803, 0x5803, 0x5803, 0x5803, 0x5803, 
    0x5803, 0x5803, 0x5803, 0x5803, 0x5803, 0x5803, 0x5803, 0x5803, 0x5803, 0x5803, 0x5803, 0x5803, 
    0x5803, 0x5803, 0x5803, 0x5803, 0x5803, 0x5803, 0x5803, 0x5803, 0x5803, 0x5803, 0x5803, 0x5803, 
    0x5803, 0x5803, 0x5803, 0x5803, 0x5803, 0x5803, 0x5803, 0x5803, 0x5803, 0x5803, 0x5803, 0x5803, 
    0x5803, 0x5803, 0x5803, 0x5803, 0x5803, 0x5803, 0x5803, 0x5803, 0x5803, 0x5803, 0x5803, 0x5803, 
    0x5803, 0x5803, 0x5803, 0x5803, 0x7803, 0x5803, 0x5803, 0x5803, 0x7803, 0x7803, 0x7803, 0x7803, 
    0x7803, 0x7803, 0x7803, 0x7803, 0x7803, 0x7803, 0x7803, 0x7803, 0x9803, 0x7803, 0x9803, 0x7803, 
    0x9803, 0x9803, 0x9803, 0x9803, 0x9803, 0x9803, 0x9803, 0x9803, 0x9803, 0x9803, 0x9803, 0x9903, 
    0x9803, 0x9803, 0x9803, 0x9803, 0x9803, 0x9803, 0x41D8, 0x00E0, 0x00E0, 0x00E0, 0x00E0, 0x00E0, 
    0x00E0, 0x00E0, 0x00D8, 0x986B, 0xFFFF, 0xFFFF, 0xFFFF, 0xFFFF, 0xFFFF, 0xFFFF, 0xFFFF, 0xFFFF, 
    0xFFFF, 0xFFFF, 0xFFFF, 0xFFFF, 0xFFFF, 0xFFFF, 0xFFFF, 0xFFFF, 0xFFFF, 0xFFFF, 0xFFFF, 0xFFFF, 
    0xFFFF, 0xFFFF, 0xFFFF, 0xFFFF, 0xFFFF, 0xFFFF, 0xFFFF, 0xFFFF, 0xFFFF, 0xFFFF, 0xFFFF, 0xFFFF, 
    0xFFFF, 0xFFFF, 0xFFFF, 0xFFFF, 0xFFFF, 0xFFFF, 0xBFF7, 0x0D60, 0x00E0, 0x00E0, 0x00E0, 0x00E0, 
    0x00E0, 0x00E0, 0x00E0, 0x00E0, 0x8CB1, 0x5803, 0x5803, 0x5803, 0x5803, 0x5803, 0x5803, 0x5803, 
    0x5803, 0x5803, 0x5803, 0x5803, 0x5803, 0x5803, 0x5803, 0x5803, 0x5803, 0x5803, 0x5803, 0x5803, 
    0x5803, 0x5803, 0x5803, 0x5803, 0x5803, 0x5803, 0x5803, 0x5803, 0x5803, 0x5803, 0x5803, 0x5803, 
    0x5803, 0x5803, 0x5803, 0x5803, 0x5803, 0x5803, 0x5803, 0x5803, 0x5803, 0x5803, 0x5803, 0x5803, 
    0x5803, 0x5803, 0x5803, 0x5803, 0x5803, 0x5803, 0x5803, 0x5803, 0x5803, 0x5803, 0x7803, 0x7803, 
    0x5803, 0x7803, 0x5803, 0x7803, 0x5803, 0x7803, 0x7803, 0x7803, 0x7803, 0x7803, 0x7803, 0x7803, 
    0x7803, 0x7803, 0x7803, 0x7803, 0x9803, 0x7803, 0x7803, 0x7803, 0x7803, 0x9803, 0x7803, 0x9803, 
    0x9803, 0x9803, 0x9803, 0x9803, 0x9803, 0x9803, 0x9803, 0x9803, 0x9803, 0x9803, 0x9803, 0x9803, 
    0x9803, 0x9803, 0x9803, 0x9803, 0x9803, 0x9803, 0xCDB1, 0x00E0, 0x00E0, 0x00E0, 0x00E0, 0x00E0, 
    0x00E0, 0x00E0, 0x00E0, 0x1158, 0x5EEF, 0xFFFF, 0xFFFF, 0xFFFF, 0xFFFF, 0xFFFF, 0xFFFF, 0xFFFF, 
    0xFFFF, 0xFFFF, 0xFFFF, 0xFFFF, 0xFFFF, 0xFFFF, 0xFFFF, 0xFFFF, 0xFFFF, 0xFFFF, 0xFFFF, 0xFFFF, 
    0xFFFF, 0xFFFF, 0xFFFF, 0xFFFF, 0xFFFF, 0xFFFF, 0xFFFF, 0xFFFF, 0xFFFF, 0xFFFF, 0xFFFF, 0xFFFF, 
    0xFFFF, 0xFFFF, 0xFFFF, 0xFFFF, 0xFFFF, 0xFFFF, 0xDAB5, 0x06B0, 0x00E0, 0x00E0, 0x00E0, 0x00E0, 
    0x00E0, 0x00E0, 0x00E0, 0x00E0, 0xB55A, 0x5803, 0x5803, 0x5803, 0x5803, 0x5803, 0x5803, 0x5803, 
    0x5803, 0x5803, 0x5803, 0x5803, 0x5803, 0x5803, 0x5803, 0x5803, 0x5803, 0x5803, 0x5803, 0x5803, 
    0x5803, 0x5803, 0x5803, 0x5803, 0x5803, 0x5803, 0x5803, 0x5803, 0x5803, 0x5803, 0x5803, 0x5803, 
    0x5803, 0x5803, 0x5803, 0x5803, 0x5803, 0x5803, 0x5803, 0x5803, 0x5803, 0x5803, 0x5803, 0x5803, 
    0x5803, 0x5803, 0x5803, 0x7803, 0x7803, 0x5803, 0x5803, 0x5803, 0x5803, 0x7803, 0x7803, 0x7803, 
    0x7803, 0x5803, 0x7803, 0x7803, 0x7803, 0x5803, 0x7803, 0x7803, 0x7803, 0x7803, 0x7803, 0x7803, 
    0x7803, 0x7803, 0x7803, 0x7803, 0x7803, 0x7803, 0x7803, 0x7803, 0x7803, 0x9803, 0x9803, 0x9803, 
    0x9803, 0x9803, 0x9803, 0x9803, 0x9803, 0x9803, 0x9803, 0x9803, 0x9803, 0x9803, 0x9803, 0x9803, 
    0x9803, 0x9803, 0x9803, 0x9803, 0x9803, 0x9803, 0xF55A, 0x00E0, 0x00E0, 0x00E0, 0x00E0, 0x00E0, 
    0x00E0, 0x00E0, 0x00E0, 0x09B8, 0xB98C, 0xFFFF, 0xFFFF, 0xFFFF, 0xFFFF, 0xFFFF, 0xFFFF, 0xFFFF, 
    0xFFFF, 0xFFFF, 0xFFFF, 0xFFFF, 0xFFFF, 0xFFFF, 0xFFFF, 0xFFFF, 0xFFFF, 0xFFFF, 0xFFFF, 0xFFFF, 
    0xFFFF, 0xFFFF, 0xFFFF, 0xFFFF, 0xFFFF, 0xFFFF, 0xFFFF, 0xFFFF, 0xFFFF, 0xFFFF, 0xFFFF, 0xFFFF, 
    0xFFFF, 0xFFFF, 0xFFFF, 0xFFFF, 0xFFFF, 0xDFFF, 0xF118, 0x00D8, 0x00E0, 0x00E0, 0x00E0, 0x00E0, 
    0x00E0, 0x00E0, 0x00E0, 0x21D8, 0x3803, 0x5803, 0x5803, 0x5803, 0x5803, 0x5803, 0x5803, 0x5803, 
    0x5803, 0x5803, 0x5803, 0x5803, 0x5803, 0x5803, 0x5803, 0x5803, 0x5803, 0x5803, 0x5803, 0x5803, 
    0x5803, 0x5803, 0x5803, 0x5803, 0x5803, 0x5803, 0x5803, 0x5803, 0x5803, 0x5803, 0x5803, 0x5803, 
    0x5803, 0x5803, 0x5803, 0x5803, 0x5803, 0x5803, 0x5803, 0x5803, 0x5803, 0x5803, 0x5803, 0x5803, 
    0x7803, 0x5803, 0x5803, 0x7803, 0x7803, 0x7803, 0x5803, 0x5803, 0x7803, 0x5803, 0x7803, 0x7803, 
    0x7803, 0x7803, 0x7803, 0x7803, 0x7803, 0x7803, 0x7803, 0x7803, 0x7803, 0x7803, 0x7803, 0x7803, 
    0x7803, 0x7803, 0x9803, 0x7803, 0x9803, 0x7803, 0x7803, 0x7803, 0x9803, 0x7803, 0x9803, 0x9803, 
    0x9803, 0x9803, 0x9803, 0x9803, 0x9803, 0x9803, 0x9803, 0x9803, 0x9803, 0x9803, 0x9903, 0x9803, 
    0x9803, 0x9803, 0x9803, 0x9803, 0x9803, 0x9903, 0x9803, 0x42D8, 0x00E0, 0x00E0, 0x00E0, 0x00E0, 
    0x00E0, 0x00E0, 0x00E0, 0x00D8, 0x9510, 0xBFF7, 0xFFFF, 0xFFFF, 0xFFFF, 0xFFFF, 0xFFFF, 0xFFFF, 
    0xFFFF, 0xFFFF, 0xFFFF, 0xFFFF, 0xFFFF, 0xFFFF, 0xFFFF, 0xFFFF, 0xFFFF, 0xFFFF, 0xFFFF, 0xFFFF, 
    0xFFFF, 0xFFFF, 0xFFFF, 0xFFFF, 0xFFFF, 0xFFFF, 0xFFFF, 0xFFFF, 0xFFFF, 0xFFFF, 0xFFFF, 0xFFFF, 
    0xFFFF, 0xFFFF, 0xFFFF, 0xFFFF, 0xFFFF, 0x9CCE, 0x0C60, 0x00E0, 0x00E0, 0x00E0, 0x00E0, 0x00E0, 
    0x00E0, 0x00E0, 0x00E0, 0xADB1, 0x5803, 0x5803, 0x5803, 0x5803, 0x5803, 0x5803, 0x5803, 0x5803, 
    0x5803, 0x5803, 0x5803, 0x5803, 0x5803, 0x5803, 0x5803, 0x5803, 0x5803, 0x5803, 0x5803, 0x5803, 
    0x5803, 0x5803, 0x5803, 0x5803, 0x5803, 0x5803, 0x5803, 0x5803, 0x5803, 0x5803, 0x5803, 0x5803, 
    0x5803, 0x5803, 0x5803, 0x5803, 0x5803, 0x5803, 0x5803, 0x5803, 0x5803, 0x7803, 0x5803, 0x5803, 
    0x7803, 0x5803, 0x5803, 0x7803, 0x7803, 0x5803, 0x5803, 0x7803, 0x7803, 0x7803, 0x7803, 0x7803, 
    0x7803, 0x7803, 0x7803, 0x7803, 0x7803, 0x7803, 0x7803, 0x7803, 0x7803, 0x7803, 0x7803, 0x7803, 
    0x7803, 0x7803, 0x7803, 0x9803, 0x9803, 0x7803, 0x7803, 0x7803, 0x9803, 0x9803, 0x9803, 0x9803, 
    0x9803, 0x9803, 0x9803, 0x9803, 0x9803, 0x9803, 0x9803, 0x9803, 0x9803, 0x9803, 0x9903, 0x9803, 
    0x9803, 0x9803, 0x9803, 0x9903, 0x9903, 0x9903, 0x9903, 0xEEA9, 0x00E0, 0x00E0, 0x00E0, 0x00E0, 
    0x00E0, 0x00E0, 0x00E0, 0x00E0, 0x1068, 0xBBB5, 0xFFFF, 0xFFFF, 0xFFFF, 0xFFFF, 0xFFFF, 0xFFFF, 
    0xFFFF, 0xFFFF, 0xFFFF, 0xFFFF, 0xFFFF, 0xFFFF, 0xFFFF, 0xFFFF, 0xFFFF, 0xFFFF, 0xFFFF, 0xFFFF, 
    0xFFFF, 0xFFFF, 0xFFFF, 0xFFFF, 0xFFFF, 0xFFFF, 0xFFFF, 0xFFFF, 0xFFFF, 0xFFFF, 0xFFFF, 0xFFFF, 
    0xFFFF, 0xFFFF, 0xFFFF, 0xFFFF, 0xFFFF, 0x9442, 0x06B8, 0x00E0, 0x00E0, 0x00E0, 0x00E0, 0x00E0, 
    0x00E0, 0x00E0, 0x00E0, 0xD55A, 0x5803, 0x5803, 0x5803, 0x5803, 0x5803, 0x5803, 0x5803, 0x5803, 
    0x5803, 0x5803, 0x5803, 0x5803, 0x5803, 0x5803, 0x5803, 0x5803, 0x5803, 0x5803, 0x5803, 0x5803, 
    0x5803, 0x5803, 0x5803, 0x5803, 0x5803, 0x5803, 0x5803, 0x5803, 0x5803, 0x5803, 0x5803, 0x5803, 
    0x5803, 0x5803, 0x5803, 0x5803, 0x5803, 0x5803, 0x5803, 0x5803, 0x5803, 0x7803, 0x7803, 0x7803, 
    0x5803, 0x7803, 0x5803, 0x7803, 0x7803, 0x7803, 0x7803, 0x7803, 0x7803, 0x7803, 0x7803, 0x7803, 
    0x7803, 0x7803, 0x7803, 0x7803, 0x7803, 0x7803, 0x7803, 0x7803, 0x7803, 0x7803, 0x7803, 0x7803, 
    0x7803, 0x7803, 0x7803, 0x7803, 0x7803, 0x7803, 0x9803, 0x9803, 0x9803, 0x9803, 0x9803, 0x9803, 
    0x9803, 0x9803, 0x9803, 0x9803, 0x9803, 0x9803, 0x9803, 0x9803, 0x9803, 0x9803, 0x9903, 0x9803, 
    0x9803, 0x9903, 0x9803, 0x9903, 0x9903, 0x9903, 0x9803, 0x164B, 0x00E0, 0x00E0, 0x00E0, 0x00E0, 
    0x00E0, 0x00E0, 0x00E0, 0x00E0, 0x09C0, 0xD619, 0xDFFF, 0xFFFF, 0xFFFF, 0xFFFF, 0xFFFF, 0xFFFF, 
    0xFFFF, 0xFFFF, 0xFFFF, 0xFFFF, 0xFFFF, 0xFFFF, 0xFFFF, 0xFFFF, 0xFFFF, 0xFFFF, 0xFFFF, 0xFFFF, 
    0xFFFF, 0xFFFF, 0xFFFF, 0xFFFF, 0xFFFF, 0xFFFF, 0xFFFF, 0xFFFF, 0xFFFF, 0xFFFF, 0xFFFF, 0xFFFF, 
    0xFFFF, 0xFFFF, 0xFFFF, 0xFFFF, 0x1DE7, 0x0F00, 0x00E0, 0x00E0, 0x00E0, 0x00E0, 0x00E0, 0x00E0, 
    0x00E0, 0x00E0, 0x42D8, 0x3803, 0x5803, 0x5803, 0x5803, 0x5803, 0x5803, 0x5803, 0x5803, 0x5803, 
    0x5803, 0x5803, 0x5803, 0x5803, 0x5803, 0x5803, 0x5803, 0x5803, 0x5803, 0x5803, 0x5803, 0x5803, 
    0x5803, 0x5803, 0x5803, 0x5803, 0x5803, 0x5803, 0x5803, 0x5803, 0x5803, 0x5803, 0x5803, 0x5803, 
    0x5803, 0x5803, 0x5803, 0x5803, 0x7803, 0x5803, 0x5803, 0x7803, 0x7803, 0x5803, 0x5803, 0x5803, 
    0x5803, 0x7803, 0x7803, 0x7803, 0x7803, 0x7803, 0x7803, 0x7803, 0x7803, 0x7803, 0x7803, 0x7803, 
    0x7803, 0x7803, 0x7803, 0x7803, 0x7803, 0x7803, 0x7803, 0x7803, 0x7803, 0x7803, 0x7803, 0x7803, 
    0x7803, 0x7803, 0x7803, 0x7803, 0x7803, 0x9803, 0x9803, 0x9803, 0x9803, 0x9803, 0x9803, 0x9803, 
    0x9803, 0x9803, 0x9803, 0x9803, 0x9803, 0x9803, 0x9803, 0x9803, 0x9803, 0x9803, 0x9903, 0x9803, 
    0x9903, 0x9803, 0x9803, 0x9803, 0x9903, 0x9803, 0x9803, 0x9803, 0x84D8, 0x00E0, 0x00E0, 0x00E0, 
    0x00E0, 0x00E0, 0x00E0, 0x00E0, 0x00E0, 0x1300, 0x7CCE, 0xFFFF, 0xFFFF, 0xFFFF, 0xFFFF, 0xFFFF, 
    0xFFFF, 0xFFFF, 0xFFFF, 0xFFFF, 0xFFFF, 0xFFFF, 0xFFFF, 0xFFFF, 0xFFFF, 0xFFFF, 0xFFFF, 0xFFFF, 
    0xFFFF, 0xFFFF, 0xFFFF, 0xFFFF, 0xFFFF, 0xFFFF, 0xFFFF, 0xFFFF, 0xFFFF, 0xFFFF, 0xFFFF, 0xFFFF, 
    0xFFFF, 0xFFFF, 0xFFFF, 0xFFFF, 0x7784, 0x0B70, 0x00E0, 0x00E0, 0x00E0, 0x00E0, 0x00E0, 0x00E0, 
    0x00E0, 0x00E0, 0xAEA9, 0x5803, 0x5803, 0x5803, 0x5803, 0x5803, 0x5803, 0x5803, 0x5803, 0x5803, 
    0x5803, 0x5803, 0x5803, 0x5803, 0x5803, 0x5803, 0x5803, 0x5803, 0x5803, 0x5803, 0x5803, 0x5803, 
    0x5803, 0x5803, 0x5803, 0x5803, 0x5803, 0x5803, 0x5803, 0x5803, 0x5803, 0x5803, 0x5803, 0x5803, 
    0x5803, 0x5803, 0x7803, 0x7803, 0x5803, 0x5803, 0x5803, 0x5803, 0x5803, 0x7803, 0x7803, 0x7803, 
    0x5803, 0x7803, 0x7803, 0x7803, 0x7803, 0x7803, 0x7803, 0x7803, 0x7803, 0x7803, 0x7803, 0x7803, 
    0x7803, 0x7803, 0x7803, 0x7803, 0x7803, 0x7803, 0x7803, 0x7803, 0x9803, 0x9803, 0x7803, 0x7803, 
    0x7803, 0x9803, 0x7803, 0x9803, 0x9803, 0x9803, 0x9803, 0x9803, 0x9803, 0x9803, 0x9803, 0x9803, 
    0x9803, 0x9803, 0x9803, 0x9803, 0x9803, 0x9803, 0x9803, 0x9803, 0x9803, 0x9803, 0x9803, 0x9803, 
    0x9903, 0x9903, 0x9803, 0x9803, 0x9903, 0x9903, 0x9903, 0x9903, 0x0FA2, 0x00E0, 0x00E0, 0x00E0, 
    0x00E0, 0x00E0, 0x00E0, 0x00E0, 0x00E0, 0x0F70, 0xF74A, 0xFFFF, 0xFFFF, 0xFFFF, 0xFFFF, 0xFFFF, 
    0xFFFF, 0xFFFF, 0xFFFF, 0xFFFF, 0xFFFF, 0xFFFF, 0xFFFF, 0xFFFF, 0xFFFF, 0xFFFF, 0xFFFF, 0xFFFF, 
    0xFFFF, 0xFFFF, 0xFFFF, 0xFFFF, 0xFFFF, 0xFFFF, 0xFFFF, 0xFFFF, 0xFFFF, 0xFFFF, 0xFFFF, 0xFFFF, 
    0xFFFF, 0xFFFF, 0xFFFF, 0x7EEF, 0x0F00, 0x05C0, 0x00E0, 0x00E0, 0x00E0, 0x00E0, 0x00E0, 0x00E0, 
    0x00E0, 0x00E0, 0xD552, 0x5803, 0x5803, 0x5803, 0x5803, 0x5803, 0x5803, 0x5803, 0x5803, 0x5803, 
    0x5803, 0x5803, 0x5803, 0x5803, 0x5803, 0x5803, 0x5803, 0x5803, 0x5803, 0x5803, 0x5803, 0x5803, 
    0x7803, 0x5803, 0x7803, 0x5803, 0x5803, 0x5803, 0x7803, 0x7803, 0x5803, 0x5803, 0x7803, 0x5803, 
    0x7803, 0x7803, 0x7803, 0x5803, 0x5803, 0x5803, 0x7803, 0x5803, 0x5803, 0x7803, 0x5803, 0x7803, 
    0x7803, 0x7803, 0x7803, 0x7803, 0x7803, 0x7803, 0x7803, 0x7803, 0x7803, 0x7803, 0x7803, 0x7803, 
    0x7803, 0x7803, 0x7803, 0x7803, 0x7803, 0x9803, 0x7803, 0x7803, 0x9803, 0x7803, 0x7803, 0x7803, 
    0x7803, 0x7803, 0x9803, 0x9803, 0x9803, 0x9803, 0x9803, 0x9803, 0x9803, 0x9803, 0x9803, 0x9803, 
    0x9803, 0x9803, 0x9803, 0x9803, 0x9803, 0x9803, 0x9803, 0x9803, 0x9803, 0x9803, 0x9803, 0x9903, 
    0x9903, 0x9803, 0x9903, 0x9903, 0x9903, 0x9803, 0x9803, 0x9803, 0x3643, 0x00E0, 0x00E0, 0x00E0, 
    0x00E0, 0x00E0, 0x00E0, 0x00E0, 0x00E0, 0x07C0, 0x1400, 0x1DDF, 0xFFFF, 0xFFFF, 0xFFFF, 0xFFFF, 
    0xFFFF, 0xFFFF, 0xFFFF, 0xFFFF, 0xFFFF, 0xFFFF, 0xFFFF, 0xFFFF, 0xFFFF, 0xFFFF, 0xFFFF, 0xFFFF, 
    0xFFFF, 0xFFFF, 0xFFFF, 0xFFFF, 0xFFFF, 0xFFFF, 0xFFFF, 0xFFFF, 0xFFFF, 0xFFFF, 0xFFFF, 0xFFFF, 
    0xFFFF, 0xFFFF, 0xFFFF, 0x59A5, 0x0E00, 0x00E0, 0x00E0, 0x00E0, 0x00E0, 0x00E0, 0x00E0, 0x00E0, 
    0x00E0, 0x63D8, 0x3803, 0x5803, 0x5803, 0x5803, 0x5803, 0x5803, 0x5803, 0x5803, 0x5803, 0x5803, 
    0x5803, 0x5803, 0x5803, 0x5803, 0x5803, 0x7803, 0x5803, 0x5803, 0x5803, 0x5803, 0x5803, 0x7803, 
    0x7803, 0x7803, 0x7803, 0x5803, 0x7803, 0x7803, 0x5803, 0x7803, 0x5803, 0x7803, 0x5803, 0x5803, 
    0x7803, 0x5803, 0x5803, 0x7803, 0x5803, 0x7803, 0x5803, 0x7803, 0x7803, 0x7803, 0x7803, 0x7803, 
    0x7803, 0x7803, 0x7803, 0x7803, 0x7803, 0x7803, 0x7803, 0x7803, 0x7803, 0x7803, 0x7803, 0x7803, 
    0x7803, 0x7803, 0x7803, 0x9803, 0x7803, 0x7803, 0x7803, 0x7803, 0x7803, 0x9803, 0x9803, 0x9803, 
    0x9803, 0x9803, 0x9803, 0x9803, 0x9803, 0x9803, 0x9803, 0x9803, 0x9803, 0x9803, 0x9803, 0x9803, 
    0x9803, 0x9803, 0x9803, 0x9803, 0x9903, 0x9803, 0x9803, 0x9803, 0x9803, 0x9903, 0x9803, 0x9803, 
    0x9903, 0x9903, 0x9903, 0x9903, 0x9803, 0x9803, 0x9803, 0x9803, 0x9803, 0xA6D0, 0x00E0, 0x00E0, 
    0x00E0, 0x00E0, 0x00E0, 0x00E0, 0x00E0, 0x00E0, 0x1208, 0x597C, 0xFFFF, 0xFFFF, 0xFFFF, 0xFFFF, 
    0xFFFF, 0xFFFF, 0xFFFF, 0xFFFF, 0xFFFF, 0xFFFF, 0xFFFF, 0xFFFF, 0xFFFF, 0xFFFF, 0xFFFF, 0xFFFF, 
    0xFFFF, 0xFFFF, 0xFFFF, 0xFFFF, 0xFFFF, 0xFFFF, 0xFFFF, 0xFFFF, 0xFFFF, 0xFFFF, 0xFFFF, 0xFFFF, 
    0xFFFF, 0xFFFF, 0xBFF7, 0x5000, 0x0B70, 0x00E0, 0x00E0, 0x00E0, 0x00E0, 0x00E0, 0x00E0, 0x00E0, 
    0x00E0, 0xEFA1, 0x5803, 0x5803, 0x5803, 0x5803, 0x5803, 0x5803, 0x5803, 0x5803, 0x5803, 0x5803, 
    0x5803, 0x5803, 0x5803, 0x7803, 0x5803, 0x5803, 0x7803, 0x5803, 0x7803, 0x5803, 0x5803, 0x7803, 
    0x5803, 0x7803, 0x7803, 0x5803, 0x5803, 0x5803, 0x7803, 0x7803, 0x5803, 0x7803, 0x5803, 0x7803, 
    0x7803, 0x5803, 0x5803, 0x5803, 0x5803, 0x5803, 0x7803, 0x7803, 0x7803, 0x7803, 0x7803, 0x7803, 
    0x7803, 0x7803, 0x7803, 0x7803, 0x7803, 0x7803, 0x7803, 0x7803, 0x7803, 0x7803, 0x7803, 0x7803, 
    0x7803, 0x7803, 0x7803, 0x7803, 0x7803, 0x7803, 0x7803, 0x7803, 0x7803, 0x7803, 0x9803, 0x9803, 
    0x9803, 0x9803, 0x9803, 0x9803, 0x9803, 0x9803, 0x9803, 0x9803, 0x9803, 0x9803, 0x9803, 0x9803, 
    0x9803, 0x9803, 0x9803, 0x9803, 0x9803, 0x9803, 0x9803, 0x9803, 0x9803, 0x9803, 0x9903, 0x9903, 
    0x9803, 0x9903, 0x9803, 0x9803, 0x9903, 0x9803, 0x9803, 0x9803, 0x9803, 0x309A, 0x00E0, 0x00E0, 
    0x00E0, 0x00E0, 0x00E0, 0x00E0, 0x00E0, 0x00E0, 0x0E80, 0x1300, 0x7EEF, 0xFFFF, 0xFFFF, 0xFFFF, 
    0xFFFF, 0xFFFF, 0xFFFF, 0xFFFF, 0xFFFF, 0xFFFF, 0xFFFF, 0xFFFF, 0xFFFF, 0xFFFF, 0xFFFF, 0xFFFF, 
    0xFFFF, 0xFFFF, 0xFFFF, 0xFFFF, 0xFFFF, 0xFFFF, 0xFFFF, 0xFFFF, 0xFFFF, 0xFFFF, 0xFFFF, 0xFFFF, 
    0xFFFF, 0xFFFF, 0x1BC6, 0x1000, 0x04C0, 0x00E0, 0x00E0, 0x00E0, 0x00E0, 0x00E0, 0x00E0, 0x00E0, 
    0x00E0, 0xF642, 0x5803, 0x5803, 0x5803, 0x5803, 0x5803, 0x5803, 0x5803, 0x5803, 0x5803, 0x5803, 
    0x5803, 0x5803, 0x7803, 0x5803, 0x7803, 0x5803, 0x7803, 0x5803, 0x5803, 0x7803, 0x7803, 0x7803, 
    0x7803, 0x5803, 0x7803, 0x7803, 0x5803, 0x7803, 0x7803, 0x7803, 0x5803, 0x7803, 0x5803, 0x5803, 
    0x7803, 0x7803, 0x5803, 0x7803, 0x7803, 0x7803, 0x7803, 0x7803, 0x7803, 0x7803, 0x7803, 0x7803, 
    0x7803, 0x7803, 0x7803, 0x7803, 0x7803, 0x7803, 0x7803, 0x7803, 0x7803, 0x7803, 0x7803, 0x7803, 
    0x7803, 0x9803, 0x7803, 0x7803, 0x7803, 0x7803, 0x9803, 0x9803, 0x9803, 0x9803, 0x9803, 0x9803, 
    0x9803, 0x9803, 0x9803, 0x9803, 0x9803, 0x9803, 0x9803, 0x9803, 0x9803, 0x9803, 0x9803, 0x9803, 
    0x9803, 0x9803, 0x9803, 0x9803, 0x9803, 0x9803, 0x9803, 0x9803, 0x9803, 0x9803, 0x9903, 0x9903, 
    0x9903, 0x9903, 0x9903, 0x9803, 0x9903, 0x9803, 0x9803, 0x9803, 0x9803, 0x3633, 0x00E0, 0x00E0, 
    0x00E0, 0x00E0, 0x00E0, 0x00E0, 0x00E0, 0x00E0, 0x06C8, 0x1200, 0x7AAD, 0xFFFF, 0xFFFF, 0xFFFF, 
    0xFFFF, 0xFFFF, 0xFFFF, 0xFFFF, 0xFFFF, 0xFFFF, 0xFFFF, 0xFFFF, 0xFFFF, 0xFFFF, 0xFFFF, 0xFFFF, 
    0xFFFF, 0xFFFF, 0xFFFF, 0xFFFF, 0xFFFF, 0xFFFF, 0xFFFF, 0xFFFF, 0xFFFF, 0xFFFF, 0xFFFF, 0xFFFF, 
    0xFFFF, 0xDFFF, 0xB319, 0x0F00, 0x00E0, 0x00E0, 0x00E0, 0x00E0, 0x00E0, 0x00E0, 0x00E0, 0x00E0, 
    0x64D0, 0x5803, 0x5803, 0x5803, 0x5803, 0x5803, 0x5803, 0x5803, 0x5803, 0x5803, 0x5803, 0x5803, 
    0x5803, 0x7803, 0x7803, 0x5803, 0x5803, 0x5803, 0x5803, 0x5803, 0x5803, 0x7803, 0x5803, 0x7803, 
    0x7803, 0x7803, 0x7803, 0x7803, 0x7803, 0x7803, 0x7803, 0x7803, 0x7803, 0x5803, 0x7803, 0x5803, 
    0x5803, 0x7803, 0x7803, 0x7803, 0x7803, 0x7803, 0x7803, 0x7803, 0x7803, 0x7803, 0x7803, 0x7803, 
    0x7803, 0x7803, 0x7803, 0x7803, 0x7803, 0x7803, 0x7803, 0x7803, 0x7803, 0x7803, 0x9803, 0x7803, 
    0x9803, 0x9803, 0x7803, 0x7803, 0x7803, 0x7803, 0x9803, 0x9803, 0x9803, 0x9803, 0x9803, 0x9803, 
    0x9803, 0x9803, 0x9803, 0x9803, 0x9803, 0x9803, 0x9803, 0x9803, 0x9803, 0x9803, 0x9803, 0x9903, 
    0x9803, 0x9803, 0x9803, 0x9803, 0x9803, 0x9803, 0x9803, 0x9803, 0x9803, 0x9803, 0x9903, 0x9903, 
    0x9803, 0x9903, 0x9803, 0x9803, 0x9903, 0x9903, 0x9803, 0x9803, 0x9803, 0x9803, 0xE7C8, 0x00E0, 
    0x00E0, 0x00E0, 0x00E0, 0x00E0, 0x00E0, 0x00E0, 0x00E0, 0x1110, 0x5200, 0xDFFF, 0xFFFF, 0xFFFF, 
    0xFFFF, 0xFFFF, 0xFFFF, 0xFFFF, 0xFFFF, 0xFFFF, 0xFFFF, 0xFFFF, 0xFFFF, 0xFFFF, 0xFFFF, 0xFFFF, 
    0xFFFF, 0xFFFF, 0xFFFF, 0xFFFF, 0xFFFF, 0xFFFF, 0xFFFF, 0xFFFF, 0xFFFF, 0xFFFF, 0xFFFF, 0xFFFF, 
    0xFFFF, 0xBCD6, 0x1000, 0x0B80, 0x00E0, 0x00E0, 0x00E0, 0x00E0, 0x00E0, 0x00E0, 0x00E0, 0x00E0, 
    0xEFA1, 0x5803, 0x5803, 0x5803, 0x5803, 0x5803, 0x5803, 0x5803, 0x5803, 0x5803, 0x5803, 0x5803, 
    0x5803, 0x7803, 0x7803, 0x7803, 0x7803, 0x7803, 0x5803, 0x5803, 0x5803, 0x5803, 0x7803, 0x7803, 
    0x7803, 0x7803, 0x7803, 0x7803, 0x7803, 0x7803, 0x7803, 0x7803, 0x5803, 0x7803, 0x5803, 0x5803, 
    0x7803, 0x7803, 0x7803, 0x7803, 0x7803, 0x7803, 0x7803, 0x7803, 0x7803, 0x7803, 0x7803, 0x7803, 
    0x7803, 0x7803, 0x9803, 0x7803, 0x7803, 0x7803, 0x7803, 0x9803, 0x7803, 0x7803, 0x7803, 0x7803, 
    0x7803, 0x9803, 0x7803, 0x9803, 0x9803, 0x9803, 0x9803, 0x9803, 0x9803, 0x9803, 0x9803, 0x9803, 
    0x9803, 0x9803, 0x9803, 0x9803, 0x9803, 0x9803, 0x9803, 0x9803, 0x9803, 0x9803, 0x9803, 0x9803, 
    0x9803, 0x9803, 0x9803, 0x9803, 0x9803, 0x9803, 0x9803, 0x9803, 0x9803, 0x9803, 0x9903, 0x9903, 
    0x9903, 0x9903, 0x9803, 0x9903, 0x9903, 0x9803, 0x9803, 0x9803, 0x9803, 0x9903, 0x7192, 0x00E0, 
    0x00E0, 0x00E0, 0x00E0, 0x00E0, 0x00E0, 0x00E0, 0x00E0, 0x0C88, 0x1100, 0x3BC6, 0xFFFF, 0xFFFF, 
    0xFFFF, 0xFFFF, 0xFFFF, 0xFFFF, 0xFFFF, 0xFFFF, 0xFFFF, 0xFFFF, 0xFFFF, 0xFFFF, 0xFFFF, 0xFFFF, 
    0xFFFF, 0xFFFF, 0xFFFF, 0xFFFF, 0xFFFF, 0xFFFF, 0xFFFF, 0xFFFF, 0xFFFF, 0xFFFF, 0xFFFF, 0xFFFF, 
    0xDFFF, 0x1653, 0x1000, 0x03C8, 0x00E0, 0x00E0, 0x00E0, 0x00E0, 0x00E0, 0x00E0, 0x00E0, 0x00E0, 
    0xF63A, 0x5803, 0x7803, 0x7803, 0x7803, 0x5803, 0x5803, 0x5803, 0x5803, 0x5803, 0x7803, 0x5803, 
    0x5803, 0x7803, 0x5803, 0x7803, 0x5803, 0x5803, 0x5803, 0x7803, 0x7803, 0x7803, 0x7803, 0x7803, 
    0x7803, 0x7803, 0x7803, 0x7803, 0x7803, 0x7803, 0x7803, 0x7803, 0x7803, 0x7803, 0x7803, 0x7803, 
    0x7803, 0x7803, 0x7803, 0x7803, 0x7803, 0x7803, 0x7803, 0x7803, 0x7803, 0x7803, 0x7803, 0x7803, 
    0x7803, 0x7803, 0x7803, 0x9803, 0x7803, 0x7803, 0x7803, 0x9803, 0x7803, 0x9803, 0x9803, 0x9803, 
    0x9803, 0x9803, 0x9803, 0x9803, 0x9803, 0x9803, 0x9803, 0x9803, 0x9803, 0x9803, 0x9803, 0x9803, 
    0x9803, 0x9803, 0x9803, 0x9803, 0x9803, 0x9803, 0x9803, 0x9803, 0x9803, 0x9803, 0x9803, 0x9803, 
    0x9803, 0x9803, 0x9803, 0x9803, 0x9803, 0x9803, 0x9803, 0x9803, 0x9903, 0x9903, 0x9903, 0x9903, 
    0x9803, 0x9903, 0x9903, 0x9903, 0x9803, 0x9803, 0x9803, 0x9803, 0x9903, 0x9803, 0x572B, 0x00E0, 
    0x00E0, 0x00E0, 0x00E0, 0x00E0, 0x00E0, 0x00E0, 0x00E0, 0x03C8, 0x1100, 0xB419, 0xDFFF, 0xFFFF, 
    0xFFFF, 0xFFFF, 0xFFFF, 0xFFFF, 0xFFFF, 0xFFFF, 0xFFFF, 0xFFFF, 0xFFFF, 0xFFFF, 0xFFFF, 0xFFFF, 
    0xFFFF, 0xFFFF, 0xFFFF, 0xFFFF, 0xFFFF, 0xFFFF, 0xFFFF, 0xFFFF, 0xFFFF, 0xFFFF, 0xFFFF, 0xFFFF, 
    0x1DE7, 0x1000, 0x1008, 0x00E0, 0x00E0, 0x00E0, 0x00E0, 0x00E0, 0x00E0, 0x00E0, 0x00E0, 0x85D0, 
    0x5803, 0x7803, 0x7803, 0x7803, 0x5803, 0x5803, 0x5803, 0x7803, 0x5803, 0x5803, 0x5803, 0x7803, 
    0x5803, 0x7803, 0x7803, 0x7803, 0x7803, 0x7803, 0x7803, 0x7803, 0x7803, 0x7803, 0x7803, 0x7803, 
    0x7803, 0x7803, 0x7803, 0x7803, 0x7803, 0x7803, 0x7803, 0x7803, 0x7803, 0x7803, 0x7803, 0x7803, 
    0x7803, 0x7803, 0x7803, 0x7803, 0x7803, 0x7803, 0x7803, 0x7803, 0x7803, 0x7803, 0x7803, 0x7803, 
    0x7803, 0x7803, 0x7803, 0x9803, 0x9803, 0x9803, 0x9803, 0x9803, 0x9803, 0x9803, 0x9803, 0x9803, 
    0x9803, 0x9803, 0x9803, 0x9803, 0x9803, 0x9803, 0x9803, 0x9803, 0x9803, 0x9803, 0x9803, 0x9803, 
    0x9803, 0x9803, 0x9803, 0x9803, 0x9803, 0x9803, 0x9803, 0x9803, 0x9803, 0x9803, 0x9803, 0x9803, 
    0x9803, 0x9803, 0x9803, 0x9803, 0x9803, 0x9803, 0x9803, 0x9803, 0x9803, 0x9903, 0x9903, 0x9903, 
    0x9903, 0x9803, 0x9803, 0x9803, 0x9803, 0x9903, 0x9803, 0x9803, 0x9803, 0x9803, 0x9803, 0x28C9, 
    0x00E0, 0x00E0, 0x00E0, 0x00E0, 0x00E0, 0x00E0, 0x00E0, 0x00E0, 0x1028, 0x1100, 0xDCDE, 0xFFFF, 
    0xFFFF, 0xFFFF, 0xFFFF, 0xFFFF, 0xFFFF, 0xFFFF, 0xFFFF, 0xFFFF, 0xFFFF, 0xFFFF, 0xFFFF, 0xFFFF, 
    0xFFFF, 0xFFFF, 0xFFFF, 0xFFFF, 0xFFFF, 0xFFFF, 0xFFFF, 0xFFFF, 0xFFFF, 0xFFFF, 0xFFFF, 0xFFFF, 
    0x377C, 0x1100, 0x0B80, 0x00E0, 0x00E0, 0x00E0, 0x00E0, 0x00E0, 0x00E0, 0x00E0, 0x00E0, 0x109A, 
    0x7803, 0x5803, 0x5803, 0x5803, 0x5803, 0x7803, 0x7803, 0x7803, 0x7803, 0x7803, 0x7803, 0x7803, 
    0x7803, 0x7803, 0x7803, 0x7803, 0x7803, 0x7803, 0x7803, 0x7803, 0x7803, 0x7803, 0x7803, 0x7803, 
    0x7803, 0x7803, 0x7803, 0x7803, 0x7803, 0x7803, 0x7803, 0x7803, 0x7803, 0x7803, 0x7803, 0x7803, 
    0x7803, 0x7803, 0x7803, 0x7803, 0x7803, 0x7803, 0x7803, 0x7803, 0x7803, 0x7803, 0x7803, 0x7803, 
    0x7803, 0x7803, 0x9803, 0x9803, 0x9803, 0x9803, 0x9803, 0x9803, 0x9803, 0x9803, 0x9803, 0x9803, 
    0x9803, 0x9803, 0x9803, 0x9803, 0x9803, 0x9803, 0x9803, 0x9803, 0x9803, 0x9803, 0x9803, 0x9803, 
    0x9803, 0x9803, 0x9803, 0x9803, 0x9803, 0x9803, 0x9803, 0x9903, 0x9803, 0x9803, 0x9803, 0x9903, 
    0x9803, 0x9803, 0x9803, 0x9803, 0x9803, 0x9803, 0x9803, 0x9803, 0x9803, 0x9803, 0x9903, 0x9803, 
    0x9903, 0x9803, 0x9903, 0x9903, 0x9903, 0x9903, 0x9903, 0x9903, 0x9903, 0x9803, 0x9803, 0x728A, 
    0x00E0, 0x00E0, 0x00E0, 0x00E0, 0x00E0, 0x00E0, 0x00E0, 0x00E0, 0x0B90, 0x1000, 0x355B, 0xFFFF, 
    0xFFFF, 0xFFFF, 0xFFFF, 0xFFFF, 0xFFFF, 0xFFFF, 0xFFFF, 0xFFFF, 0xFFFF, 0xFFFF, 0xFFFF, 0xFFFF, 
    0xFFFF, 0xFFFF, 0xFFFF, 0xFFFF, 0xFFFF, 0xFFFF, 0xFFFF, 0xFFFF, 0xFFFF, 0xFFFF, 0xFFFF, 0x9EEF, 
    0x1100, 0x1000, 0x03C8, 0x00E0, 0x00E0, 0x00E0, 0x00E0, 0x00E0, 0x00E0, 0x00E0, 0x00E0, 0x1633, 
    0x5803, 0x7803, 0x5803, 0x7803, 0x7803, 0x7803, 0x7803, 0x7803, 0x7803, 0x7803, 0x7803, 0x7803, 
    0x7803, 0x7803, 0x7803, 0x7803, 0x7803, 0x7803, 0x7803, 0x7803, 0x7803, 0x7803, 0x7803, 0x7803, 
    0x7803, 0x7803, 0x7803, 0x7803, 0x7803, 0x7803, 0x7803, 0x7803, 0x7803, 0x7803, 0x7803, 0x7803, 
    0x7803, 0x7803, 0x7803, 0x7803, 0x7803, 0x7803, 0x7803, 0x7803, 0x7803, 0x9803, 0x7803, 0x7803, 
    0x7803, 0x7803, 0x9803, 0x9803, 0x9803, 0x9803, 0x9803, 0x9803, 0x9803, 0x9803, 0x9803, 0x9803, 
    0x9803, 0x9803, 0x9803, 0x9803, 0x9803, 0x9803, 0x9803, 0x9803, 0x9803, 0x9803, 0x9803, 0x9803, 
    0x9803, 0x9803, 0x9803, 0x9803, 0x9803, 0x9803, 0x9803, 0x9803, 0x9803, 0x9803, 0x9803, 0x9803, 
    0x9803, 0x9803, 0x9803, 0x9803, 0x9803, 0x9803, 0x9803, 0x9803, 0x9803, 0x9803, 0x9903, 0x9803, 
    0x9803, 0x9903, 0x9803, 0x9903, 0x9803, 0x9903, 0x9803, 0x9903, 0x9803, 0x9903, 0x9803, 0x571B, 
    0x00E0, 0x00E0, 0x00E0, 0x00E0, 0x00E0, 0x00E0, 0x00E0, 0x00E0, 0x02D0, 0x1000, 0x1000, 0x3EE7, 
    0xFFFF, 0xFFFF, 0xFFFF, 0xFFFF, 0xFFFF, 0xFFFF, 0xFFFF, 0xFFFF, 0xFFFF, 0xFFFF, 0xFFFF, 0xFFFF, 
    0xFFFF, 0xFFFF, 0xFFFF, 0xFFFF, 0xFFFF, 0xFFFF, 0xFFFF, 0xFFFF, 0xFFFF, 0xFFFF, 0xFFFF, 0x79A5, 
    0x1000, 0x0F18, 0x00E0, 0x00E0, 0x00E0, 0x00E0, 0x00E0, 0x00E0, 0x00E0, 0x00E0, 0xC7C8, 0x7803, 
    0x5803, 0x5803, 0x7803, 0x7803, 0x7803, 0x7803, 0x7803, 0x7803, 0x7803, 0x7803, 0x7803, 0x7803, 
    0x7803, 0x7803, 0x7803, 0x7803, 0x7803, 0x7803, 0x7803, 0x7803, 0x7803, 0x7803, 0x7803, 0x7803, 
    0x7803, 0x7803, 0x7803, 0x7803, 0x7803, 0x7803, 0x7803, 0x7803, 0x7803, 0x7803, 0x7803, 0x7803, 
    0x7803, 0x7803, 0x7803, 0x7803, 0x7803, 0x7803, 0x7803, 0x7803, 0x9803, 0x9803, 0x7803, 0x7803, 
    0x7803, 0x9803, 0x9803, 0x9803, 0x9803, 0x9803, 0x9803, 0x9803, 0x9803, 0x9803, 0x9803, 0x9803, 
    0x9803, 0x9803, 0x9803, 0x9803, 0x9803, 0x9803, 0x9803, 0x9803, 0x9803, 0x9803, 0x9803, 0x9803, 
    0x9803, 0x9803, 0x9803, 0x9803, 0x9803, 0x9803, 0x9803, 0x9803, 0x9803, 0x9803, 0x9803, 0x9803, 
    0x9803, 0x9803, 0x9803, 0x9803, 0x9803, 0x9803, 0x9803, 0x9803, 0x9803, 0x9903, 0x9803, 0x9803, 
    0x9803, 0x9803, 0x9903, 0x9803, 0x9803, 0x9803, 0x9803, 0x9803, 0x9803, 0x9803, 0x9803, 0x9803, 
    0x49C9, 0x00E0, 0x00E0, 0x00E0, 0x00E0, 0x00E0, 0x00E0, 0x00E0, 0x00E0, 0x0F38, 0x1000, 0x7784, 
    0xFFFF, 0xFFFF, 0xFFFF, 0xFFFF, 0xFFFF, 0xFFFF, 0xFFFF, 0xFFFF, 0xFFFF, 0xFFFF, 0xFFFF, 0xFFFF, 
    0xFFFF, 0xFFFF, 0xFFFF, 0xFFFF, 0xFFFF, 0xFFFF, 0xFFFF, 0xFFFF, 0xFFFF, 0xFFFF, 0xDFFF, 0xB200, 
    0x1000, 0x0A88, 0x00E0, 0x00E0, 0x00E0, 0x00E0, 0x00E0, 0x00E0, 0x00E0, 0x00E0, 0x518A, 0x7803, 
    0x7803, 0x7803, 0x7803, 0x7803, 0x7803, 0x7803, 0x7803, 0x7803, 0x7803, 0x7803, 0x7803, 0x7803, 
    0x7803, 0x7803, 0x7803, 0x7803, 0x7803, 0x7803, 0x7803, 0x7803, 0x7803, 0x7803, 0x7803, 0x7803, 
    0x7803, 0x7803, 0x7803, 0x7803, 0x9803, 0x9803, 0x7803, 0x7803, 0x7803, 0x7803, 0x7803, 0x7803, 
    0x7803, 0x7803, 0x7803, 0x7803, 0x7803, 0x7803, 0x7803, 0x7803, 0x7803, 0x7803, 0x9803, 0x9803, 
    0x9803, 0x9803, 0x9803, 0x9803, 0x9803, 0x9803, 0x9803, 0x9803, 0x9803, 0x9803, 0x9803, 0x9803, 
    0x9803, 0x9803, 0x9803, 0x9803, 0x9803, 0x9803, 0x9803, 0x9803, 0x9803, 0x9803, 0x9803, 0x9803, 
    0x9803, 0x9803, 0x9803, 0x9803, 0x9803, 0x9803, 0x9803, 0x9803, 0x9803, 0x9803, 0x9803, 0x9803, 
    0x9803, 0x9803, 0x9803, 0x9803, 0x9803, 0x9803, 0x9803, 0x9803, 0x9803, 0x9803, 0x9903, 0x9903, 
    0x9803, 0x9903, 0x9903, 0x9803, 0x9803, 0x9803, 0x9803, 0x9803, 0x9903, 0x9803, 0x9803, 0x9903, 
    0xB382, 0x00E0, 0x00E0, 0x00E0, 0x00E0, 0x00E0, 0x00E0, 0x00E0, 0x00E0, 0x09A0, 0x1000, 0x1000, 
    0x9EF7, 0xFFFF, 0xFFFF, 0xFFFF, 0xFFFF, 0xFFFF, 0xFFFF, 0xFFFF, 0xFFFF, 0xFFFF, 0xFFFF, 0xFFFF, 
    0xFFFF, 0xFFFF, 0xFFFF, 0xFFFF, 0xFFFF, 0xFFFF, 0xFFFF, 0xFFFF, 0xFFFF, 0xFFFF, 0x3BC6, 0x1000, 
    0x1000, 0x01C8, 0x00E0, 0x00E0, 0x00E0, 0x00E0, 0x00E0, 0x00E0, 0x00E0, 0x00E0, 0x3623, 0x7803, 
    0x7803, 0x7803, 0x7803, 0x7803, 0x7803, 0x7803, 0x7803, 0x7803, 0x7803, 0x7803, 0x7803, 0x7803, 
    0x7803, 0x7803, 0x7803, 0x7803, 0x7803, 0x7803, 0x9803, 0x7803, 0x7803, 0x7803, 0x7803, 0x9803, 
    0x9803, 0x9803, 0x7803, 0x7803, 0x9803, 0x9803, 0x7803, 0x7803, 0x7803, 0x7803, 0x7803, 0x7803, 
    0x7803, 0x7803, 0x7803, 0x7803, 0x7803, 0x7803, 0x7803, 0x9803, 0x9803, 0x9803, 0x9803, 0x9803, 
    0x9803, 0x9803, 0x9803, 0x9803, 0x9803, 0x9803, 0x9803, 0x9803, 0x9803, 0x9803, 0x9803, 0x9803, 
    0x9803, 0x9803, 0x9803, 0x9803, 0x9803, 0x9803, 0x9803, 0x9803, 0x9803, 0x9803, 0x9803, 0x9803, 
    0x9803, 0x9803, 0x9803, 0x9803, 0x9803, 0x9803, 0x9903, 0x9803, 0x9803, 0x9803, 0x9803, 0x9803, 
    0x9803, 0x9803, 0x9803, 0x9803, 0x9803, 0x9803, 0x9803, 0x9803, 0x9803, 0x9803, 0x9903, 0x9803, 
    0x9803, 0x9903, 0x9803, 0x9803, 0x9903, 0x9803, 0x9803, 0x9803, 0x9803, 0x9803, 0x9803, 0x9903, 
    0x980B, 0x00E0, 0x00E0, 0x00E0, 0x00E0, 0x00E0, 0x00E0, 0x00E0, 0x00E0, 0x00D8, 0x0F00, 0x0E00, 
    0x38A5, 0xFFFF, 0xFFFF, 0xFFFF, 0xFFFF, 0xFFFF, 0xFFFF, 0xFFFF, 0xFFFF, 0xFFFF, 0xFFFF, 0xFFFF, 
    0xFFFF, 0xFFFF, 0xFFFF, 0xFFFF, 0xFFFF, 0xFFFF, 0xFFFF, 0xFFFF, 0xFFFF, 0xDFFF, 0xF429, 0x1000, 
    0x0E28, 0x00E0, 0x00E0, 0x00E0, 0x00E0, 0x00E0, 0x00E0, 0x00E0, 0x00E0, 0xE8C8, 0x7803, 0x7803, 
    0x7803, 0x7803, 0x7803, 0x7803, 0x7803, 0x7803, 0x7803, 0x7803, 0x7803, 0x7803, 0x9803, 0x9803, 
    0x7803, 0x7803, 0x7803, 0x7803, 0x7803, 0x7803, 0x9803, 0x9803, 0x7803, 0x7803, 0x7803, 0x7803, 
    0x9803, 0x9803, 0x7803, 0x7803, 0x9803, 0x7803, 0x7803, 0x9803, 0x7803, 0x7803, 0x7803, 0x7803, 
    0x7803, 0x7803, 0x7803, 0x7803, 0x9803, 0x9803, 0x9803, 0x9803, 0x9803, 0x9803, 0x9803, 0x9803, 
    0x9803, 0x9803, 0x9803, 0x9803, 0x9803, 0x9803, 0x9803, 0x9803, 0x9803, 0x9803, 0x9803, 0x9803, 
    0x9803, 0x9803, 0x9803, 0x9803, 0x9803, 0x9803, 0x9803, 0x9803, 0x9803, 0x9803, 0x9803, 0x9903, 
    0x9803, 0x9803, 0x9803, 0x9803, 0x9803, 0x9803, 0x9803, 0x9803, 0x9803, 0x9803, 0x9803, 0x9803, 
    0x9803, 0x9803, 0x9803, 0x9803, 0x9803, 0x9803, 0x9803, 0x9803, 0x9903, 0x9803, 0x9903, 0x9903, 
    0x9903, 0x9803, 0x9803, 0x9903, 0x9903, 0x9803, 0x9903, 0x9803, 0x9803, 0x9803, 0x9803, 0x9803, 
    0x9803, 0x4BC1, 0x00E0, 0x00E0, 0x00E0, 0x00E0, 0x00E0, 0x00E0, 0x00E0, 0x00E0, 0x0C48, 0x0E00, 
    0x2E00, 0xDFFF, 0xFFFF, 0xFFFF, 0xFFFF, 0xFFFF, 0xFFFF, 0xFFFF, 0xFFFF, 0xFFFF, 0xFFFF, 0xFFFF, 
    0xFFFF, 0xFFFF, 0xFFFF, 0xFFFF, 0xFFFF, 0xFFFF, 0xFFFF, 0xFFFF, 0xFFFF, 0xDCDE, 0x1000, 0x1000, 
    0x0998, 0x00E0, 0x00E0, 0x00E0, 0x00E0, 0x00E0, 0x00E0, 0x00E0, 0x00E0, 0x718A, 0x7803, 0x7803, 
    0x7803, 0x7803, 0x7803, 0x7803, 0x7803, 0x7803, 0x7803, 0x7803, 0x7803, 0x7803, 0x7803, 0x9803, 
    0x7803, 0x7803, 0x7803, 0x9803, 0x9803, 0x9803, 0x9803, 0x9803, 0x9803, 0x9803, 0x9803, 0x9803, 
    0x9803, 0x9803, 0x9803, 0x9803, 0x9803, 0x9803, 0x9803, 0x9803, 0x7803, 0x7803, 0x7803, 0x7803, 
    0x7803, 0x9803, 0x9803, 0x9803, 0x9803, 0x9803, 0x9803, 0x9803, 0x9803, 0x9803, 0x9803, 0x9803, 
    0x9803, 0x9803, 0x9803, 0x9803, 0x9803, 0x9803, 0x9803, 0x9803, 0x9803, 0x9803, 0x9803, 0x9803, 
    0x9803, 0x9803, 0x9803, 0x9803, 0x9803, 0x9803, 0x9803, 0x9803, 0x9803, 0x9803, 0x9803, 0x9803, 
    0x9803, 0x9903, 0x9803, 0x9803, 0x9903, 0x9803, 0x9803, 0x9803, 0x9803, 0x9803, 0x9803, 0x9803, 
    0x9803, 0x9803, 0x9803, 0x9803, 0x9803, 0x9803, 0x9803, 0x9903, 0x9903, 0x9803, 0x9903, 0x9803, 
    0x9803, 0x9803, 0x9803, 0x9803, 0x9803, 0x9803, 0x9803, 0x9803, 0x9803, 0x9903, 0x9803, 0x9803, 
    0x9803, 0xD472, 0x00E0, 0x00E0, 0x00E0, 0x00E0, 0x00E0, 0x00E0, 0x00E0, 0x00E0, 0x07A8, 0x0C00, 
    0x0C00, 0x1ABE, 0xFFFF, 0xFFFF, 0xFFFF, 0xFFFF, 0xFFFF, 0xFFFF, 0xFFFF, 0xFFFF, 0xFFFF, 0xFFFF, 
    0xFFFF, 0xFFFF, 0xFFFF, 0xFFFF, 0xFFFF, 0xFFFF, 0xFFFF, 0xFFFF, 0xFFFF, 0xB442, 0x1000, 0x1000, 
    0x01D0, 0x00E0, 0x00E0, 0x00E0, 0x00E0, 0x00E0, 0x00E0, 0x00E0, 0x00E0, 0x371B, 0x7803, 0x7803, 
    0x7803, 0x7803, 0x7803, 0x7803, 0x7803, 0x7803, 0x7803, 0x7803, 0x9803, 0x7803, 0x9803, 0x7803, 
    0x7803, 0x9803, 0x9803, 0x9803, 0x9803, 0x9803, 0x9803, 0x9803, 0x9803, 0x9803, 0x9803, 0x9803, 
    0x9803, 0x9803, 0x9803, 0x9803, 0x9803, 0x9803, 0x9803, 0x9803, 0x9803, 0x9803, 0x9803, 0x9803, 
    0x9803, 0x9803, 0x9803, 0x9803, 0x9803, 0x9803, 0x9803, 0x9803, 0x9803, 0x9803, 0x9803, 0x9803, 
    0x9803, 0x9803, 0x9803, 0x9803, 0x9803, 0x9803, 0x9803, 0x9803, 0x9803, 0x9803, 0x9803, 0x9803, 
    0x9803, 0x9803, 0x9803, 0x9803, 0x9803, 0x9803, 0x9803, 0x9803, 0x9803, 0x9803, 0x9803, 0x9803, 
    0x9803, 0x9803, 0x9803, 0x9803, 0x9803, 0x9803, 0x9803, 0x9803, 0x9803, 0x9803, 0x9803, 0x9803, 
    0x9803, 0x9803, 0x9803, 0x9803, 0x9803, 0x9803, 0x9803, 0x9903, 0x9803, 0x9903, 0x9903, 0x9903, 
    0x9803, 0x9903, 0x9803, 0x9803, 0x9803, 0x9803, 0x9803, 0x9803, 0x9803, 0x9803, 0x9803, 0x9803, 
    0x9803, 0x980B, 0x00E0, 0x00E0, 0x00E0, 0x00E0, 0x00E0, 0x00E0, 0x00E0, 0x00E0, 0x00D8, 0x0C00, 
    0x0C00, 0x8E00, 0xDFFF, 0xFFFF, 0xFFFF, 0xFFFF, 0xFFFF, 0xFFFF, 0xFFFF, 0xFFFF, 0xFFFF, 0xFFFF, 
    0xFFFF, 0xFFFF, 0xFFFF, 0xFFFF, 0xFFFF, 0xFFFF, 0xFFFF, 0xFFFF, 0x1DE7, 0x1000, 0x1000, 0x0D38, 
    0x00E0, 0x00E0, 0x00E0, 0x00E0, 0x00E0, 0x00E0, 0x00E0, 0x00E0, 0xE8C8, 0x7803, 0x7803, 0x7803, 
    0x7803, 0x7803, 0x7803, 0x7803, 0x7803, 0x7803, 0x7803, 0x7803, 0x7803, 0x9803, 0x9803, 0x9803, 
    0x7803, 0x9803, 0x9803, 0x9803, 0x9803, 0x9803, 0x9803, 0x9803, 0x9803, 0x9803, 0x9803, 0x9803, 
    0x9803, 0x9803, 0x9803, 0x9803, 0x9803, 0x9803, 0x9803, 0x9803, 0x9803, 0x9803, 0x9803, 0x9803, 
    0x9803, 0x9803, 0x9803, 0x9803, 0x9803, 0x9803, 0x9803, 0x9803, 0x9803, 0x9803, 0x9803, 0x9803, 
    0x9803, 0x9803, 0x9803, 0x9803, 0x9803, 0x9803, 0x9803, 0x9803, 0x9803, 0x9803, 0x9803, 0x9803, 
    0x9803, 0x9803, 0x9803, 0x9803, 0x9803, 0x9803, 0x9803, 0x9803, 0x9803, 0x9803, 0x9803, 0x9803, 
    0x9803, 0x9803, 0x9803, 0x9803, 0x9803, 0x9803, 0x9803, 0x9803, 0x9803, 0x9803, 0x9803, 0x9803, 
    0x9803, 0x9803, 0x9803, 0x9803, 0x9803, 0x9803, 0x9803, 0x9803, 0x9903, 0x9803, 0x9803, 0x9803, 
    0x9803, 0x9803, 0x9803, 0x9803, 0x9803, 0x9803, 0x9803, 0x9903, 0x9803, 0x9803, 0x9903, 0x9803, 
    0x9803, 0x9803, 0x8BC1, 0x00E0, 0x00E0, 0x00E0, 0x00E0, 0x00E0, 0x00E0, 0x00E0, 0x00E0, 0x0A50, 
    0x0B00, 0x0B00, 0x1ABE, 0xFFFF, 0xFFFF, 0xFFFF, 0xFFFF, 0xFFFF, 0xFFFF, 0xFFFF, 0xFFFF, 0xFFFF, 
    0xFFFF, 0xFFFF, 0xFFFF, 0xFFFF, 0xFFFF, 0xFFFF, 0xFFFF, 0xFFFF, 0xD66B, 0x1000, 0x1000, 0x0998, 
    0x00E0, 0x00E0, 0x00E0, 0x00E0, 0x00E0, 0x00E0, 0x00E0, 0x00E0, 0x7282, 0x7803, 0x7803, 0x7803, 
    0x7803, 0x7803, 0x7803, 0x7803, 0x9803, 0x9803, 0x7803, 0x7803, 0x7803, 0x7803, 0x9803, 0x7803, 
    0x9803, 0x9803, 0x9803, 0x9803, 0x9803, 0x9803, 0x9803, 0x9803, 0x9803, 0x9803, 0x9803, 0x9803, 
    0x9803, 0x9803, 0x9803, 0x9803, 0x9803, 0x9803, 0x9803, 0x9803, 0x9803, 0x9803, 0x9803, 0x9803, 
    0x9803, 0x9803, 0x9803, 0x9803, 0x9803, 0x9803, 0x9803, 0x9803, 0x9803, 0x9803, 0x9803, 0x9803, 
    0x9803, 0x9803, 0x9803, 0x9803, 0x9803, 0x9803, 0x9803, 0x9803, 0x9903, 0x9803, 0x9803, 0x9803, 
    0x9803, 0x9803, 0x9803, 0x9803, 0x9803, 0x9803, 0x9803, 0x9803, 0x9803, 0x9803, 0x9803, 0x9803, 
    0x9803, 0x9803, 0x9803, 0x9803, 0x9803, 0x9803, 0x9803, 0x9803, 0x9803, 0x9803, 0x9803, 0x9803, 
    0x9803, 0x9803, 0x9803, 0x9803, 0x9803, 0x9803, 0x9803, 0x9803, 0x9803, 0x9903, 0x9803, 0x9803, 
    0x9803, 0x9803, 0x9803, 0x9903, 0x9803, 0x9803, 0x9803, 0x9803, 0x9903, 0x9803, 0x9903, 0x9803, 
    0x9803, 0x9803, 0xD472, 0x00E0, 0x00E0, 0x00E0, 0x00E0, 0x00E0, 0x00E0, 0x00E0, 0x00E0, 0x05A8, 
    0x0B00, 0x0B00, 0x0C00, 0x7EEF, 0xFFFF, 0xFFFF, 0xFFFF, 0xFFFF, 0xFFFF, 0xFFFF, 0xFFFF, 0xFFFF, 
    0xFFFF, 0xFFFF, 0xFFFF, 0xFFFF, 0xFFFF, 0xFFFF, 0xFFFF, 0x3DE7, 0x0F00, 0x1000, 0x1000, 0x00D0, 
    0x00E0, 0x00E0, 0x00E0, 0x00E0, 0x00E0, 0x00E0, 0x00E0, 0x00E0, 0x370B, 0x7803, 0x7803, 0x7803, 
    0x7803, 0x7803, 0x7803, 0x7803, 0x7803, 0x7803, 0x7803, 0x7803, 0x9803, 0x9803, 0x9803, 0x9803, 
    0x9803, 0x9803, 0x9803, 0x9803, 0x9803, 0x9803, 0x9803, 0x9803, 0x9803, 0x9803, 0x9803, 0x9803, 
    0x9803, 0x9803, 0x9803, 0x9803, 0x9803, 0x9803, 0x9803, 0x9803, 0x9803, 0x9803, 0x9803, 0x9803, 
    0x9803, 0x9803, 0x9803, 0x9803, 0x9803, 0x9803, 0x9803, 0x9803, 0x9803, 0x9803, 0x9803, 0x9803, 
    0x9803, 0x9803, 0x9803, 0x9803, 0x9803, 0x9803, 0x9803, 0x9803, 0x9803, 0x9803, 0x9803, 0x9803, 
    0x9803, 0x9803, 0x9803, 0x9803, 0x9803, 0x9803, 0x9803, 0x9803, 0x9803, 0x9803, 0x9803, 0x9803, 
    0x9803, 0x9803, 0x9803, 0x9803, 0x9803, 0x9803, 0x9803, 0x9803, 0x9803, 0x9803, 0x9803, 0x9803, 
    0x9803, 0x9803, 0x9803, 0x9803, 0x9803, 0x9803, 0x9803, 0x9803, 0x9803, 0x9803, 0x9903, 0x9803, 
    0x9803, 0x9803, 0x9803, 0x9803, 0x9803, 0x9803, 0x9803, 0x9803, 0x9803, 0x9903, 0x9803, 0x9803, 
    0x9803, 0x9803, 0x9803, 0x20E0, 0x00E0, 0x00E0, 0x00E0, 0x00E0, 0x00E0, 0x00E0, 0x00E0, 0x00D8, 
    0x0B00, 0x0B00, 0x0B00, 0x1574, 0xFFFF, 0xFFFF, 0xFFFF, 0xFFFF, 0xFFFF, 0xFFFF, 0xFFFF, 0xFFFF, 
    0xFFFF, 0xFFFF, 0xFFFF, 0xFFFF, 0xFFFF, 0xFFFF, 0xFFFF, 0xD673, 0x0F00, 0x1000, 0x0D38, 0x00E0, 
    0x00E0, 0x00E0, 0x00E0, 0x00E0, 0x00E0, 0x00E0, 0x00E0, 0x2AC1, 0x7803, 0x7803, 0x7803, 0x9803, 
    0x7803, 0x7803, 0x7803, 0x9803, 0x9803, 0x9803, 0x9803, 0x9803, 0x9803, 0x9803, 0x9803, 0x9803, 
    0x9803, 0x9803, 0x9803, 0x9803, 0x9803, 0x9803, 0x9803, 0x9803, 0x9803, 0x9803, 0x9803, 0x9803, 
    0x9803, 0x9803, 0x9803, 0x9803, 0x9803, 0x9803, 0x9803, 0x9803, 0x9803, 0x9803, 0x9803, 0x9803, 
    0x9803, 0x9803, 0x9803, 0x9803, 0x9803, 0x9803, 0x9803, 0x9803, 0x9803, 0x9803, 0x9803, 0x9803, 
    0x9803, 0x9803, 0x9803, 0x9803, 0x9803, 0x9803, 0x9803, 0x9803, 0x9803, 0x9803, 0x9803, 0x9803, 
    0x9803, 0x9803, 0x9803, 0x9803, 0x9803, 0x9803, 0x9803, 0x9803, 0x9803, 0x9803, 0x9803, 0x9803, 
    0x9803, 0x9803, 0x9803, 0x9803, 0x9803, 0x9803, 0x9803, 0x9803, 0x9803, 0x9803, 0x9803, 0x9803, 
    0x9803, 0x9803, 0x9803, 0x9803, 0x9803, 0x9803, 0x9803, 0x9803, 0x9803, 0x9803, 0x9903, 0x9803, 
    0x9803, 0x9803, 0x9903, 0x9803, 0x9803, 0x9803, 0x9803, 0x9803, 0x9803, 0x9803, 0x9803, 0x9803, 
    0x9803, 0x9803, 0x9803, 0xCCB9, 0x00E0, 0x00E0, 0x00E0, 0x00E0, 0x00E0, 0x00E0, 0x00E0, 0x00E0, 
    0x0960, 0x0B00, 0x0B00, 0x0B00, 0xDCDE, 0xFFFF, 0xFFFF, 0xFFFF, 0xFFFF, 0xFFFF, 0xFFFF, 0xFFFF, 
    0xFFFF, 0xFFFF, 0xFFFF, 0xFFFF, 0xFFFF, 0xFFFF, 0x3DE7, 0x0F00, 0x1000, 0x1000, 0x07A0, 0x00E0, 
    0x00E0, 0x00E0, 0x00E0, 0x00E0, 0x00E0, 0x00E0, 0x00E0, 0x927A, 0x7803, 0x9803, 0x9803, 0x7803, 
    0x9803, 0x9803, 0x9803, 0x9803, 0x9803, 0x9803, 0x9803, 0x9803, 0x9803, 0x9803, 0x9803, 0x9803, 
    0x9803, 0x9803, 0x9803, 0x9803, 0x9803, 0x9803, 0x9803, 0x9803, 0x9803, 0x9803, 0x9803, 0x9803, 
    0x9803, 0x9803, 0x9803, 0x9803, 0x9803, 0x9803, 0x9803, 0x9803, 0x9803, 0x9803, 0x9803, 0x9803, 
    0x9803, 0x9803, 0x9803, 0x9803, 0x9903, 0x9803, 0x9803, 0x9803, 0x9903, 0x9803, 0x9803, 0x9803, 
    0x9803, 0x9803, 0x9803, 0x9803, 0x9803, 0x9803, 0x9903, 0x9803, 0x9803, 0x9803, 0x9803, 0x9803, 
    0x9803, 0x9803, 0x9803, 0x9803, 0x9803, 0x9803, 0x9803, 0x9803, 0x9803, 0x9803, 0x9803, 0x9803, 
    0x9803, 0x9803, 0x9803, 0x9803, 0x9803, 0x9803, 0x9803, 0x9803, 0x9803, 0x9803, 0x9803, 0x9803, 
    0x9803, 0x9803, 0x9803, 0x9803, 0x9803, 0x9803, 0x9903, 0x9803, 0x9803, 0x9803, 0x9803, 0x9903, 
    0x9803, 0x9803, 0x9803, 0x9803, 0x9803, 0x9803, 0x9803, 0x9803, 0x9803, 0x9903, 0x9803, 0x9903, 
    0x9803, 0x9803, 0x9803, 0xF562, 0x00E0, 0x00E0, 0x00E0, 0x00E0, 0x00E0, 0x00E0, 0x00E0, 0x00E0, 
    0x04B0, 0x0B00, 0x0B00, 0x0B00, 0x8F19, 0xDFFF, 0xFFFF, 0xFFFF, 0xFFFF, 0xFFFF, 0xFFFF, 0xFFFF, 
    0xFFFF, 0xFFFF, 0xFFFF, 0xFFFF, 0xFFFF, 0xFFFF, 0x7784, 0x0F00, 0x0F00, 0x0F00, 0x00D8, 0x00E0, 
    0x00E0, 0x00E0, 0x00E0, 0x00E0, 0x00E0, 0x00E0, 0x00E0, 0x3803, 0x9803, 0x9803, 0x9803, 0x9803, 
    0x9803, 0x9803, 0x9803, 0x9803, 0x9803, 0x9803, 0x9803, 0x9803, 0x9803, 0x9803, 0x9803, 0x9803, 
    0x9803, 0x9803, 0x9803, 0x9803, 0x9803, 0x9803, 0x9803, 0x9803, 0x9803, 0x9803, 0x9803, 0x9803, 
    0x9803, 0x9803, 0x9803, 0x9803, 0x9803, 0x9803, 0x9803, 0x9803, 0x9803, 0x9803, 0x9803, 0x9803, 
    0x9803, 0x9803, 0x9803, 0x9803, 0x9803, 0x9803, 0x9803, 0x9803, 0x9803, 0x9803, 0x9803, 0x9903, 
    0x9803, 0x9803, 0x9803, 0x9803, 0x9903, 0x9803, 0x9803, 0x9803, 0x9803, 0x9803, 0x9803, 0x9803, 
    0x9803, 0x9803, 0x9803, 0x9803, 0x9803, 0x9803, 0x9803, 0x9803, 0x9803, 0x9803, 0x9803, 0x9803, 
    0x9803, 0x9803, 0x9803, 0x9803, 0x9803, 0x9803, 0x9803, 0x9803, 0x9803, 0x9803, 0x9803, 0x9803, 
    0x9803, 0x9803, 0x9803, 0x9803, 0x9803, 0x9903, 0x9903, 0x9803, 0x9803, 0x9803, 0x9803, 0x9803, 
    0x9903, 0x9803, 0x9803, 0x9903, 0x9803, 0x9803, 0x9803, 0x9903, 0x9803, 0x9803, 0x9803, 0x9803, 
    0x9803, 0xB803, 0xB803, 0x9803, 0x41D8, 0x00E0, 0x00E0, 0x00E0, 0x00E0, 0x00E0, 0x00E0, 0x00E0, 
    0x00D8, 0x0B00, 0x0B00, 0x0B00, 0x0B00, 0xB9B5, 0xFFFF, 0xFFFF, 0xFFFF, 0xFFFF, 0xFFFF, 0xFFFF, 
    0xFFFF, 0xFFFF, 0xFFFF, 0xFFFF, 0xFFFF, 0x7EEF, 0x0F00, 0x0F00, 0x0F00, 0x0D48, 0x00E0, 0x00E0, 
    0x00E0, 0x00E0, 0x00E0, 0x00E0, 0x00E0, 0x00E0, 0x4AC1, 0x9803, 0x9803, 0x9803, 0x9803, 0x9803, 
    0x9803, 0x9803, 0x9803, 0x9803, 0x9803, 0x9803, 0x9803, 0x9803, 0x9803, 0x9803, 0x9803, 0x9803, 
    0x9803, 0x9803, 0x9803, 0x9803, 0x9803, 0x9803, 0x9803, 0x9803, 0x9803, 0x9803, 0x9803, 0x9803, 
    0x9803, 0x9803, 0x9803, 0x9803, 0x9803, 0x9803, 0x9803, 0x9803, 0x9803, 0x9903, 0x9803, 0x9803, 
    0x9903, 0x9803, 0x9803, 0x9803, 0x9803, 0x9803, 0x9803, 0x9803, 0x9803, 0x9803, 0x9803, 0x9803, 
    0x9803, 0x9803, 0x9803, 0x9803, 0x9803, 0x9803, 0x9803, 0x9803, 0x9803, 0x9803, 0x9803, 0x9803, 
    0x9803, 0x9803, 0x9803, 0x9803, 0x9803, 0x9803, 0x9803, 0x9803, 0x9803, 0x9803, 0x9803, 0x9803, 
    0x9803, 0x9803, 0x9803, 0x9803, 0x9803, 0x9803, 0x9803, 0x9803, 0x9803, 0x9803, 0x9803, 0x9803, 
    0x9803, 0x9803, 0x9803, 0x9803, 0x9803, 0x9803, 0x9903, 0x9803, 0x9803, 0x9803, 0x9903, 0x9803, 
    0x9803, 0x9803, 0x9803, 0x9803, 0x9803, 0x9803, 0x9803, 0x9803, 0x9803, 0x9803, 0x9803, 0x9803, 
    0x9803, 0xB803, 0xB803, 0xB803, 0xEEB1, 0x00E0, 0x00E0, 0x00E0, 0x00E0, 0x00E0, 0x00E0, 0x00E0, 
    0x00E0, 0x0968, 0x0B00, 0x0B00, 0x0B00, 0x0C00, 0x9EF7, 0xFFFF, 0xFFFF, 0xFFFF, 0xFFFF, 0xFFFF, 
    0xFFFF, 0xFFFF, 0xFFFF, 0xFFFF, 0xFFFF, 0x1674, 0x0E00, 0x0F00, 0x0F00, 0x07A8, 0x00E0, 0x00E0, 
    0x00E0, 0x00E0, 0x00E0, 0x00E0, 0x00E0, 0x00E0, 0x937A, 0x9803, 0x9803, 0x9803, 0x9803, 0x9803, 
    0x9803, 0x9803, 0x9803, 0x9803, 0x9803, 0x9803, 0x9803, 0x9803, 0x9803, 0x9803, 0x9803, 0x9803, 
    0x9803, 0x9803, 0x9803, 0x9803, 0x9803, 0x9803, 0x9803, 0x9803, 0x9803, 0x9803, 0x9903, 0x9803, 
    0x9803, 0x9803, 0x9803, 0x9803, 0x9803, 0x9803, 0x9803, 0x9803, 0x9803, 0x9803, 0x9803, 0x9803, 
    0x9803, 0x9803, 0x9803, 0x9803, 0x9803, 0x9803, 0x9803, 0x9803, 0x9803, 0x9803, 0x9803, 0x9803, 
    0x9803, 0x9803, 0x9803, 0x9803, 0x9803, 0x9803, 0x9803, 0x9803, 0x9803, 0x9803, 0x9803, 0x9803, 
    0x9803, 0x9803, 0x9803, 0x9803, 0x9803, 0x9803, 0x9803, 0x9803, 0x9803, 0x9803, 0x9803, 0x9803, 
    0x9803, 0x9803, 0x9803, 0x9803, 0x9803, 0x9803, 0x9803, 0x9803, 0x9803, 0x9803, 0x9803, 0x9803, 
    0x9803, 0x9803, 0x9803, 0x9803, 0x9803, 0x9803, 0x9803, 0x9903, 0x9803, 0x9803, 0x9803, 0x9803, 
    0x9803, 0x9803, 0x9803, 0x9903, 0x9803, 0x9803, 0x9803, 0x9803, 0x9803, 0x9903, 0x9803, 0x9803, 
    0x9803, 0xB803, 0xB803, 0xB803, 0x355B, 0x00E0, 0x00E0, 0x00E0, 0x00E0, 0x00E0, 0x00E0, 0x00E0, 
    0x00E0, 0x03C0, 0x0B00, 0x0B00, 0x0B00, 0x0B00, 0x78AD, 0xFFFF, 0xFFFF, 0xFFFF, 0xFFFF, 0xFFFF, 
    0xFFFF, 0xFFFF, 0xFFFF, 0xFFFF, 0x3DE7, 0x0F00, 0x0F00, 0x0F00, 0x0F00, 0x00D8, 0x00E0, 0x00E0, 
    0x00E0, 0x00E0, 0x00E0, 0x00E0, 0x00E0, 0x00E0, 0x5803, 0x9803, 0x9803, 0x9803, 0x9803, 0x9803, 
    0x9803, 0x9803, 0x9803, 0x9803, 0x9803, 0x9803, 0x9803, 0x9803, 0x9803, 0x9803, 0x9803, 0x9803, 
    0x9803, 0x9803, 0x9803, 0x9803, 0x9803, 0x9803, 0x9803, 0x9803, 0x9803, 0x9803, 0x9803, 0x9903, 
    0x9803, 0x9803, 0x9803, 0x9803, 0x9803, 0x9803, 0x9803, 0x9803, 0x9803, 0x9803, 0x9803, 0x9803, 
    0x9803, 0x9803, 0x9803, 0x9803, 0x9803, 0x9803, 0x9803, 0x9803, 0x9803, 0x9803, 0x9803, 0x9803, 
    0x9803, 0x9803, 0x9803, 0x9803, 0x9803, 0x9803, 0x9803, 0x9803, 0x9803, 0x9803, 0x9803, 0x9803, 
    0x9803, 0x9803, 0x9803, 0x9803, 0x9803, 0x9803, 0x9803, 0x9803, 0x9803, 0x9803, 0x9803, 0x9803, 
    0x9803, 0x9803, 0x9803, 0x9803, 0x9803, 0x9803, 0x9803, 0x9803, 0x9803, 0x9803, 0x9803, 0x9803, 
    0x9803, 0x9803, 0x9803, 0x9803, 0x9803, 0x9803, 0x9803, 0x9903, 0x9803, 0x9803, 0x9803, 0x9803, 
    0x9803, 0x9803, 0x9803, 0x9903, 0x9803, 0x9803, 0x9803, 0x9803, 0x9803, 0x9803, 0x9803, 0x9803, 
    0xB803, 0xB803, 0xB803, 0xB803, 0xB803, 0x63D8, 0x00E0, 0x00E0, 0x00E0, 0x00E0, 0x00E0, 0x00E0, 
    0x00E0, 0x00E0, 0x0B00, 0x0B00, 0x0B00, 0x0B00, 0x0C00, 0x7EEF, 0xFFFF, 0xFFFF, 0xFFFF, 0xFFFF, 
    0xFFFF, 0xFFFF, 0xFFFF, 0xFFFF, 0xF673, 0x0F00, 0x0F00, 0x0F00, 0x0C50, 0x00E0, 0x00E0, 0x00E0, 
    0x00E0, 0x00E0, 0x00E0, 0x00E0, 0x00E0, 0x8CB9, 0x9803, 0x9803, 0x9803, 0x9803, 0x9803, 0x9803, 
    0x9803, 0x9803, 0x9803, 0x9803, 0x9803, 0x9803, 0x9803, 0x9803, 0x9803, 0x9803, 0x9803, 0x9803, 
    0x9803, 0x9803, 0x9803, 0x9803, 0x9803, 0x9803, 0x9803, 0x9803, 0x9803, 0x9803, 0x9803, 0x9803, 
    0x9803, 0x9803, 0x9803, 0x9803, 0x9803, 0x9803, 0x9803, 0x9803, 0x9803, 0x9803, 0x9803, 0x9803, 
    0x9803, 0x9803, 0x9803, 0x9803, 0x9803, 0x9803, 0x9803, 0x9803, 0x9803, 0x9803, 0x9803, 0x9803, 
    0x9803, 0x9803, 0x9803, 0x9803, 0x9803, 0x9803, 0x9803, 0x9803, 0x9803, 0x9803, 0x9803, 0x9803, 
    0x9803, 0x9803, 0x9803, 0x9803, 0x9803, 0x9803, 0x9803, 0x9803, 0x9803, 0x9803, 0x9803, 0x9803, 
    0x9803, 0x9803, 0x9803, 0x9803, 0x9803, 0x9803, 0x9803, 0x9803, 0x9803, 0x9803, 0x9803, 0x9803, 
    0x9803, 0x9803, 0x9803, 0x9803, 0x9803, 0x9803, 0x9803, 0x9803, 0x9803, 0x9803, 0x9803, 0x9803, 
    0x9803, 0x9903, 0x9803, 0x9803, 0x9803, 0x9803, 0x9803, 0x9803, 0x9803, 0x9803, 0x9803, 0x9803, 
    0xB803, 0xB803, 0xB803, 0xB803, 0xB903, 0x0EAA, 0x00E0, 0x00E0, 0x00E0, 0x00E0, 0x00E0, 0x00E0, 
    0x00E0, 0x00E0, 0x0778, 0x0B00, 0x0B00, 0x0B00, 0x0B00, 0x968C, 0xFFFF, 0xFFFF, 0xFFFF, 0xFFFF, 
    0xFFFF, 0xFFFF, 0xFFFF, 0x3DE7, 0x1000, 0x0E00, 0x0F00, 0x0F00, 0x07A8, 0x00E0, 0x00E0, 0x00E0, 
    0x00E0, 0x00E0, 0x00E0, 0x00E0, 0x00E0, 0xD46A, 0x9803, 0x9803, 0x9803, 0x9803, 0x9803, 0x9803, 
    0x9803, 0x9803, 0x9803, 0x9803, 0x9803, 0x9803, 0x9803, 0x9803, 0x9803, 0x9803, 0x9803, 0x9803, 
    0x9803, 0x9803, 0x9803, 0x9803, 0x9803, 0x9803, 0x9803, 0x9803, 0x9803, 0x9803, 0x9803, 0x9903, 
    0x9803, 0x9803, 0x9803, 0x9803, 0x9903, 0x9803, 0x9803, 0x9803, 0x9803, 0x9803, 0x9903, 0x9803, 
    0x9803, 0x9803, 0x9803, 0x9803, 0x9803, 0x9803, 0x9803, 0x9803, 0x9803, 0x9803, 0x9803, 0x9803, 
    0x9803, 0x9803, 0x9803, 0x9803, 0x9803, 0x9803, 0x9803, 0x9803, 0x9803, 0x9803, 0x9803, 0x9803, 
    0x9803, 0x9803, 0x9803, 0x9803, 0x9803, 0x9803, 0x9803, 0x9803, 0x9803, 0x9803, 0x9803, 0x9803, 
    0x9803, 0x9803, 0x9803, 0x9803, 0x9803, 0x9803, 0x9803, 0x9803, 0x9803, 0x9803, 0x9803, 0x9803, 
    0x9803, 0x9803, 0x9803, 0x9803, 0x9803, 0x9803, 0x9903, 0x9803, 0x9803, 0x9803, 0x9803, 0x9803, 
    0x9803, 0x9903, 0x9803, 0x9903, 0x9803, 0x9803, 0x9803, 0x9803, 0x9803, 0x9803, 0x9803, 0xB803, 
    0xB803, 0xB803, 0xB803, 0xB803, 0xB803, 0x3653, 0x00E0, 0x00E0, 0x00E0, 0x00E0, 0x00E0, 0x00E0, 
    0x00E0, 0x00E0, 0x02C0, 0x0B00, 0x0B00, 0x0B00, 0x0B00, 0x0E00, 0x7EEF, 0xFFFF, 0xFFFF, 0xFFFF, 
    0xFFFF, 0xFFFF, 0xFFFF, 0xD673, 0x0F00, 0x0E00, 0x0E00, 0x0F00, 0x00D8, 0x00E0, 0x00E0, 0x00E0, 
    0x00E0, 0x00E0, 0x00E0, 0x00E0, 0x20D8, 0x5803, 0x9803, 0x9803, 0x9803, 0x9803, 0x9803, 0x9803, 
    0x9803, 0x9803, 0x9803, 0x9803, 0x9803, 0x9803, 0x9803, 0x9803, 0x9803, 0x9803, 0x9803, 0x9803, 
    0x9803, 0x9803, 0x9803, 0x9803, 0x9803, 0x9803, 0x9803, 0x9803, 0x9803, 0x9803, 0x9803, 0x9803, 
    0x9803, 0x9803, 0x9803, 0x9803, 0x9803, 0x9803, 0x9803, 0x9803, 0x9803, 0x9803, 0x9803, 0x9803, 
    0x9803, 0x9803, 0x9803, 0x9803, 0x9803, 0x9803, 0x9803, 0x9803, 0x9803, 0x9803, 0x9803, 0x9803, 
    0x9803, 0x9803, 0x9803, 0x9803, 0x9803, 0x9803, 0x9803, 0x9803, 0x9803, 0x9803, 0x9803, 0x9803, 
    0x9803, 0x9803, 0x9803, 0x9803, 0x9803, 0x9803, 0x9803, 0x9803, 0x9803, 0x9803, 0x9803, 0x9803, 
    0x9803, 0x9803, 0x9803, 0x9803, 0x9803, 0x9803, 0x9803, 0x9803, 0x9803, 0x9803, 0x9803, 0x9803, 
    0x9803, 0x9803, 0x9803, 0x9803, 0x9803, 0x9803, 0x9903, 0x9803, 0x9803, 0x9803, 0x9803, 0x9803, 
    0x9803, 0x9803, 0x9903, 0x9803, 0x9803, 0x9803, 0x9803, 0x9803, 0x9803, 0xB803, 0xB803, 0xB803, 
    0xB803, 0xB803, 0xB803, 0xB803, 0xB803, 0xB803, 0x84D8, 0x00E0, 0x00E0, 0x00E0, 0x00E0, 0x00E0, 
    0x00E0, 0x00E0, 0x00E0, 0x0A08, 0x0B00, 0x0B00, 0x0B00, 0x1000, 0x778C, 0xFFFF, 0xFFFF, 0xFFFF, 
    0xFFFF, 0xFFFF, 0x7EEF, 0x1000, 0x0F00, 0x0E00, 0x0F00, 0x0B60, 0x00E0, 0x00E0, 0x00E0, 0x00E0, 
    0x00E0, 0x00E0, 0x00E0, 0x00E0, 0xACB9, 0x7803, 0x9803, 0x9803, 0x9803, 0x9803, 0x9803, 0x9803, 
    0x9803, 0x9803, 0x9803, 0x9803, 0x9803, 0x9803, 0x9803, 0x9803, 0x9803, 0x9803, 0x9803, 0x9803, 
    0x9803, 0x9803, 0x9803, 0x9803, 0x9803, 0x9803, 0x9803, 0x9803, 0x9803, 0x9803, 0x9803, 0x9803, 
    0x9803, 0x9803, 0x9803, 0x9803, 0x9803, 0x9803, 0x9803, 0x9803, 0x9803, 0x9803, 0x9803, 0x9803, 
    0x9803, 0x9803, 0x9803, 0x9803, 0x9803, 0x9803, 0x9803, 0x9803, 0x9803, 0x9803, 0x9803, 0x9803, 
    0x9803, 0x9803, 0x9803, 0x9803, 0x9803, 0x9803, 0x9803, 0x9803, 0x9803, 0x9803, 0x9803, 0x9803, 
    0x9803, 0x9803, 0x9803, 0x9803, 0x9803, 0x9803, 0x9803, 0x9803, 0x9803, 0x9803, 0x9803, 0x9803, 
    0x9803, 0x9803, 0x9803, 0x9803, 0x9803, 0x9803, 0x9803, 0x9803, 0x9803, 0x9803, 0x9803, 0x9803, 
    0x9803, 0x9803, 0x9803, 0x9803, 0x9803, 0x9803, 0x9803, 0x9803, 0x9803, 0x9803, 0x9903, 0x9803, 
    0x9803, 0x9803, 0x9803, 0x9803, 0x9803, 0x9803, 0x9803, 0x9803, 0xB803, 0xB803, 0xB803, 0xB803, 
    0xB803, 0xB803, 0xB803, 0xB803, 0xB803, 0xB803, 0x4FA2, 0x00E0, 0x00E0, 0x00E0, 0x00E0, 0x00E0, 
    0x00E0, 0x00E0, 0x00E0, 0x0780, 0x0B00, 0x0B00, 0x0B00, 0x0F00, 0x1200, 0x9EF7, 0xFFFF, 0xFFFF, 
    0xFFFF, 0xFFFF, 0xBAB5, 0x1000, 0x0F00, 0x0F00, 0x0F00, 0x06B8, 0x00E0, 0x00E0, 0x00E0, 0x00E0, 
    0x00E0, 0x00E0, 0x00E0, 0x00E0, 0xD462, 0x7803, 0x9803, 0x9803, 0x9803, 0x9803, 0x9803, 0x9803, 
    0x9803, 0x9803, 0x9803, 0x9803, 0x9803, 0x9803, 0x9803, 0x9803, 0x9803, 0x9803, 0x9803, 0x9803, 
    0x9803, 0x9803, 0x9803, 0x9803, 0x9803, 0x9803, 0x9803, 0x9803, 0x9803, 0x9803, 0x9803, 0x9803, 
    0x9803, 0x9803, 0x9803, 0x9803, 0x9803, 0x9803, 0x9803, 0x9803, 0x9803, 0x9803, 0x9803, 0x9803, 
    0x9803, 0x9803, 0x9803, 0x9803, 0x9803, 0x9803, 0x9803, 0x9803, 0x9803, 0x9803, 0x9803, 0x9803, 
    0x9803, 0x9803, 0x9803, 0x9803, 0x9803, 0x9803, 0x9803, 0x9803, 0x9803, 0x9803, 0x9803, 0x9803, 
    0x9803, 0x9803, 0x9803, 0x9803, 0x9803, 0x9803, 0x9803, 0x9803, 0x9803, 0x9803, 0x9803, 0x9803, 
    0x9803, 0x9803, 0x9803, 0x9803, 0x9803, 0x9803, 0x9803, 0x9803, 0x9803, 0x9803, 0x9803, 0x9803, 
    0x9803, 0x9803, 0x9803, 0x9803, 0x9803, 0x9803, 0x9803, 0x9803, 0x9803, 0x9903, 0x9903, 0x9803, 
    0x9903, 0x9803, 0x9803, 0x9803, 0x9803, 0x9803, 0x9803, 0xB803, 0xB803, 0xB803, 0xB803, 0x9803, 
    0xB803, 0xB803, 0xB803, 0xB803, 0xB803, 0xB803, 0x5643, 0x00E0, 0x00E0, 0x00E0, 0x00E0, 0x00E0, 
    0x00E0, 0x00E0, 0x00E0, 0x01C8, 0x0C00, 0x0B00, 0x0B00, 0x0D00, 0x1400, 0x5BC6, 0xFFFF, 0xFFFF, 
    0xFFFF, 0xFFFF, 0x743A, 0x1000, 0x0F00, 0x1000, 0x0F00, 0x00D8, 0x00E0, 0x00E0, 0x00E0, 0x00E0, 
    0x00E0, 0x00E0, 0x00E0, 0x20D8, 0x7803, 0x7803, 0x9803, 0x9803, 0x9803, 0x9803, 0x9803, 0x9803, 
    0x9803, 0x9803, 0x9803, 0x9803, 0x9803, 0x9803, 0x9803, 0x9803, 0x9803, 0x9803, 0x9803, 0x9803, 
    0x9803, 0x9803, 0x9803, 0x9803, 0x9803, 0x9803, 0x9803, 0x9803, 0x9803, 0x9803, 0x9803, 0x9803, 
    0x9803, 0x9803, 0x9803, 0x9803, 0x9803, 0x9803, 0x9803, 0x9803, 0x9803, 0x9803, 0x9803, 0x9803, 
    0x9803, 0x9803, 0x9803, 0x9803, 0x9803, 0x9803, 0x9803, 0x9803, 0x9803, 0x9803, 0x9803, 0x9803, 
    0x9803, 0x9803, 0x9803, 0x9803, 0x9803, 0x9803, 0x9803, 0x9803, 0x9803, 0x9803, 0x9803, 0x9803, 
    0x9803, 0x9803, 0x9803, 0x9803, 0x9803, 0x9803, 0x9803, 0x9803, 0x9803, 0x9803, 0x9803, 0x9803, 
    0x9803, 0x9803, 0x9803, 0x9803, 0x9803, 0x9803, 0x9803, 0x9803, 0x9803, 0x9803, 0x9803, 0x9803, 
    0x9803, 0x9803, 0x9803, 0x9803, 0x9803, 0x9803, 0x9803, 0x9803, 0x9803, 0x9803, 0x9803, 0x9803, 
    0x9803, 0x9803, 0x9803, 0x9803, 0x9803, 0x9803, 0x9803, 0xB803, 0xB803, 0xB803, 0xB803, 0xB803, 
    0xB803, 0xB803, 0xB803, 0xB803, 0xB803, 0xB803, 0xB803, 0xC6D0, 0x00E0, 0x00E0, 0x00E0, 0x00E0, 
    0x00E0, 0x00E0, 0x00E0, 0x00E0, 0x0B18, 0x0B00, 0x0B00, 0x0C00, 0x1400, 0xB74A, 0xFFFF, 0xFFFF, 
    0xFFFF, 0x9EF7, 0x1000, 0x0E00, 0x0F00, 0x1000, 0x0B68, 0x00E0, 0x00E0, 0x00E0, 0x00E0, 0x00E0, 
    0x00E0, 0x00E0, 0x00E0, 0xCDB1, 0x9803, 0x9803, 0x9803, 0x9803, 0x9803, 0x9803, 0x9803, 0x9803, 
    0x9803, 0x9803, 0x9803, 0x9803, 0x9803, 0x9803, 0x9803, 0x9803, 0x9803, 0x9803, 0x9803, 0x9803, 
    0x9803, 0x9803, 0x9803, 0x9803, 0x9803, 0x9803, 0x9803, 0x9803, 0x9803, 0x9803, 0x9803, 0x9803, 
    0x9803, 0x9803, 0x9803, 0x9803, 0x9803, 0x9803, 0x9803, 0x9803, 0x9803, 0x9803, 0x9803, 0x9803, 
    0x9803, 0x9803, 0x9803, 0x9803, 0x9803, 0x9803, 0x9803, 0x9803, 0x9803, 0x9803, 0x9803, 0x9803, 
    0x9803, 0x9803, 0x9803, 0x9803, 0x9803, 0x9803, 0x9803, 0x9803, 0x9803, 0x9803, 0x9803, 0x9803, 
    0x9803, 0x9803, 0x9803, 0x9803, 0x9803, 0x9803, 0x9803, 0x9803, 0x9803, 0x9803, 0x9803, 0x9803, 
    0x9803, 0x9803, 0x9803, 0x9803, 0x9803, 0x9803, 0x9803, 0x9803, 0x9803, 0x9803, 0x9803, 0x9803, 
    0x9803, 0x9803, 0x9803, 0x9803, 0x9803, 0x9803, 0x9803, 0x9803, 0x9803, 0x9803, 0x9803, 0x9803, 
    0x9803, 0x9803, 0x9903, 0x9803, 0x9803, 0x9803, 0x9803, 0xB803, 0xB803, 0xB803, 0xB803, 0xB803, 
    0xB803, 0xB803, 0xB803, 0xB803, 0xB803, 0xB803, 0xB903, 0x709A, 0x00E0, 0x00E0, 0x00E0, 0x00E0, 
    0x00E0, 0x00E0, 0x00E0, 0x00E0, 0x0788, 0x0B00, 0x0B00, 0x0B00, 0x1400, 0x1500, 0xBFF7, 0xFFFF, 
    0xFFFF, 0xFCDE, 0x0F00, 0x0C00, 0x0F00, 0x1000, 0x05B8, 0x00E0, 0x00E0, 0x00E0, 0x00E0, 0x00E0, 
    0x00E0, 0x00E0, 0x00E0, 0xD562, 0x9803, 0x9803, 0x9803, 0x9803, 0x9803, 0x9803, 0x9803, 0x9803, 
    0x9803, 0x9803, 0x9803, 0x9803, 0x9803, 0x9803, 0x9803, 0x9803, 0x9803, 0x9803, 0x9803, 0x9803, 
    0x9803, 0x9803, 0x9803, 0x9803, 0x9803, 0x9803, 0x9803, 0x9803, 0x9803, 0x9803, 0x9803, 0x9803, 
    0x9803, 0x9803, 0x9803, 0x9803, 0x9803, 0x9803, 0x9803, 0x9803, 0x9803, 0x9803, 0x9803, 0x9803, 
    0x9803, 0x9803, 0x9803, 0x9803, 0x9803, 0x9803, 0x9803, 0x9803, 0x9803, 0x9803, 0x9803, 0x9803, 
    0x9803, 0x9803, 0x9803, 0x9803, 0x9803, 0x9803, 0x9803, 0x9803, 0x9803, 0x9803, 0x9803, 0x9803, 
    0x9803, 0x9803, 0x9803, 0x9803, 0x9803, 0x9803, 0x9803, 0x9803, 0x9803, 0x9803, 0x9803, 0x9803, 
    0x9803, 0x9803, 0x9803, 0x9803, 0x9803, 0x9803, 0x9803, 0x9803, 0x9803, 0x9803, 0x9803, 0x9803, 
    0x9803, 0x9803, 0x9803, 0x9803, 0x9803, 0x9803, 0x9803, 0x9803, 0x9903, 0x9803, 0x9803, 0x9803, 
    0x9803, 0x9803, 0x9803, 0x9803, 0x9803, 0x9803, 0xB803, 0xB803, 0xB803, 0xB803, 0xB803, 0xB803, 
    0xB803, 0xB803, 0xB803, 0xB803, 0xB803, 0xB803, 0xB903, 0x573B, 0x00E0, 0x00E0, 0x00E0, 0x00E0, 
    0x00E0, 0x00E0, 0x00E0, 0x00E0, 0x00C8, 0x0C00, 0x0B00, 0x0B00, 0x1500, 0x1500, 0x1DE7, 0xFFFF, 
    0xFFFF, 0x3BC6, 0x0C00, 0x0C00, 0x0F00, 0x0F00, 0x00E0, 0x00E0, 0x00E0, 0x00E0, 0x00E0, 0x00E0, 
    0x00E0, 0x00E0, 0x41D8, 0x7803, 0x9803, 0x9803, 0x9803, 0x9803, 0x9803, 0x9803, 0x9803, 0x9803, 
    0x9803, 0x9803, 0x9803, 0x9803, 0x9803, 0x9803, 0x9803, 0x9803, 0x9803, 0x9803, 0x9803, 0x9803, 
    0x9803, 0x9803, 0x9803, 0x9803, 0x9803, 0x9803, 0x9803, 0x9803, 0x9803, 0x9803, 0x9803, 0x9803, 
    0x9803, 0x9803, 0x9803, 0x9803, 0x9803, 0x9803, 0x9803, 0x9803, 0x9803, 0x9803, 0x9803, 0x9803, 
    0x9803, 0x9803, 0x9803, 0x9803, 0x9803, 0x9803, 0x9803, 0x9803, 0x9803, 0x9803, 0x9803, 0x9803, 
    0x9803, 0x9803, 0x9803, 0x9803, 0x9803, 0x9803, 0x9803, 0x9803, 0x9803, 0x9803, 0x9803, 0x9803, 
    0x9803, 0x9803, 0x9803, 0x9803, 0x9803, 0x9803, 0x9803, 0x9803, 0x9803, 0x9803, 0x9803, 0x9803, 
    0x9803, 0x9803, 0x9803, 0x9803, 0x9803, 0x9803, 0x9803, 0x9803, 0x9803, 0x9803, 0x9803, 0x9803, 
    0x9803, 0x9803, 0x9803, 0x9803, 0x9803, 0x9803, 0x9803, 0x9803, 0x9803, 0x9803, 0x9903, 0x9803, 
    0x9803, 0x9803, 0x9803, 0x9803, 0xB803, 0xB803, 0xB803, 0xB803, 0xB803, 0xB803, 0xB803, 0xB803, 
    0xB803, 0xB803, 0xB803, 0xB803, 0xB803, 0xB803, 0xB903, 0xB903, 0x07D1, 0x00E0, 0x00E0, 0x00E0, 
    0x00E0, 0x00E0, 0x00E0, 0x00E0, 0x00E0, 0x0A28, 0x0B00, 0x0B00, 0x1400, 0x1600, 0x5CCE, 0xFFFF, 
    0xFFFF, 0x978C, 0x0B00, 0x0C00, 0x0F00, 0x0B70, 0x00E0, 0x00E0, 0x00E0, 0x00E0, 0x00E0, 0x00E0, 
    0x00E0, 0x00E0, 0xCEA9, 0x9803, 0x9803, 0x9803, 0x9803, 0x9803, 0x9803, 0x9903, 0x9803, 0x9803, 
    0x9803, 0x9803, 0x9803, 0x9803, 0x9803, 0x9803, 0x9803, 0x9803, 0x9803, 0x9803, 0x9803, 0x9803, 
    0x9803, 0x9803, 0x9803, 0x9803, 0x9803, 0x9803, 0x9803, 0x9803, 0x9803, 0x9803, 0x9803, 0x9803, 
    0x9803, 0x9803, 0x9803, 0x9803, 0x9803, 0x9803, 0x9803, 0x9803, 0x9803, 0x9803, 0x9803, 0x9803, 
    0x9803, 0x9803, 0x9803, 0x9803, 0x9803, 0x9803, 0x9803, 0x9803, 0x9803, 0x9803, 0x9803, 0x9803, 
    0x9803, 0x9803, 0x9803, 0x9803, 0x9803, 0x9803, 0x9803, 0x9803, 0x9803, 0x9803, 0x9803, 0x9803, 
    0x9803, 0x9803, 0x9803, 0x9803, 0x9803, 0x9803, 0x9803, 0x9803, 0x9803, 0x9803, 0x9803, 0x9803, 
    0x9803, 0x9803, 0x9803, 0x9803, 0x9803, 0x9803, 0x9803, 0x9803, 0x9803, 0x9803, 0x9803, 0x9803, 
    0x9803, 0x9803, 0x9803, 0x9803, 0x9803, 0x9803, 0x9803, 0x9803, 0x9803, 0x9803, 0x9803, 0x9803, 
    0x9803, 0x9803, 0x9803, 0xB803, 0xB803, 0xB803, 0xB803, 0xB803, 0xB803, 0xB803, 0xB803, 0xB803, 
    0xB803, 0xB803, 0xB803, 0xB803, 0xB803, 0xB803, 0xB903, 0xB903, 0x7192, 0x00E0, 0x00E0, 0x00E0, 
    0x00E0, 0x00E0, 0x00E0, 0x00E0, 0x00E0, 0x0690, 0x0B00, 0x0B00, 0x1300, 0x1700, 0xFA8C, 0xFFFF, 
    0xFFFF, 0xB24A, 0x0B00, 0x0C00, 0x0F00, 0x04C0, 0x00E0, 0x00E0, 0x00E0, 0x00E0, 0x00E0, 0x00E0, 
    0x00E0, 0x00E0, 0xF54A, 0x9803, 0x9803, 0x9803, 0x9803, 0x9803, 0x9803, 0x9803, 0x9803, 0x9803, 
    0x9803, 0x9803, 0x9803, 0x9803, 0x9803, 0x9803, 0x9803, 0x9803, 0x9803, 0x9803, 0x9803, 0x9803, 
    0x9803, 0x9803, 0x9803, 0x9803, 0x9803, 0x9803, 0x9803, 0x9803, 0x9803, 0x9803, 0x9803, 0x9803, 
    0x9803, 0x9803, 0x9803, 0x9803, 0x9803, 0x9803, 0x9803, 0x9803, 0x9803, 0x9803, 0x9803, 0x9803, 
    0x9803, 0x9803, 0x9803, 0x9803, 0x9803, 0x9803, 0x9803, 0x9803, 0x9803, 0x9803, 0x9803, 0x9803, 
    0x9803, 0x9803, 0x9803, 0x9803, 0x9803, 0x9803, 0x9803, 0x9803, 0x9803, 0x9803, 0x9803, 0x9803, 
    0x9803, 0x9803, 0x9803, 0x9803, 0x9803, 0x9803, 0x9803, 0x9803, 0x9803, 0x9803, 0x9803, 0x9803, 
    0x9803, 0x9803, 0x9803, 0x9803, 0x9803, 0x9803, 0x9803, 0x9803, 0x9803, 0x9803, 0x9803, 0x9803, 
    0x9803, 0x9803, 0x9803, 0x9803, 0x9803, 0x9803, 0x9803, 0x9803, 0x9803, 0x9803, 0x9803, 0x9803, 
    0x9803, 0xB803, 0xB803, 0xB803, 0xB803, 0xB803, 0xB803, 0xB803, 0xB803, 0xB803, 0xB803, 0xB803, 
    0xB803, 0xB803, 0xB803, 0xB803, 0xB803, 0xB803, 0xB803, 0xB803, 0x9733, 0x00E0, 0x00E0, 0x00E0, 
    0x00E0, 0x00E0, 0x00E0, 0x00E0, 0x00E0, 0x00D0, 0x0B00, 0x0B00, 0x1200, 0x1600, 0x595B, 0xFFFF, 
    0xFFFF, 0x7142, 0x0B00, 0x0C00, 0x0E00, 0x00E0, 0x00E0, 0x00E0, 0x00E0, 0x00E0, 0x00E0, 0x00E0, 
    0x00E0, 0x63D8, 0x7803, 0x9803, 0x9803, 0x9803, 0x9803, 0x9803, 0x9803, 0x9803, 0x9803, 0x9803, 
    0x9803, 0x9803, 0x9803, 0x9803, 0x9803, 0x9803, 0x9803, 0x9803, 0x9803, 0x9803, 0x9803, 0x9803, 
    0x9803, 0x9803, 0x9803, 0x9803, 0x9803, 0x9803, 0x9803, 0x9803, 0x9803, 0x9803, 0x9803, 0x9803, 
    0x9803, 0x9803, 0x9803, 0x9803, 0x9803, 0x9803, 0x9803, 0x9803, 0x9803, 0x9803, 0x9803, 0x9803, 
    0x9803, 0x9803, 0x9803, 0x9803, 0x9803, 0x9803, 0x9803, 0x9803, 0x9803, 0x9803, 0x9803, 0x9803, 
    0x9803, 0x9803, 0x9803, 0x9803, 0x9803, 0x9803, 0x9803, 0x9803, 0x9803, 0x9803, 0x9803, 0x9803, 
    0x9803, 0x9803, 0x9803, 0x9803, 0x9803, 0x9803, 0x9803, 0x9803, 0x9803, 0x9803, 0x9803, 0x9803, 
    0x9803, 0x9803, 0x9803, 0x9803, 0x9803, 0x9803, 0x9803, 0x9803, 0x9803, 0x9803, 0x9803, 0x9803, 
    0x9803, 0x9803, 0x9803, 0x9803, 0x9803, 0x9803, 0x9803, 0x9803, 0x9803, 0x9803, 0x9803, 0x9803, 
    0xB803, 0xB803, 0xB803, 0xB803, 0x9803, 0xB803, 0xB803, 0xB803, 0xB803, 0xB803, 0xB803, 0xB803, 
    0xB803, 0xB803, 0xB803, 0xB803, 0xB803, 0xB803, 0xB803, 0xB803, 0xB803, 0x29C9, 0x00E0, 0x00E0, 
    0x00E0, 0x00E0, 0x00E0, 0x00E0, 0x00E0, 0x00E0, 0x0938, 0x0B00, 0x1000, 0x1600, 0x181A, 0xFFFF, 
    0xDFFF, 0x0E11, 0x0B00, 0x0D00, 0x0A78, 0x00E0, 0x00E0, 0x00E0, 0x00E0, 0x00E0, 0x00E0, 0x00E0, 
    0x00E0, 0xEEA9, 0x9803, 0x9803, 0x9803, 0x9803, 0x9803, 0x9803, 0x9803, 0x9803, 0x9803, 0x9803, 
    0x9803, 0x9803, 0x9803, 0x9803, 0x9803, 0x9803, 0x9803, 0x9803, 0x9803, 0x9803, 0x9803, 0x9803, 
    0x9803, 0x9803, 0x9803, 0x9803, 0x9803, 0x9803, 0x9803, 0x9803, 0x9803, 0x9803, 0x9803, 0x9803, 
    0x9803, 0x9803, 0x9803, 0x9803, 0x9803, 0x9803, 0x9803, 0x9803, 0x9803, 0x9803, 0x9803, 0x9803, 
    0x9803, 0x9803, 0x9803, 0x9803, 0x9803, 0x9803, 0x9803, 0x9803, 0x9803, 0x9803, 0x9803, 0x9803, 
    0x9803, 0x9803, 0x9803, 0x9803, 0x9803, 0x9803, 0x9803, 0x9803, 0x9803, 0x9803, 0x9803, 0x9803, 
    0x9803, 0x9803, 0x9803, 0x9803, 0x9803, 0x9803, 0x9803, 0x9803, 0x9803, 0x9803, 0x9803, 0x9803, 
    0x9803, 0x9803, 0x9803, 0x9803, 0x9803, 0x9803, 0x9803, 0x9803, 0x9803, 0x9803, 0x9803, 0x9803, 
    0x9803, 0x9803, 0x9803, 0x9803, 0x9803, 0x9803, 0x9803, 0x9803, 0x9803, 0x9803, 0x9803, 0xB803, 
    0xB803, 0xB803, 0xB803, 0xB803, 0xB803, 0xB803, 0xB803, 0xB803, 0xB803, 0xB803, 0xB803, 0xB803, 
    0xB803, 0xB803, 0xB803, 0xB803, 0xB803, 0xB803, 0xB803, 0xB803, 0xB803, 0xB28A, 0x00E0, 0x00E0, 
    0x00E0, 0x00E0, 0x00E0, 0x00E0, 0x00E0, 0x00E0, 0x04A0, 0x0B00, 0x1000, 0x1600, 0xB809, 0xFFFF, 
    0xDFFF, 0x0C00, 0x0B00, 0x0E00, 0x03C0, 0x00E0, 0x00E0, 0x00E0, 0x00E0, 0x00E0, 0x00E0, 0x00E0, 
    0x00E0, 0x154B, 0x9803, 0x9803, 0x9803, 0x9803, 0x9803, 0x9803, 0x9803, 0x9803, 0x9803, 0x9803, 
    0x9803, 0x9803, 0x9803, 0x9803, 0x9803, 0x9803, 0x9803, 0x9803, 0x9803, 0x9803, 0x9803, 0x9803, 
    0x9803, 0x9803, 0x9803, 0x9803, 0x9803, 0x9803, 0x9803, 0x9803, 0x9803, 0x9803, 0x9803, 0x9803, 
    0x9803, 0x9803, 0x9803, 0x9803, 0x9803, 0x9803, 0x9803, 0x9803, 0x9803, 0x9803, 0x9803, 0x9803, 
    0x9803, 0x9803, 0x9803, 0x9803, 0x9803, 0x9803, 0x9803, 0x9803, 0x9803, 0x9803, 0x9803, 0x9803, 
    0x9803, 0x9803, 0x9803, 0x9803, 0x9803, 0x9803, 0x9803, 0x9803, 0x9803, 0x9803, 0x9803, 0x9803, 
    0x9803, 0x9803, 0x9803, 0x9803, 0x9803, 0x9803, 0x9803, 0x9803, 0x9803, 0x9803, 0x9803, 0x9803, 
    0x9803, 0x9803, 0x9803, 0x9803, 0x9803, 0x9803, 0x9803, 0x9803, 0x9803, 0x9803, 0x9803, 0x9803, 
    0x9803, 0x9803, 0x9803, 0x9803, 0x9803, 0x9803, 0x9803, 0x9803, 0x9803, 0x9803, 0xB803, 0xB803, 
    0xB803, 0xB803, 0xB803, 0xB803, 0xB803, 0xB803, 0xB803, 0xB803, 0xB803, 0xB803, 0xB803, 0xB803, 
    0xB803, 0xB803, 0xB803, 0xB803, 0xB803, 0xB803, 0xB803, 0xB803, 0xB803, 0x971B, 0x00E0, 0x00E0, 
    0x00E0, 0x00E0, 0x00E0, 0x00E0, 0x00E0, 0x00E0, 0x00D8, 0x0A00, 0x0E00, 0x1500, 0x3600, 0xBFF7, 
    0xBFF7, 0x0C00, 0x0B00, 0x0C00, 0x00E0, 0x00E0, 0x00E0, 0x00E0, 0x00E0, 0x00E0, 0x00E0, 0x00E0, 
    0x00D0, 0xADA9, 0xCEA1, 0xCEA1, 0xCEA1, 0xCEA1, 0xCEA1, 0xCEA1, 0xCEA1, 0xCE89, 0xCEA1, 0xCEA1, 
    0xCEA1, 0xCEA1, 0xCEA1, 0xCEA1, 0xCEA1, 0xCEA1, 0x8D81, 0xCEA1, 0xCEA1, 0xEEA1, 0xEEA1, 0xEEA1, 
    0xEEA1, 0xEEA1, 0xEEA1, 0xD059, 0xD201, 0xD201, 0xD201, 0xD201, 0xD201, 0xD201, 0xD201, 0xD201, 
    0xD201, 0xD201, 0xD201, 0xF301, 0xD201, 0xD201, 0xD201, 0xD201, 0xD201, 0xD201, 0xD201, 0xD201, 
    0xD201, 0xD201, 0xD201, 0xD201, 0xD201, 0xD201, 0xD201, 0xD201, 0xF201, 0xF201, 0xF201, 0xF201, 
    0xF201, 0xF201, 0xF201, 0xF201, 0xF301, 0xF201, 0xF201, 0xF201, 0xF201, 0xF201, 0xF201, 0xF201, 
    0xF201, 0xF201, 0xF201, 0xF301, 0x1402, 0x1402, 0x1502, 0x1502, 0x1502, 0x1502, 0x1502, 0x1502, 
    0x1502, 0x1502, 0x1502, 0x1502, 0x1502, 0x1502, 0x1502, 0x1402, 0x1402, 0x3402, 0x3402, 0x3402, 
    0x3502, 0x3502, 0x5602, 0x5602, 0x5602, 0x5602, 0x5602, 0x3532, 0x3092, 0x3092, 0x3092, 0x3092, 
    0x3092, 0x3092, 0x3092, 0x3092, 0x307A, 0x7092, 0x5092, 0x7092, 0x5092, 0x7092, 0x7092, 0x7092, 
    0x7092, 0x5072, 0x7092, 0x7092, 0x7092, 0x7092, 0x7092, 0x7092, 0x7092, 0x7092, 0x21C8, 0x00E0, 
    0x00E0, 0x00E0, 0x00E0, 0x00E0, 0x00E0, 0x00E0, 0x00E0, 0x0938, 0x0D00, 0x1400, 0x1500, 0x9FF7, 
    0xBFF7, 0x0B00, 0x0B00, 0x0A48, 0x00E0, 0x00E0, 0x00E0, 0x00E0, 0x00E0, 0x00E0, 0x00E0, 0x00E0, 
    0x0000, 0x00E0, 0x00E0, 0x00E0, 0x00E0, 0x00E0, 0x00E0, 0x00E0, 0x00E0, 0x0000, 0x00E0, 0x00E0, 
    0x00E0, 0x00E0, 0x00E0, 0x00E0, 0x00E0, 0x00E0, 0x0000, 0x00E0, 0x00E0, 0x00E0, 0x00E0, 0x00E0, 
    0x00E0, 0x00E0, 0x00E0, 0x00C0, 0x0700, 0x0700, 0x0700, 0x0700, 0x0700, 0x0700, 0x0700, 0x0700, 
    0x0800, 0x0800, 0x0900, 0x0900, 0x0900, 0x0800, 0x0800, 0x0700, 0x0700, 0x0700, 0x0800, 0x0800, 
    0x0800, 0x0800, 0x0800, 0x0800, 0x0800, 0x0800, 0x0800, 0x0800, 0x0800, 0x0800, 0x0800, 0x0900, 
    0x0800, 0x0800, 0x0800, 0x0800, 0x0800, 0x0800, 0x0800, 0x0900, 0x0900, 0x0900, 0x0800, 0x0800, 
    0x0800, 0x0900, 0x0900, 0x0B00, 0x0C00, 0x0F00, 0x1000, 0x1100, 0x1200, 0x1200, 0x1200, 0x1100, 
    0x1100, 0x1000, 0x1000, 0x0F00, 0x0E00, 0x0D00, 0x0C00, 0x0B00, 0x0B00, 0x0B00, 0x0C00, 0x0D00, 
    0x0F00, 0x1100, 0x1200, 0x1300, 0x1400, 0x1400, 0x1400, 0x0AA8, 0x00E0, 0x00E0, 0x00E0, 0x00E0, 
    0x00E0, 0x00E0, 0x00E0, 0x00E0, 0x0000, 0x00E0, 0x00E0, 0x00E0, 0x00E0, 0x00E0, 0x00E0, 0x00E0, 
    0x00E0, 0x0000, 0x00E0, 0x00E0, 0x00E0, 0x00E0, 0x00E0, 0x00E0, 0x00E0, 0x00E0, 0x0000, 0x00E0, 
    0x00E0, 0x00E0, 0x00E0, 0x00E0, 0x00E0, 0x00E0, 0x00E0, 0x0678, 0x0C00, 0x1300, 0x1400, 0x9EF7, 
    0xBFF7, 0x0B00, 0x0B00, 0x0780, 0x00E0, 0x00E0, 0x00E0, 0x00E0, 0x00E0, 0x00E0, 0x00E0, 0x00E0, 
    0x0000, 0x00E0, 0x00E0, 0x00E0, 0x00E0, 0x00E0, 0x00E0, 0x00E0, 0x00E0, 0x0000, 0x00E0, 0x00E0, 
    0x00E0, 0x00E0, 0x00E0, 0x00E0, 0x00E0, 0x00E0, 0x0000, 0x00D8, 0x00E0, 0x00E0, 0x00E0, 0x00E0, 
    0x00E0, 0x00E0, 0x00E0, 0x00D8, 0x0700, 0x0700, 0x0700, 0x0700, 0x0700, 0x0700, 0x0700, 0x0700, 
    0x0700, 0x0700, 0x0800, 0x0800, 0x0800, 0x0800, 0x0700, 0x0700, 0x0700, 0x0800, 0x0800, 0x0800, 
    0x0800, 0x0800, 0x0800, 0x0800, 0x0800, 0x0800, 0x0800, 0x0800, 0x0800, 0x0800, 0x0800, 0x0800, 
    0x0800, 0x0800, 0x0800, 0x0800, 0x0800, 0x0800, 0x0900, 0x0900, 0x0900, 0x0900, 0x0900, 0x0900, 
    0x0800, 0x0900, 0x0B00, 0x0D00, 0x1000, 0x1200, 0x1300, 0x1400, 0x1500, 0x1400, 0x1400, 0x1400, 
    0x1300, 0x1200, 0x1100, 0x0F00, 0x0C00, 0x0A00, 0x0900, 0x0800, 0x0800, 0x0A00, 0x0C00, 0x0E00, 
    0x1000, 0x1200, 0x1300, 0x1400, 0x1400, 0x1300, 0x1400, 0x01D0, 0x00E0, 0x00E0, 0x00E0, 0x00E0, 
    0x00E0, 0x00E0, 0x00E0, 0x00E0, 0x0000, 0x00E0, 0x00E0, 0x00E0, 0x00E0, 0x00E0, 0x00E0, 0x00E0, 
    0x00E0, 0x0000, 0x00E0, 0x00E0, 0x00E0, 0x00E0, 0x00E0, 0x00E0, 0x00E0, 0x00E0, 0x0000, 0x00E0, 
    0x00E0, 0x00E0, 0x00E0, 0x00E0, 0x00E0, 0x00E0, 0x00E0, 0x02A8, 0x0C00, 0x1400, 0x1400, 0x9EF7, 
    0x7EEF, 0x0B00, 0x0B00, 0x02B0, 0x00E0, 0x00E0, 0x00E0, 0x00E0, 0x00E0, 0x00E0, 0x00E0, 0x00E0, 
    0x0000, 0x00E0, 0x00E0, 0x00E0, 0x00E0, 0x00E0, 0x00E0, 0x00E0, 0x00E0, 0x0000, 0x00E0, 0x00E0, 
    0x00E0, 0x00E0, 0x00E0, 0x00E0, 0x00E0, 0x00E0, 0x0000, 0x00D0, 0x00E0, 0x00E0, 0x00E0, 0x00E0, 
    0x00E0, 0x00E0, 0x00E0, 0x00E0, 0x0458, 0x0700, 0x0700, 0x0700, 0x0700, 0x0700, 0x0700, 0x0700, 
    0x0700, 0x0700, 0x0700, 0x0700, 0x0700, 0x0700, 0x0700, 0x0700, 0x0800, 0x0800, 0x0800, 0x0800, 
    0x0800, 0x0800, 0x0800, 0x0800, 0x0800, 0x0800, 0x0800, 0x0800, 0x0800, 0x0800, 0x0800, 0x0800, 
    0x0800, 0x0800, 0x0800, 0x0800, 0x0800, 0x0800, 0x0900, 0x0900, 0x0900, 0x0A00, 0x0A00, 0x0B00, 
    0x0B00, 0x0C00, 0x0E00, 0x1000, 0x1200, 0x1400, 0x1500, 0x1500, 0x1600, 0x1500, 0x1500, 0x1500, 
    0x1400, 0x1300, 0x1100, 0x0F00, 0x0C00, 0x0900, 0x0700, 0x0700, 0x0800, 0x0B00, 0x0E00, 0x1000, 
    0x1200, 0x1300, 0x1300, 0x1300, 0x1300, 0x1300, 0x1218, 0x00E0, 0x00E0, 0x00E0, 0x00E0, 0x00E0, 
    0x00E0, 0x00E0, 0x00E0, 0x00D8, 0x0000, 0x00E0, 0x00E0, 0x00E0, 0x00E0, 0x00E0, 0x00E0, 0x00E0, 
    0x00E0, 0x0000, 0x00E0, 0x00E0, 0x00E0, 0x00E0, 0x00E0, 0x00E0, 0x00E0, 0x00E0, 0x0000, 0x00E0, 
    0x00E0, 0x00E0, 0x00E0, 0x00E0, 0x00E0, 0x00E0, 0x00E0, 0x00C8, 0x0C00, 0x1500, 0x1500, 0x9EF7, 
    0x5DE7, 0x0B00, 0x0B00, 0x00C8, 0x00E0, 0x00E0, 0x00E0, 0x00E0, 0x00E0, 0x00E0, 0x00E0, 0x00E0, 
    0x0000, 0x00E0, 0x00E0, 0x00E0, 0x00E0, 0x00E0, 0x00E0, 0x00E0, 0x00E0, 0x0000, 0x00E0, 0x00E0, 
    0x00E0, 0x00E0, 0x00E0, 0x00E0, 0x00E0, 0x00E0, 0x0000, 0x00C8, 0x00E0, 0x00E0, 0x00E0, 0x00E0, 
    0x00E0, 0x00E0, 0x00E0, 0x00E0, 0x00A0, 0x0700, 0x0700, 0x0700, 0x0700, 0x0700, 0x0700, 0x0700, 
    0x0700, 0x0700, 0x0700, 0x0700, 0x0700, 0x0700, 0x0700, 0x0700, 0x0800, 0x0800, 0x0800, 0x0900, 
    0x0800, 0x0800, 0x0800, 0x0800, 0x0800, 0x0800, 0x0800, 0x0800, 0x0800, 0x0800, 0x0800, 0x0800, 
    0x0800, 0x0800, 0x0700, 0x0700, 0x0800, 0x0800, 0x0800, 0x0900, 0x0A00, 0x0B00, 0x0C00, 0x0D00, 
    0x0F00, 0x1000, 0x1200, 0x1300, 0x1500, 0x1500, 0x1600, 0x1600, 0x1600, 0x1600, 0x1500, 0x1500, 
    0x1400, 0x1300, 0x1100, 0x0F00, 0x0C00, 0x0900, 0x0800, 0x0900, 0x0B00, 0x0E00, 0x1000, 0x1200, 
    0x1300, 0x1400, 0x1400, 0x1300, 0x1300, 0x1300, 0x0D78, 0x00E0, 0x00E0, 0x00E0, 0x00E0, 0x00E0, 
    0x00E0, 0x00E0, 0x00E0, 0x00D8, 0x0000, 0x00E0, 0x00E0, 0x00E0, 0x00E0, 0x00E0, 0x00E0, 0x00E0, 
    0x00E0, 0x0000, 0x00E0, 0x00E0, 0x00E0, 0x00E0, 0x00E0, 0x00E0, 0x00E0, 0x00E0, 0x0000, 0x00E0, 
    0x00E0, 0x00E0, 0x00E0, 0x00E0, 0x00E0, 0x00E0, 0x00E0, 0x00D8, 0x0C00, 0x1500, 0x1500, 0x9EF7, 
    0x1DE7, 0x0B00, 0x0B00, 0x0000, 0x0000, 0x0000, 0x0000, 0x0000, 0x0000, 0x0000, 0x0000, 0x0000, 
    0x0000, 0x0000, 0x0000, 0x0000, 0x0000, 0x0000, 0x0000, 0x0000, 0x0000, 0x0000, 0x0000, 0x0000, 
    0x0000, 0x0000, 0x0000, 0x0000, 0x0000, 0x0000, 0x0000, 0x0000, 0x0000, 0x0000, 0x0000, 0x0000, 
    0x0000, 0x0000, 0x0000, 0x0000, 0x0000, 0x0700, 0x0700, 0x0700, 0x0700, 0x0700, 0x0700, 0x0700, 
    0x0700, 0x0700, 0x0700, 0x0700, 0x0700, 0x0700, 0x0700, 0x0700, 0x0800, 0x0800, 0x0800, 0x0900, 
    0x0900, 0x0800, 0x0800, 0x0800, 0x0800, 0x0800, 0x0800, 0x0800, 0x0800, 0x0900, 0x0900, 0x0800, 
    0x0800, 0x0800, 0x0700, 0x0700, 0x0800, 0x0800, 0x0900, 0x0A00, 0x0B00, 0x0C00, 0x0E00, 0x1000, 
    0x1200, 0x1300, 0x1400, 0x1500, 0x1600, 0x1600, 0x1600, 0x1600, 0x1600, 0x1600, 0x1500, 0x1500, 
    0x1400, 0x1300, 0x1100, 0x0F00, 0x0C00, 0x0B00, 0x0B00, 0x0B00, 0x0E00, 0x1000, 0x1200, 0x1300, 
    0x1300, 0x1300, 0x1300, 0x1300, 0x1300, 0x1300, 0x0790, 0x0000, 0x0000, 0x0000, 0x0000, 0x0000, 
    0x0000, 0x0000, 0x0000, 0x0000, 0x0000, 0x0000, 0x0000, 0x0000, 0x0000, 0x0000, 0x0000, 0x0000, 
    0x0000, 0x0000, 0x0000, 0x0000, 0x0000, 0x0000, 0x0000, 0x0000, 0x0000, 0x0000, 0x0000, 0x0000, 
    0x0000, 0x0000, 0x0000, 0x0000, 0x0000, 0x0000, 0x0000, 0x0000, 0x0A20, 0x1600, 0x1600, 0x9EF7, 
    0x1DE7, 0x0B00, 0x0940, 0x00E0, 0x00E0, 0x00E0, 0x00E0, 0x00E0, 0x00E0, 0x00E0, 0x00E0, 0x00E0, 
    0x0000, 0x00E0, 0x00E0, 0x00E0, 0x00E0, 0x00E0, 0x00E0, 0x00E0, 0x00E0, 0x0000, 0x00D8, 0x00E0, 
    0x00E0, 0x00E0, 0x00E0, 0x00E0, 0x00E0, 0x00E0, 0x00E0, 0x0000, 0x00E0, 0x00E0, 0x00E0, 0x00E0, 
    0x00E0, 0x00E0, 0x00E0, 0x00E0, 0x00E0, 0x0610, 0x0700, 0x0700, 0x0700, 0x0700, 0x0700, 0x0700, 
    0x0700, 0x0700, 0x0700, 0x0700, 0x0800, 0x0800, 0x0800, 0x0800, 0x0800, 0x0800, 0x0800, 0x0900, 
    0x0800, 0x0800, 0x0800, 0x0800, 0x0800, 0x0800, 0x0800, 0x0800, 0x0900, 0x0900, 0x0900, 0x0900, 
    0x0900, 0x0800, 0x0800, 0x0800, 0x0900, 0x0900, 0x0A00, 0x0C00, 0x0E00, 0x1000, 0x1100, 0x1300, 
    0x1400, 0x1500, 0x1500, 0x1600, 0x1600, 0x1600, 0x1600, 0x1600, 0x1600, 0x1500, 0x1500, 0x1400, 
    0x1400, 0x1200, 0x1100, 0x1000, 0x0E00, 0x0D00, 0x0D00, 0x0F00, 0x1000, 0x1200, 0x1300, 0x1400, 
    0x1300, 0x1300, 0x1300, 0x1300, 0x1300, 0x1300, 0x00D8, 0x00E0, 0x00E0, 0x00E0, 0x00E0, 0x00E0, 
    0x00E0, 0x00E0, 0x00E0, 0x0000, 0x00E0, 0x00E0, 0x00E0, 0x00E0, 0x00E0, 0x00E0, 0x00E0, 0x00E0, 
    0x00E0, 0x0000, 0x00E0, 0x00E0, 0x00E0, 0x00E0, 0x00E0, 0x00E0, 0x00E0, 0x00E0, 0x0000, 0x00E0, 
    0x00E0, 0x00E0, 0x00E0, 0x00E0, 0x00E0, 0x00E0, 0x00E0, 0x00E0, 0x0870, 0x1500, 0x1500, 0x1DDF, 
    0x9EEF, 0x0B00, 0x0780, 0x00E0, 0x00E0, 0x00E0, 0x00E0, 0x00E0, 0x00E0, 0x00E0, 0x00E0, 0x00E0, 
    0x0000, 0x00E0, 0x00E0, 0x00E0, 0x00E0, 0x00E0, 0x00E0, 0x00E0, 0x00E0, 0x0000, 0x00D8, 0x00E0, 
    0x00E0, 0x00E0, 0x00E0, 0x00E0, 0x00E0, 0x00E0, 0x00E0, 0x0000, 0x00E0, 0x00E0, 0x00E0, 0x00E0, 
    0x00E0, 0x00E0, 0x00E0, 0x00E0, 0x00E0, 0x0370, 0x0700, 0x0800, 0x0800, 0x0700, 0x0700, 0x0700, 
    0x0700, 0x0700, 0x0700, 0x0700, 0x0800, 0x0800, 0x0800, 0x0800, 0x0800, 0x0800, 0x0800, 0x0800, 
    0x0800, 0x0800, 0x0800, 0x0800, 0x0800, 0x0800, 0x0900, 0x0900, 0x0900, 0x0900, 0x0900, 0x0900, 
    0x0900, 0x0900, 0x0900, 0x0900, 0x0A00, 0x0B00, 0x0C00, 0x0E00, 0x1000, 0x1200, 0x1400, 0x1500, 
    0x1500, 0x1600, 0x1600, 0x1600, 0x1600, 0x1600, 0x1600, 0x1600, 0x1500, 0x1500, 0x1400, 0x1300, 
    0x1200, 0x1100, 0x1000, 0x1000, 0x0F00, 0x0F00, 0x1000, 0x1100, 0x1200, 0x1300, 0x1400, 0x1400, 
    0x1300, 0x1300, 0x1300, 0x1300, 0x1300, 0x1040, 0x00E0, 0x00E0, 0x00E0, 0x00E0, 0x00E0, 0x00E0, 
    0x00E0, 0x00E0, 0x00E0, 0x0000, 0x00E0, 0x00E0, 0x00E0, 0x00E0, 0x00E0, 0x00E0, 0x00E0, 0x00E0, 
    0x00E0, 0x0000, 0x00E0, 0x00E0, 0x00E0, 0x00E0, 0x00E0, 0x00E0, 0x00E0, 0x00E0, 0x0000, 0x00E0, 
    0x00E0, 0x00E0, 0x00E0, 0x00E0, 0x00E0, 0x00E0, 0x00E0, 0x00E0, 0x05A0, 0x1300, 0x1200, 0x9EF7, 
    0xBFF7, 0x0B00, 0x03A8, 0x00E0, 0x00E0, 0x00E0, 0x00E0, 0x00E0, 0x00E0, 0x00E0, 0x00E0, 0x00E0, 
    0x0000, 0x00E0, 0x00E0, 0x00E0, 0x00E0, 0x00E0, 0x00E0, 0x00E0, 0x00E0, 0x00D8, 0x0000, 0x00E0, 
    0x00E0, 0x00E0, 0x00E0, 0x00E0, 0x00E0, 0x00E0, 0x00E0, 0x0000, 0x00E0, 0x00E0, 0x00E0, 0x00E0, 
    0x00E0, 0x00E0, 0x00E0, 0x00E0, 0x00E0, 0x00B0, 0x0800, 0x0800, 0x0800, 0x0800, 0x0800, 0x0700, 
    0x0700, 0x0700, 0x0700, 0x0700, 0x0800, 0x0800, 0x0800, 0x0900, 0x0900, 0x0900, 0x0800, 0x0800, 
    0x0800, 0x0800, 0x0800, 0x0800, 0x0800, 0x0900, 0x0900, 0x0900, 0x0900, 0x0900, 0x0900, 0x0900, 
    0x0900, 0x0900, 0x0A00, 0x0B00, 0x0C00, 0x0E00, 0x1000, 0x1100, 0x1300, 0x1400, 0x1500, 0x1600, 
    0x1600, 0x1600, 0x1600, 0x1600, 0x1600, 0x1600, 0x1600, 0x1600, 0x1500, 0x1400, 0x1300, 0x1200, 
    0x1100, 0x1000, 0x1000, 0x1000, 0x1000, 0x1100, 0x1200, 0x1300, 0x1400, 0x1400, 0x1400, 0x1400, 
    0x1300, 0x1300, 0x1300, 0x1300, 0x1300, 0x0B90, 0x00E0, 0x00E0, 0x00E0, 0x00E0, 0x00E0, 0x00E0, 
    0x00E0, 0x00E0, 0x00E0, 0x0000, 0x00E0, 0x00E0, 0x00E0, 0x00E0, 0x00E0, 0x00E0, 0x00E0, 0x00E0, 
    0x00D8, 0x0000, 0x00E0, 0x00E0, 0x00E0, 0x00E0, 0x00E0, 0x00E0, 0x00E0, 0x00E0, 0x00D0, 0x0000, 
    0x00E0, 0x00E0, 0x00E0, 0x00E0, 0x00E0, 0x00E0, 0x00E0, 0x00E0, 0x00C0, 0x1200, 0x1200, 0x9EF7, 
    0xDFFF, 0x0B00, 0x00C8, 0x00E0, 0x00E0, 0x00E0, 0x00E0, 0x00E0, 0x00E0, 0x00E0, 0x00E0, 0x0000, 
    0x00C8, 0x00E0, 0x00E0, 0x00E0, 0x00E0, 0x00E0, 0x00E0, 0x00E0, 0x00E0, 0x00D8, 0x0000, 0x00E0, 
    0x00E0, 0x00E0, 0x00E0, 0x00E0, 0x00E0, 0x00E0, 0x00E0, 0x0000, 0x00D8, 0x00E0, 0x00E0, 0x00E0, 
    0x00E0, 0x00E0, 0x00E0, 0x00E0, 0x00E0, 0x00D8, 0x0700, 0x0800, 0x0800, 0x0800, 0x0800, 0x0800, 
    0x0700, 0x0700, 0x0700, 0x0700, 0x0700, 0x0800, 0x0800, 0x0800, 0x0900, 0x0900, 0x0900, 0x0800, 
    0x0800, 0x0800, 0x0800, 0x0800, 0x0900, 0x0900, 0x0900, 0x0900, 0x0900, 0x0900, 0x0900, 0x0900, 
    0x0A00, 0x0A00, 0x0B00, 0x0D00, 0x0F00, 0x1100, 0x1200, 0x1400, 0x1500, 0x1500, 0x1600, 0x1600, 
    0x1600, 0x1600, 0x1600, 0x1600, 0x1600, 0x1600, 0x1600, 0x1500, 0x1500, 0x1400, 0x1200, 0x1100, 
    0x1000, 0x1000, 0x1000, 0x1000, 0x1200, 0x1200, 0x1300, 0x1300, 0x1400, 0x1400, 0x1400, 0x1300, 
    0x1300, 0x1300, 0x1300, 0x1300, 0x1300, 0x04C8, 0x00E0, 0x00E0, 0x00E0, 0x00E0, 0x00E0, 0x00E0, 
    0x00E0, 0x00E0, 0x00E0, 0x0000, 0x00E0, 0x00E0, 0x00E0, 0x00E0, 0x00E0, 0x00E0, 0x00E0, 0x00E0, 
    0x0000, 0x00D0, 0x00E0, 0x00E0, 0x00E0, 0x00E0, 0x00E0, 0x00E0, 0x00E0, 0x00E0, 0x00D8, 0x0000, 
    0x00E0, 0x00E0, 0x00E0, 0x00E0, 0x00E0, 0x00E0, 0x00E0, 0x00E0, 0x00D8, 0x1000, 0x1100, 0x9EF7, 
    0xDFFF, 0x0B00, 0x0000, 0x0000, 0x0000, 0x0000, 0x0000, 0x0000, 0x0000, 0x0000, 0x0000, 0x0000, 
    0x0000, 0x0000, 0x0000, 0x0000, 0x0000, 0x0000, 0x0000, 0x0000, 0x0000, 0x0000, 0x0000, 0x0000, 
    0x0000, 0x0000, 0x0000, 0x0000, 0x0000, 0x0000, 0x0000, 0x0000, 0x0000, 0x0000, 0x0000, 0x0000, 
    0x0000, 0x0000, 0x0000, 0x0000, 0x0000, 0x0000, 0x0630, 0x0800, 0x0800, 0x0800, 0x0800, 0x0800, 
    0x0700, 0x0700, 0x0700, 0x0700, 0x0700, 0x0700, 0x0800, 0x0800, 0x0800, 0x0900, 0x0900, 0x0900, 
    0x0800, 0x0800, 0x0800, 0x0800, 0x0900, 0x0900, 0x0900, 0x0900, 0x0900, 0x0900, 0x0A00, 0x0A00, 
    0x0B00, 0x0C00, 0x0D00, 0x0F00, 0x1000, 0x1300, 0x1400, 0x1500, 0x1500, 0x1600, 0x1600, 0x1600, 
    0x1600, 0x1600, 0x1600, 0x1600, 0x1600, 0x1600, 0x1500, 0x1500, 0x1400, 0x1300, 0x1100, 0x1000, 
    0x1000, 0x1000, 0x1100, 0x1200, 0x1300, 0x1300, 0x1400, 0x1400, 0x1400, 0x1300, 0x1300, 0x1300, 
    0x1300, 0x1300, 0x1300, 0x1300, 0x1200, 0x0000, 0x0000, 0x0000, 0x0000, 0x0000, 0x0000, 0x0000, 
    0x0000, 0x0000, 0x0000, 0x0000, 0x0000, 0x0000, 0x0000, 0x0000, 0x0000, 0x0000, 0x0000, 0x0000, 
    0x0000, 0x0000, 0x0000, 0x0000, 0x0000, 0x0000, 0x0000, 0x0000, 0x0000, 0x0000, 0x0000, 0x0000, 
    0x0000, 0x0000, 0x0000, 0x0000, 0x0000, 0x0000, 0x0000, 0x0000, 0x0000, 0x0E10, 0x1000, 0x9EF7, 
    0xDFFF, 0x0A40, 0x00E0, 0x00E0, 0x00E0, 0x00E0, 0x00E0, 0x00E0, 0x00E0, 0x00E0, 0x00E0, 0x0000, 
    0x00D8, 0x00E0, 0x00E0, 0x00E0, 0x00E0, 0x00E0, 0x00E0, 0x00E0, 0x00E0, 0x00D8, 0x0000, 0x00E0, 
    0x00E0, 0x00E0, 0x00E0, 0x00E0, 0x00E0, 0x00E0, 0x00E0, 0x0000, 0x00C8, 0x00E0, 0x00E0, 0x00E0, 
    0x00E0, 0x00E0, 0x00E0, 0x00E0, 0x00E0, 0x00E0, 0x0288, 0x0700, 0x0700, 0x0700, 0x0700, 0x0700, 
    0x0700, 0x0700, 0x0700, 0x0700, 0x0700, 0x0700, 0x0700, 0x0800, 0x0800, 0x0800, 0x0900, 0x0900, 
    0x0900, 0x0900, 0x0900, 0x0900, 0x0900, 0x0900, 0x0900, 0x0900, 0x0900, 0x0A00, 0x0A00, 0x0B00, 
    0x0C00, 0x0E00, 0x0F00, 0x1000, 0x1200, 0x1400, 0x1500, 0x1500, 0x1600, 0x1600, 0x1600, 0x1600, 
    0x1600, 0x1600, 0x1600, 0x1600, 0x1600, 0x1500, 0x1500, 0x1400, 0x1300, 0x1200, 0x1000, 0x1000, 
    0x1000, 0x1100, 0x1200, 0x1300, 0x1400, 0x1400, 0x1400, 0x1400, 0x1400, 0x1300, 0x1300, 0x1300, 
    0x1200, 0x1200, 0x1300, 0x1300, 0x0E60, 0x00D8, 0x00D8, 0x00D8, 0x00D8, 0x00D8, 0x00D8, 0x00D8, 
    0x00D8, 0x00D8, 0x00C8, 0x0000, 0x00D8, 0x00D8, 0x00D8, 0x00D8, 0x00D8, 0x00D8, 0x00D8, 0x00D8, 
    0x0000, 0x00D0, 0x00D8, 0x00D8, 0x00D8, 0x00D8, 0x00D8, 0x00D8, 0x00D8, 0x00D8, 0x00D8, 0x0000, 
    0x00D8, 0x00D8, 0x00D8, 0x00D8, 0x00D8, 0x00D8, 0x00D8, 0x00D8, 0x00D8, 0x0B58, 0x1000, 0xBFF7, 
    0xDFFF, 0x8B91, 0x00E0, 0x00E0, 0x00E0, 0x00E0, 0x00E0, 0x00E0, 0x00E0, 0x00E0, 0x00E0, 0x0000, 
    0x00D8, 0x00E0, 0x00E0, 0x00E0, 0x00E0, 0x00E0, 0x00E0, 0x00E0, 0x00E0, 0x00E0, 0x0000, 0x00E0, 
    0x00E0, 0x00E0, 0x00E0, 0x00E0, 0x00E0, 0x00E0, 0x00E0, 0x00E0, 0x0000, 0x00E0, 0x00E0, 0x00E0, 
    0x00E0, 0x00E0, 0x00E0, 0x00E0, 0x00E0, 0x00E0, 0x00C0, 0x0700, 0x0700, 0x0700, 0x0700, 0x0700, 
    0x0700, 0x0700, 0x0700, 0x0700, 0x0700, 0x0700, 0x0700, 0x0800, 0x0800, 0x0800, 0x0900, 0x0900, 
    0x0900, 0x0900, 0x0900, 0x0900, 0x0900, 0x0900, 0x0900, 0x0900, 0x0A00, 0x0B00, 0x0B00, 0x0C00, 
    0x0E00, 0x1000, 0x1100, 0x1200, 0x1300, 0x1400, 0x1500, 0x1500, 0x1500, 0x1500, 0x1600, 0x1600, 
    0x1600, 0x1600, 0x1600, 0x1500, 0x1500, 0x1400, 0x1400, 0x1300, 0x1200, 0x1100, 0x1000, 0x1000, 
    0x1000, 0x1200, 0x1300, 0x1400, 0x1400, 0x1400, 0x1400, 0x1400, 0x1300, 0x1300, 0x1300, 0x1200, 
    0x1200, 0x1200, 0x1200, 0x1300, 0x09A8, 0x00E0, 0x00E0, 0x00E0, 0x00E0, 0x00E0, 0x00E0, 0x00E0, 
    0x00E0, 0x00E0, 0x0000, 0x00E0, 0x00E0, 0x00E0, 0x00E0, 0x00E0, 0x00E0, 0x00E0, 0x00E0, 0x00E0, 
    0x0000, 0x00D8, 0x00E0, 0x00E0, 0x00E0, 0x00E0, 0x00E0, 0x00E0, 0x00E0, 0x00E0, 0x00E0, 0x0000, 
    0x00E0, 0x00E0, 0x00E0, 0x00E0, 0x00E0, 0x00E0, 0x00E0, 0x00E0, 0x00E0, 0x0890, 0x1209, 0xFFFF, 
    0xFFFF, 0x6ECA, 0x00E0, 0x00E0, 0x00E0, 0x00E0, 0x00E0, 0x00E0, 0x00E0, 0x00E0, 0x00E0, 0x0000, 
    0x00E0, 0x00E0, 0x00E0, 0x00E0, 0x00E0, 0x00E0, 0x00E0, 0x00E0, 0x00E0, 0x00E0, 0x0000, 0x00E0, 
    0x00E0, 0x00E0, 0x00E0, 0x00E0, 0x00E0, 0x00E0, 0x00E0, 0x00E0, 0x0000, 0x00E0, 0x00E0, 0x00E0, 
    0x00E0, 0x00E0, 0x00E0, 0x00E0, 0x00E0, 0x00E0, 0x00D8, 0x0700, 0x0700, 0x0700, 0x0700, 0x0700, 
    0x0700, 0x0700, 0x0700, 0x0700, 0x0700, 0x0700, 0x0800, 0x0800, 0x0800, 0x0800, 0x0900, 0x0900, 
    0x0900, 0x0900, 0x0900, 0x0900, 0x0900, 0x0900, 0x0900, 0x0900, 0x0B00, 0x0C00, 0x0D00, 0x0E00, 
    0x1000, 0x1000, 0x1200, 0x1300, 0x1300, 0x1400, 0x1400, 0x1400, 0x1500, 0x1500, 0x1500, 0x1500, 
    0x1500, 0x1500, 0x1500, 0x1500, 0x1400, 0x1300, 0x1200, 0x1200, 0x1100, 0x1100, 0x1100, 0x1100, 
    0x1200, 0x1300, 0x1400, 0x1400, 0x1400, 0x1400, 0x1400, 0x1400, 0x1300, 0x1300, 0x1300, 0x1200, 
    0x1200, 0x1200, 0x1200, 0x1200, 0x00D0, 0x00E0, 0x00E0, 0x00E0, 0x00E0, 0x00E0, 0x00E0, 0x00E0, 
    0x00E0, 0x00E0, 0x0000, 0x00E0, 0x00E0, 0x00E0, 0x00E0, 0x00E0, 0x00E0, 0x00E0, 0x00E0, 0x00E0, 
    0x0000, 0x00D8, 0x00E0, 0x00E0, 0x00E0, 0x00E0, 0x00E0, 0x00E0, 0x00E0, 0x00E0, 0x00E0, 0x0000, 
    0x00E0, 0x00E0, 0x00E0, 0x00E0, 0x00E0, 0x00E0, 0x00E0, 0x00E0, 0x00E0, 0x03B8, 0x5211, 0xFFFF, 
    0xFFFF, 0x8ADA, 0x00E0, 0x00E0, 0x00E0, 0x00E0, 0x00E0, 0x00E0, 0x00E0, 0x00E0, 0x00E0, 0x0000, 
    0x00E0, 0x00E0, 0x00E0, 0x00E0, 0x00E0, 0x00E0, 0x00E0, 0x00E0, 0x00E0, 0x00E0, 0x0000, 0x00E0, 
    0x00E0, 0x00E0, 0x00E0, 0x00E0, 0x00E0, 0x00E0, 0x00E0, 0x00E0, 0x0000, 0x00E0, 0x00E0, 0x00E0, 
    0x00E0, 0x00E0, 0x00E0, 0x00E0, 0x00E0, 0x00E0, 0x00E0, 0x0458, 0x0700, 0x0700, 0x0700, 0x0700, 
    0x0700, 0x0700, 0x0700, 0x0700, 0x0800, 0x0800, 0x0800, 0x0800, 0x0800, 0x0800, 0x0900, 0x0900, 
    0x0900, 0x0900, 0x0900, 0x0900, 0x0900, 0x0900, 0x0900, 0x0B00, 0x0C00, 0x0D00, 0x0E00, 0x1000, 
    0x1100, 0x1200, 0x1200, 0x1300, 0x1300, 0x1300, 0x1300, 0x1400, 0x1400, 0x1400, 0x1500, 0x1500, 
    0x1500, 0x1400, 0x1400, 0x1300, 0x1200, 0x1000, 0x1000, 0x1000, 0x1100, 0x1100, 0x1200, 0x1200, 
    0x1300, 0x1400, 0x1400, 0x1400, 0x1400, 0x1400, 0x1400, 0x1400, 0x1300, 0x1300, 0x1300, 0x1200, 
    0x1200, 0x1200, 0x1200, 0x1128, 0x00E0, 0x00E0, 0x00E0, 0x00E0, 0x00E0, 0x00E0, 0x00E0, 0x00E0, 
    0x00E0, 0x00E0, 0x0000, 0x00E0, 0x00E0, 0x00E0, 0x00E0, 0x00E0, 0x00E0, 0x00E0, 0x00E0, 0x00E0, 
    0x0000, 0x00E0, 0x00E0, 0x00E0, 0x00E0, 0x00E0, 0x00E0, 0x00E0, 0x00E0, 0x00E0, 0x00E0, 0x0000, 
    0x00E0, 0x00E0, 0x00E0, 0x00E0, 0x00E0, 0x00E0, 0x00E0, 0x00E0, 0x00E0, 0x00D0, 0x5121, 0xFFFF, 
    0xFFFF, 0x0BDA, 0x04D8, 0x04D8, 0x04D8, 0x04D8, 0x04D8, 0x04D8, 0x04D8, 0x04D8, 0x04D8, 0x0000, 
    0x04D8, 0x04D8, 0x04D8, 0x04D8, 0x04D8, 0x04D8, 0x04D8, 0x03D8, 0x03D8, 0x03D8, 0x0000, 0x03D8, 
    0x03D8, 0x03D8, 0x03D8, 0x03D8, 0x03D8, 0x03D8, 0x03D8, 0x03D8, 0x0000, 0x03D8, 0x03D8, 0x03D8, 
    0x02D8, 0x02D8, 0x02D8, 0x02D8, 0x02D8, 0x02D8, 0x02D8, 0x0890, 0x0B00, 0x0B00, 0x0B00, 0x0B00, 
    0x0B00, 0x0B00, 0x0B00, 0x0B00, 0x0C00, 0x0C00, 0x0C00, 0x0C00, 0x0C00, 0x0C00, 0x0C00, 0x0C00, 
    0x0C00, 0x0C00, 0x0C00, 0x0C00, 0x0C00, 0x0C00, 0x0E00, 0x0E00, 0x0F00, 0x1000, 0x1200, 0x1300, 
    0x1400, 0x1400, 0x1400, 0x1400, 0x1400, 0x1300, 0x1400, 0x1400, 0x1400, 0x1400, 0x1500, 0x1500, 
    0x1400, 0x1400, 0x1300, 0x1200, 0x1100, 0x1000, 0x1000, 0x1100, 0x1200, 0x1300, 0x1400, 0x1500, 
    0x1500, 0x1500, 0x1500, 0x1500, 0x1500, 0x1500, 0x1500, 0x1500, 0x1400, 0x1400, 0x1400, 0x1400, 
    0x1300, 0x1300, 0x1300, 0x0E80, 0x00E0, 0x00E0, 0x00E0, 0x00E0, 0x00E0, 0x00E0, 0x00E0, 0x00E0, 
    0x00E0, 0x00E0, 0x0000, 0x00E0, 0x00E0, 0x00E0, 0x00E0, 0x00E0, 0x00E0, 0x00E0, 0x00E0, 0x00E0, 
    0x0000, 0x00E0, 0x00E0, 0x00E0, 0x00E0, 0x00E0, 0x00E0, 0x00E0, 0x00E0, 0x00E0, 0x00E0, 0x0000, 
    0x00E0, 0x00E0, 0x00E0, 0x00E0, 0x00E0, 0x00E0, 0x00E0, 0x00E0, 0x00E0, 0x00E0, 0x4F41, 0xFFFF, 
    0xFFFF, 0x3B4B, 0x9C01, 0x9C01, 0x9C01, 0x9C01, 0x9C01, 0x9C01, 0x9C01, 0x9C01, 0x9C01, 0x9C01, 
    0x9C01, 0x9C01, 0x9C01, 0x9C01, 0x9C01, 0x9C01, 0x9C01, 0x9C01, 0x9C01, 0x9C01, 0x9C01, 0x9C01, 
    0x9C01, 0x9C01, 0x9C01, 0x9C01, 0x9C01, 0x9C01, 0x9C01, 0x9C01, 0x9C01, 0x9C01, 0x9C01, 0x5C01, 
    0x5C01, 0x5C01, 0x5C01, 0x9C01, 0x9C01, 0x5C01, 0x5C01, 0x7C01, 0x9C01, 0x9C01, 0x9C01, 0x9C01, 
    0x9C01, 0x9C01, 0x9C01, 0x9C01, 0x9C01, 0x9C01, 0x9C01, 0x9C01, 0x9C01, 0x9C01, 0x9C01, 0x9C01, 
    0x9C01, 0x9C01, 0x7C01, 0x7C01, 0x7C01, 0x9C01, 0x9C01, 0x9C01, 0x9C01, 0x9C01, 0x9C01, 0x9C01, 
    0x9C01, 0x9C01, 0x9C01, 0x9C01, 0x9C01, 0x9C01, 0x9C01, 0x9C01, 0x9C01, 0x9C01, 0x9C01, 0x9C01, 
    0x9C01, 0x9C01, 0x9C01, 0x9C01, 0x9C01, 0x9C01, 0x9C01, 0x9C01, 0x9C01, 0x9C01, 0x9C01, 0x9C01, 
    0x9C01, 0x9C01, 0x9C01, 0x9C01, 0x9C01, 0x9C01, 0x9C01, 0x9C01, 0x9C01, 0x9C01, 0x9C01, 0x9C01, 
    0x9C01, 0x9C01, 0x9C01, 0x9C01, 0x9C01, 0x9C01, 0x9C01, 0x9C01, 0x9C01, 0x9C01, 0x9C01, 0x9C01, 
    0x9C01, 0x9C01, 0x9C01, 0x9C01, 0x9C01, 0x9C01, 0x9C01, 0x9C01, 0x9C01, 0x9C01, 0x9C01, 0x9C01, 
    0x9C01, 0x9C01, 0x9C01, 0x9C01, 0x9C01, 0x9C01, 0x9C01, 0x9C09, 0x9C09, 0x9C09, 0x9C09, 0x9C09, 
    0x9C09, 0x9C09, 0x9C09, 0x9C09, 0x9C11, 0x9C11, 0x9C11, 0x9C11, 0x9C11, 0x3B09, 0x9029, 0xFFFF, 
    0xFFFF, 0xB542, 0x9C01, 0x9C01, 0x9C01, 0x9C01, 0x9C01, 0x9C01, 0x9C01, 0x9C01, 0x9C01, 0xBD01, 
    0x9C01, 0x9C01, 0x9C01, 0x9C01, 0x9C01, 0x9C01, 0x9C01, 0x9C01, 0x9C01, 0x9C01, 0x9C01, 0x9C01, 
    0x9C01, 0x9C01, 0x9C01, 0x9C01, 0x9C01, 0x9C01, 0x9C01, 0x9C01, 0x9C01, 0x9C01, 0x9C01, 0x9C01, 
    0x9C01, 0x9C01, 0x9C01, 0x9C01, 0x9C01, 0x9C01, 0x9C01, 0x9C01, 0x9C01, 0x9C01, 0x9C01, 0x9C01, 
    0x9C01, 0x9C01, 0x9C01, 0x9C01, 0x9C01, 0x9C01, 0x9C01, 0x9C01, 0x9C01, 0x9C01, 0x9C01, 0x9C01, 
    0x9C01, 0x9C01, 0x9C01, 0x9C01, 0x9C01, 0x9C01, 0x9C01, 0x9C01, 0x9C01, 0x9C01, 0x9C01, 0x9C01, 
    0x9C01, 0x9C01, 0x9C01, 0x9C01, 0x9C01, 0x9C01, 0x9C01, 0x9C01, 0x9C01, 0x9C01, 0x9C01, 0x9C01, 
    0x9C01, 0x9C01, 0x9C01, 0x9C01, 0x9C01, 0x9C01, 0x9C01, 0x9C01, 0x9C01, 0x9C01, 0x9C01, 0x9C01, 
    0x9C01, 0x9C01, 0x9C01, 0x9C01, 0x9C01, 0x9C01, 0x9C01, 0x9C01, 0x9C01, 0x9C01, 0x9C01, 0x9C01, 
    0x9C01, 0x9C01, 0x9C01, 0x9C01, 0x9C01, 0x9C01, 0x9C01, 0x9C01, 0x9C01, 0x9C01, 0x9C01, 0x9C01, 
    0x9C01, 0x9C01, 0x9C01, 0x9C01, 0x9C01, 0x9C01, 0x9C01, 0x9C01, 0x9C01, 0x9C01, 0x9C01, 0xBC01, 
    0x9C01, 0x9C01, 0x9C01, 0xBC01, 0xBC01, 0xBC01, 0xBC01, 0xBC01, 0x9C01, 0x9C01, 0xBC01, 0xBC01, 
    0xBD01, 0xBD01, 0xBD01, 0xBD01, 0xBD01, 0xBD01, 0xBD01, 0xBD01, 0xBD01, 0x3600, 0x8E29, 0xFFFF, 
    0xFFFF, 0x7042, 0xFA00, 0x9C01, 0x9C01, 0x9C01, 0x9C01, 0x9C01, 0x9C01, 0x9C01, 0x9C01, 0x9C01, 
    0x9C01, 0x9C01, 0x9C01, 0x9C01, 0x9C01, 0x9C01, 0x9C01, 0x9C01, 0x9C01, 0x9C01, 0x9C01, 0x9C01, 
    0x9C01, 0x9C01, 0x9C01, 0x9C01, 0x9C01, 0x9C01, 0x9C01, 0x9C01, 0x9C01, 0x9C01, 0x9C01, 0x9C01, 
    0x9C01, 0x9C01, 0x9C01, 0x9C01, 0x9C01, 0x9C01, 0x9C01, 0x9C01, 0x9C01, 0x9C01, 0x9C01, 0x9C01, 
    0x9C01, 0x9C01, 0x9C01, 0x9C01, 0x9C01, 0x9C01, 0x9C01, 0x9C01, 0x9C01, 0x9C01, 0x9C01, 0x9C01, 
    0x9C01, 0x9C01, 0x9C01, 0x9C01, 0x9C01, 0x9C01, 0x9C01, 0x9C01, 0x9C01, 0x9C01, 0x9C01, 0x9C01, 
    0x9C01, 0x9C01, 0x9C01, 0x9C01, 0x9C01, 0x9C01, 0x9C01, 0x9C01, 0x9C01, 0x9C01, 0x9C01, 0x9C01, 
    0x9C01, 0x9C01, 0x9C01, 0x9C01, 0x9C01, 0x9C01, 0x9C01, 0x9C01, 0x9C01, 0x9C01, 0x9C01, 0x9C01, 
    0x9C01, 0x9C01, 0x9C01, 0x9C01, 0x9C01, 0x9C01, 0x9C01, 0x9C01, 0x9C01, 0x9C01, 0x9C01, 0x9C01, 
    0x9C01, 0x9C01, 0x9C01, 0x9C01, 0x9C01, 0x9C01, 0x9C01, 0x9C01, 0x9C01, 0x9C01, 0x9C01, 0x9C01, 
    0x9C01, 0x9C01, 0x9C01, 0x9C01, 0x9C01, 0x9C01, 0x9C01, 0x9C01, 0x9C01, 0x9C01, 0x9C01, 0xBC01, 
    0xBC01, 0xBC01, 0x9C01, 0x9C01, 0xBC01, 0xBC01, 0xBC01, 0xBC01, 0xBC01, 0x9C01, 0xBD01, 0xBC01, 
    0xBD01, 0xBD01, 0xBD01, 0xBD01, 0xBD01, 0xBD01, 0xBD01, 0xBD01, 0x3C01, 0x0E00, 0x8C29, 0xFFFF, 
    0xFFFF, 0x4E42, 0x1500, 0x9C01, 0xBC01, 0x9C01, 0x9C01, 0x9C01, 0x9C01, 0x9C01, 0x9C01, 0x9C01, 
    0x9C01, 0x9C01, 0x9C01, 0x9C01, 0x9C01, 0x9C01, 0x9C01, 0x9C01, 0x9C01, 0x9C01, 0x9C01, 0x9C01, 
    0x9C01, 0x9C01, 0x9C01, 0x9C01, 0x9C01, 0x9C01, 0x9C01, 0x9C01, 0x9C01, 0x9C01, 0x9C01, 0x9C01, 
    0x9C01, 0x9C01, 0x9C01, 0x9C01, 0x9C01, 0x9C01, 0x9C01, 0x9C01, 0x9C01, 0x9C01, 0x9C01, 0x9C01, 
    0x9C01, 0x9C01, 0x9C01, 0x9C01, 0x9C01, 0x9C01, 0x9C01, 0x9C01, 0x9C01, 0x9C01, 0x9C01, 0x9C01, 
    0x9C01, 0x9C01, 0x9C01, 0x9C01, 0x9C01, 0x9C01, 0x9C01, 0x9C01, 0x9C01, 0x9C01, 0x9C01, 0x9C01, 
    0x9C01, 0x9C01, 0x9C01, 0x9C01, 0x9C01, 0x9C01, 0x9C01, 0x9C01, 0x9C01, 0x9C01, 0x9C01, 0x9C01, 
    0x9C01, 0x9C01, 0x9C01, 0x9C01, 0x9C01, 0x9C01, 0x9C01, 0x9C01, 0x9C01, 0x9C01, 0x9C01, 0x9C01, 
    0x9C01, 0x9C01, 0x9C01, 0x9C01, 0x9C01, 0x9C01, 0x9C01, 0x9C01, 0x9C01, 0x9C01, 0x9C01, 0x9C01, 
    0x9C01, 0x9C01, 0x9C01, 0x9C01, 0x9C01, 0x9C01, 0x9C01, 0x9C01, 0x9C01, 0x9C01, 0x9C01, 0x9C01, 
    0x9C01, 0x9C01, 0x9C01, 0x9C01, 0x9C01, 0x9C01, 0x9C01, 0x9C01, 0xBC01, 0xBC01, 0x9C01, 0x9C01, 
    0x9C01, 0xBC01, 0xBC01, 0xBC01, 0x9C01, 0xBC01, 0x9C01, 0x9C01, 0x9C01, 0xBC01, 0x9C01, 0xBD01, 
    0xBD01, 0xBD01, 0xBD01, 0xBD01, 0xBD01, 0xBD01, 0xBD01, 0xBD01, 0x1500, 0x0D00, 0x8B29, 0xFFFF, 
    0xFFFF, 0x4B4A, 0x1000, 0x9800, 0x1B01, 0x1B01, 0x1B01, 0x1B01, 0x1B01, 0x1B01, 0x1B01, 0x1B01, 
    0x1B01, 0x3B01, 0x3B01, 0x3B01, 0x3B01, 0x3B01, 0x3B01, 0x3B01, 0x5C01, 0x5C01, 0x5C01, 0x5C01, 
    0x5C01, 0x5C01, 0x5C01, 0x5C01, 0x5C01, 0x5C01, 0x5C01, 0x5C01, 0x5C01, 0x3C01, 0x3C01, 0x3C01, 
    0x3C01, 0x3C01, 0x3C01, 0x5C01, 0x5C01, 0x3C01, 0x3C01, 0x3B01, 0x3B01, 0x3B01, 0x3B01, 0x3B01, 
    0x3B01, 0x3C01, 0x5C01, 0x5C01, 0x5C01, 0x5C01, 0x5C01, 0x5C01, 0x5C01, 0x5C01, 0x3C01, 0x5C01, 
    0x5C01, 0x5C01, 0x5C01, 0x5C01, 0x5C01, 0x5C01, 0x5C01, 0x5C01, 0x5C01, 0x5C01, 0x5C01, 0x5C01, 
    0x5C01, 0x5C01, 0x5C01, 0x5C01, 0x5C01, 0x5C01, 0x5C01, 0x5C01, 0x5C01, 0x5C01, 0x5C01, 0x5C01, 
    0x5C01, 0x5C01, 0x5C01, 0x5C01, 0x5C01, 0x5C01, 0x5C01, 0x5C01, 0x5C01, 0x5C01, 0x5C01, 0x5C01, 
    0x5C01, 0x5C01, 0x5C01, 0x5C01, 0x5C01, 0x5C01, 0x5C01, 0x5C01, 0x5C01, 0x5C01, 0x5C01, 0x5C01, 
    0x5C01, 0x5C01, 0x5C01, 0x5C01, 0x5C01, 0x5C01, 0x5C01, 0x5C01, 0x5C01, 0x5C01, 0x5C01, 0x5C01, 
    0x5C01, 0x5C01, 0x5C01, 0x5C01, 0x5C01, 0x5C01, 0x5C01, 0x5C01, 0x7C01, 0x5C01, 0x5C01, 0x7C01, 
    0x7C01, 0x7C01, 0x7C01, 0x7C01, 0x7C01, 0x7C01, 0x7C01, 0x7C01, 0x7C01, 0x7C01, 0x7C01, 0x7C01, 
    0x9C01, 0x9C01, 0x7C01, 0x9C01, 0x9C01, 0x7C01, 0x7C01, 0x5C01, 0x0D00, 0x0C00, 0x4831, 0xFFFF, 
    0xFFFF, 0x6A4A, 0x0E00, 0x0E00, 0x0500, 0x0600, 0x0600, 0x0600, 0x0700, 0x0800, 0x0900, 0x0900, 
    0x0B00, 0x0C00, 0x0E00, 0x0F00, 0x1100, 0x1200, 0x1300, 0x1300, 0x1300, 0x1300, 0x1400, 0x1400, 
    0x1400, 0x1400, 0x1400, 0x1400, 0x1400, 0x1400, 0x1400, 0x1400, 0x1400, 0x1400, 0x1300, 0x1300, 
    0x1300, 0x1300, 0x1400, 0x1400, 0x1300, 0x1200, 0x1000, 0x0C00, 0x0A00, 0x0900, 0x0B00, 0x0E00, 
    0x1000, 0x1300, 0x1500, 0x1500, 0x1600, 0x1500, 0x1500, 0x1500, 0x1500, 0x1500, 0x1500, 0x1500, 
    0x1500, 0x1500, 0x1500, 0x1400, 0x1400, 0x1400, 0x1400, 0x1400, 0x1400, 0x1400, 0x1300, 0x1300, 
    0x1300, 0x1300, 0x1200, 0x1200, 0x1200, 0x1200, 0x1200, 0x1200, 0x1200, 0x1200, 0x1200, 0x1200, 
    0x1200, 0x1200, 0x1300, 0x1300, 0x1300, 0x1300, 0x1200, 0x1200, 0x1200, 0x1200, 0x1200, 0x1300, 
    0x1300, 0x1300, 0x1300, 0x1300, 0x1300, 0x1300, 0x1300, 0x1300, 0x1300, 0x1300, 0x1300, 0x1300, 
    0x1300, 0x1300, 0x1300, 0x1300, 0x1300, 0x1300, 0x1300, 0x1300, 0x1200, 0x1200, 0x1200, 0x1200, 
    0x1300, 0x1300, 0x1300, 0x1400, 0x1400, 0x1400, 0x1400, 0x1400, 0x1300, 0x1300, 0x1300, 0x1300, 
    0x1300, 0x1300, 0x1200, 0x1200, 0x1300, 0x1300, 0x1300, 0x1300, 0x1300, 0x1300, 0x1300, 0x1300, 
    0x1300, 0x1300, 0x1300, 0x1300, 0x1300, 0x1300, 0x1400, 0x7800, 0x0C00, 0x0A00, 0x8731, 0xFFFF, 
    0xFFFF, 0x6A4A, 0x0C00, 0x0E00, 0x0500, 0x0500, 0x0600, 0x0600, 0x0700, 0x0700, 0x0900, 0x0A00, 
    0x0B00, 0x0E00, 0x0F00, 0x1100, 0x1200, 0x1300, 0x1400, 0x1400, 0x1400, 0x1400, 0x1400, 0x1400, 
    0x1400, 0x1400, 0x1400, 0x1400, 0x1400, 0x1400, 0x1400, 0x1400, 0x1400, 0x1400, 0x1300, 0x1300, 
    0x1200, 0x1300, 0x1300, 0x1300, 0x1200, 0x1100, 0x0E00, 0x0C00, 0x0B00, 0x0C00, 0x0E00, 0x1100, 
    0x1400, 0x1500, 0x1600, 0x1600, 0x1600, 0x1500, 0x1500, 0x1500, 0x1500, 0x1500, 0x1500, 0x1500, 
    0x1500, 0x1500, 0x1500, 0x1500, 0x1400, 0x1400, 0x1400, 0x1400, 0x1400, 0x1300, 0x1300, 0x1300, 
    0x1300, 0x1200, 0x1200, 0x1200, 0x1200, 0x1200, 0x1200, 0x1200, 0x1200, 0x1200, 0x1200, 0x1300, 
    0x1300, 0x1300, 0x1300, 0x1300, 0x1300, 0x1300, 0x1200, 0x1200, 0x1200, 0x1200, 0x1200, 0x1200, 
    0x1200, 0x1200, 0x1200, 0x1200, 0x1200, 0x1200, 0x1200, 0x1200, 0x1200, 0x1200, 0x1200, 0x1200, 
    0x1200, 0x1200, 0x1200, 0x1200, 0x1200, 0x1200, 0x1200, 0x1200, 0x1200, 0x1200, 0x1200, 0x1200, 
    0x1200, 0x1300, 0x1300, 0x1300, 0x1400, 0x1400, 0x1300, 0x1300, 0x1300, 0x1300, 0x1200, 0x1200, 
    0x1200, 0x1200, 0x1200, 0x1200, 0x1200, 0x1200, 0x1200, 0x1200, 0x1200, 0x1200, 0x1200, 0x1200, 
    0x1200, 0x1200, 0x1200, 0x1300, 0x1300, 0x1300, 0x1300, 0x7800, 0x0B00, 0x0900, 0xC739, 0xFFFF, 
    0xFFFF, 0x8A52, 0x0A00, 0x0E00, 0x0700, 0x0400, 0x0500, 0x0500, 0x0600, 0x0700, 0x0800, 0x0900, 
    0x0C00, 0x0E00, 0x1000, 0x1200, 0x1200, 0x1300, 0x1400, 0x1400, 0x1400, 0x1400, 0x1400, 0x1400, 
    0x1400, 0x1400, 0x1400, 0x1400, 0x1400, 0x1400, 0x1400, 0x1400, 0x1400, 0x1400, 0x1300, 0x1200, 
    0x1200, 0x1200, 0x1200, 0x1200, 0x1100, 0x1000, 0x0E00, 0x0E00, 0x0E00, 0x0F00, 0x1200, 0x1400, 
    0x1500, 0x1600, 0x1600, 0x1600, 0x1600, 0x1500, 0x1500, 0x1500, 0x1500, 0x1500, 0x1500, 0x1500, 
    0x1500, 0x1500, 0x1500, 0x1500, 0x1400, 0x1400, 0x1400, 0x1400, 0x1300, 0x1300, 0x1300, 0x1300, 
    0x1200, 0x1200, 0x1200, 0x1200, 0x1200, 0x1200, 0x1200, 0x1200, 0x1200, 0x1300, 0x1300, 0x1300, 
    0x1300, 0x1300, 0x1300, 0x1300, 0x1300, 0x1300, 0x1200, 0x1200, 0x1200, 0x1200, 0x1200, 0x1200, 
    0x1200, 0x1200, 0x1200, 0x1200, 0x1200, 0x1200, 0x1200, 0x1200, 0x1200, 0x1200, 0x1200, 0x1200, 
    0x1200, 0x1200, 0x1200, 0x1200, 0x1200, 0x1200, 0x1200, 0x1200, 0x1200, 0x1200, 0x1200, 0x1200, 
    0x1200, 0x1200, 0x1300, 0x1300, 0x1300, 0x1300, 0x1300, 0x1300, 0x1300, 0x1200, 0x1200, 0x1200, 
    0x1200, 0x1200, 0x1200, 0x1200, 0x1200, 0x1200, 0x1200, 0x1200, 0x1200, 0x1200, 0x1200, 0x1200, 
    0x1300, 0x1300, 0x1300, 0x1300, 0x1300, 0x1300, 0x1300, 0x7800, 0x0900, 0x0700, 0xE841, 0xFFFF, 
    0xFFFF, 0xAB52, 0x0700, 0x0E00, 0x0800, 0x0500, 0x0500, 0x0500, 0x0500, 0x0600, 0x0700, 0x0900, 
    0x0C00, 0x0E00, 0x1000, 0x1200, 0x1300, 0x1300, 0x1400, 0x1400, 0x1400, 0x1400, 0x1400, 0x1400, 
    0x1400, 0x1400, 0x1300, 0x1300, 0x1400, 0x1400, 0x1400, 0x1400, 0x1400, 0x1300, 0x1300, 0x1200, 
    0x1200, 0x1200, 0x1100, 0x1000, 0x1000, 0x0F00, 0x0F00, 0x1000, 0x1100, 0x1300, 0x1400, 0x1500, 
    0x1600, 0x1600, 0x1600, 0x1600, 0x1600, 0x1600, 0x1500, 0x1500, 0x1500, 0x1500, 0x1500, 0x1500, 
    0x1500, 0x1500, 0x1500, 0x1500, 0x1400, 0x1400, 0x1400, 0x1400, 0x1300, 0x1300, 0x1300, 0x1200, 
    0x1200, 0x1200, 0x1200, 0x1200, 0x1200, 0x1200, 0x1200, 0x1200, 0x1300, 0x1300, 0x1300, 0x1300, 
    0x1300, 0x1300, 0x1300, 0x1300, 0x1300, 0x1300, 0x1300, 0x1200, 0x1200, 0x1200, 0x1200, 0x1200, 
    0x1200, 0x1200, 0x1200, 0x1200, 0x1200, 0x1200, 0x1200, 0x1200, 0x1200, 0x1200, 0x1200, 0x1100, 
    0x1200, 0x1100, 0x1100, 0x1100, 0x1100, 0x1200, 0x1200, 0x1200, 0x1200, 0x1200, 0x1200, 0x1200, 
    0x1200, 0x1200, 0x1300, 0x1300, 0x1300, 0x1300, 0x1300, 0x1300, 0x1300, 0x1200, 0x1200, 0x1200, 
    0x1200, 0x1200, 0x1200, 0x1200, 0x1200, 0x1200, 0x1200, 0x1200, 0x1200, 0x1300, 0x1300, 0x1300, 
    0x1300, 0x1300, 0x1300, 0x1300, 0x1300, 0x1300, 0x1400, 0x5600, 0x0900, 0x0500, 0x0942, 0xFFFF, 
    0xFFFF, 0x728C, 0x0400, 0x0E00, 0x0A00, 0x0600, 0x0600, 0x0500, 0x0500, 0x0600, 0x0700, 0x0900, 
    0x0C00, 0x0E00, 0x1000, 0x1200, 0x1300, 0x1300, 0x1300, 0x1300, 0x1300, 0x1300, 0x1300, 0x1300, 
    0x1300, 0x1300, 0x1300, 0x1300, 0x1300, 0x1300, 0x1300, 0x1300, 0x1300, 0x1300, 0x1200, 0x1200, 
    0x1100, 0x1100, 0x1000, 0x0F00, 0x0E00, 0x0E00, 0x1000, 0x1200, 0x1400, 0x1500, 0x1600, 0x1600, 
    0x1600, 0x1600, 0x1600, 0x1600, 0x1600, 0x1600, 0x1500, 0x1500, 0x1500, 0x1500, 0x1500, 0x1500, 
    0x1500, 0x1500, 0x1500, 0x1500, 0x1400, 0x1400, 0x1400, 0x1300, 0x1300, 0x1300, 0x1300, 0x1200, 
    0x1200, 0x1200, 0x1200, 0x1200, 0x1200, 0x1200, 0x1200, 0x1300, 0x1300, 0x1300, 0x1300, 0x1300, 
    0x1300, 0x1300, 0x1300, 0x1300, 0x1300, 0x1300, 0x1300, 0x1300, 0x1300, 0x1300, 0x1300, 0x1300, 
    0x1300, 0x1300, 0x1300, 0x1200, 0x1200, 0x1200, 0x1200, 0x1200, 0x1200, 0x1200, 0x1100, 0x1100, 
    0x1100, 0x1100, 0x1100, 0x1100, 0x1100, 0x1100, 0x1100, 0x1200, 0x1200, 0x1200, 0x1200, 0x1200, 
    0x1200, 0x1200, 0x1300, 0x1300, 0x1300, 0x1300, 0x1300, 0x1300, 0x1300, 0x1300, 0x1200, 0x1200, 
    0x1200, 0x1200, 0x1200, 0x1200, 0x1200, 0x1200, 0x1200, 0x1200, 0x1300, 0x1300, 0x1300, 0x1300, 
    0x1300, 0x1300, 0x1300, 0x1300, 0x1300, 0x1300, 0x1500, 0x1400, 0x0900, 0x0300, 0x518C, 0xFFFF, 
    0xFFFF, 0x14A5, 0x0000, 0x0E00, 0x0B00, 0x0700, 0x0700, 0x0600, 0x0600, 0x0700, 0x0800, 0x0900, 
    0x0C00, 0x0E00, 0x1000, 0x1200, 0x1200, 0x1300, 0x1300, 0x1200, 0x1200, 0x1200, 0x1300, 0x1300, 
    0x1300, 0x1300, 0x1300, 0x1200, 0x1200, 0x1200, 0x1200, 0x1200, 0x1200, 0x1200, 0x1200, 0x1200, 
    0x1000, 0x1000, 0x0E00, 0x0E00, 0x0E00, 0x0F00, 0x1200, 0x1400, 0x1500, 0x1600, 0x1600, 0x1600, 
    0x1600, 0x1600, 0x1600, 0x1600, 0x1600, 0x1600, 0x1500, 0x1500, 0x1500, 0x1500, 0x1500, 0x1500, 
    0x1500, 0x1500, 0x1500, 0x1500, 0x1400, 0x1400, 0x1400, 0x1300, 0x1300, 0x1300, 0x1300, 0x1200, 
    0x1200, 0x1200, 0x1200, 0x1200, 0x1200, 0x1300, 0x1300, 0x1300, 0x1300, 0x1300, 0x1300, 0x1300, 
    0x1300, 0x1300, 0x1300, 0x1300, 0x1300, 0x1300, 0x1300, 0x1300, 0x1300, 0x1300, 0x1300, 0x1300, 
    0x1300, 0x1300, 0x1300, 0x1300, 0x1200, 0x1200, 0x1200, 0x1200, 0x1200, 0x1100, 0x1100, 0x1100, 
    0x1100, 0x1100, 0x1100, 0x1100, 0x1100, 0x1100, 0x1100, 0x1100, 0x1200, 0x1200, 0x1200, 0x1200, 
    0x1200, 0x1300, 0x1300, 0x1300, 0x1300, 0x1300, 0x1300, 0x1300, 0x1300, 0x1300, 0x1300, 0x1200, 
    0x1200, 0x1200, 0x1200, 0x1200, 0x1200, 0x1200, 0x1200, 0x1200, 0x1300, 0x1300, 0x1300, 0x1300, 
    0x1300, 0x1300, 0x1300, 0x1300, 0x1300, 0x1300, 0x1300, 0x0C00, 0x0900, 0x0200, 0xB294, 0xFFFF, 
    0xFFFF, 0x55A5, 0x0000, 0x0C00, 0x0B00, 0x0800, 0x0800, 0x0800, 0x0800, 0x0800, 0x0900, 0x0B00, 
    0x0C00, 0x0E00, 0x1000, 0x1100, 0x1200, 0x1200, 0x1200, 0x1200, 0x1200, 0x1200, 0x1200, 0x1200, 
    0x1200, 0x1200, 0x1200, 0x1200, 0x1200, 0x1100, 0x1100, 0x1200, 0x1200, 0x1200, 0x1100, 0x1100, 
    0x1000, 0x0E00, 0x0C00, 0x0D00, 0x0E00, 0x1100, 0x1300, 0x1500, 0x1500, 0x1600, 0x1600, 0x1600, 
    0x1600, 0x1600, 0x1600, 0x1600, 0x1600, 0x1600, 0x1600, 0x1500, 0x1500, 0x1500, 0x1500, 0x1500, 
    0x1500, 0x1500, 0x1500, 0x1400, 0x1400, 0x1400, 0x1400, 0x1300, 0x1300, 0x1300, 0x1300, 0x1300, 
    0x1300, 0x1300, 0x1300, 0x1300, 0x1300, 0x1300, 0x1300, 0x1300, 0x1300, 0x1300, 0x1300, 0x1300, 
    0x1300, 0x1300, 0x1300, 0x1300, 0x1300, 0x1300, 0x1300, 0x1300, 0x1300, 0x1400, 0x1400, 0x1400, 
    0x1300, 0x1300, 0x1300, 0x1300, 0x1300, 0x1200, 0x1200, 0x1200, 0x1100, 0x1100, 0x1100, 0x1100, 
    0x1100, 0x1100, 0x1100, 0x1100, 0x1100, 0x1100, 0x1200, 0x1200, 0x1200, 0x1200, 0x1200, 0x1200, 
    0x1300, 0x1300, 0x1300, 0x1300, 0x1300, 0x1300, 0x1300, 0x1300, 0x1300, 0x1300, 0x1200, 0x1200, 
    0x1200, 0x1200, 0x1200, 0x1200, 0x1200, 0x1200, 0x1200, 0x1200, 0x1200, 0x1300, 0x1300, 0x1300, 
    0x1300, 0x1300, 0x1300, 0x1300, 0x1300, 0x1200, 0x1200, 0x0900, 0x0C00, 0x0100, 0xF49C, 0xFFFF, 
    0xFFFF, 0x18C6, 0x0000, 0x0A00, 0x0B00, 0x0900, 0x0A00, 0x0B00, 0x0B00, 0x0B00, 0x0B00, 0x0C00, 
    0x0D00, 0x0E00, 0x1000, 0x1100, 0x1200, 0x1200, 0x1200, 0x1200, 0x1200, 0x1200, 0x1200, 0x1200, 
    0x1200, 0x1200, 0x1200, 0x1100, 0x1100, 0x1000, 0x1000, 0x1100, 0x1100, 0x1100, 0x1100, 0x1000, 
    0x1000, 0x0E00, 0x0B00, 0x0C00, 0x0E00, 0x1100, 0x1400, 0x1500, 0x1500, 0x1500, 0x1500, 0x1600, 
    0x1500, 0x1600, 0x1600, 0x1600, 0x1600, 0x1600, 0x1600, 0x1500, 0x1500, 0x1500, 0x1500, 0x1500, 
    0x1500, 0x1500, 0x1400, 0x1400, 0x1400, 0x1400, 0x1400, 0x1300, 0x1300, 0x1300, 0x1300, 0x1300, 
    0x1300, 0x1300, 0x1300, 0x1300, 0x1300, 0x1300, 0x1300, 0x1300, 0x1300, 0x1300, 0x1300, 0x1300, 
    0x1300, 0x1300, 0x1300, 0x1300, 0x1300, 0x1300, 0x1400, 0x1400, 0x1400, 0x1400, 0x1400, 0x1400, 
    0x1400, 0x1400, 0x1300, 0x1300, 0x1300, 0x1200, 0x1200, 0x1200, 0x1100, 0x1100, 0x1100, 0x1100, 
    0x1100, 0x1100, 0x1200, 0x1200, 0x1200, 0x1200, 0x1200, 0x1200, 0x1200, 0x1200, 0x1200, 0x1200, 
    0x1300, 0x1300, 0x1300, 0x1300, 0x1300, 0x1300, 0x1300, 0x1300, 0x1200, 0x1200, 0x1200, 0x1200, 
    0x1200, 0x1200, 0x1200, 0x1200, 0x1200, 0x1200, 0x1200, 0x1200, 0x1300, 0x1300, 0x1300, 0x1300, 
    0x1300, 0x1300, 0x1300, 0x1300, 0x1300, 0x1200, 0x1100, 0x0900, 0x1000, 0x0000, 0x39CE, 0xFFFF, 
    0xFFFF, 0xBBD6, 0x0000, 0x0800, 0x0C00, 0x0900, 0x0D00, 0x0E00, 0x0E00, 0x0E00, 0x0E00, 0x0E00, 
    0x0E00, 0x1000, 0x1000, 0x1100, 0x1200, 0x1200, 0x1200, 0x1200, 0x1200, 0x1200, 0x1200, 0x1200, 
    0x1100, 0x1100, 0x1100, 0x1000, 0x1000, 0x0F00, 0x0F00, 0x0F00, 0x0F00, 0x1000, 0x1000, 0x0F00, 
    0x0E00, 0x0D00, 0x0B00, 0x0B00, 0x0E00, 0x1000, 0x1300, 0x1400, 0x1400, 0x1400, 0x1400, 0x1500, 
    0x1500, 0x1500, 0x1500, 0x1500, 0x1500, 0x1500, 0x1600, 0x1500, 0x1500, 0x1500, 0x1500, 0x1500, 
    0x1500, 0x1500, 0x1500, 0x1400, 0x1400, 0x1400, 0x1400, 0x1400, 0x1300, 0x1300, 0x1300, 0x1300, 
    0x1300, 0x1300, 0x1300, 0x1300, 0x1300, 0x1300, 0x1300, 0x1300, 0x1300, 0x1300, 0x1300, 0x1300, 
    0x1300, 0x1300, 0x1300, 0x1300, 0x1300, 0x1400, 0x1400, 0x1400, 0x1400, 0x1400, 0x1400, 0x1400, 
    0x1400, 0x1400, 0x1400, 0x1300, 0x1300, 0x1200, 0x1200, 0x1200, 0x1100, 0x1100, 0x1100, 0x1100, 
    0x1200, 0x1200, 0x1200, 0x1200, 0x1200, 0x1200, 0x1200, 0x1200, 0x1200, 0x1200, 0x1300, 0x1300, 
    0x1300, 0x1300, 0x1300, 0x1300, 0x1300, 0x1300, 0x1300, 0x1200, 0x1200, 0x1200, 0x1200, 0x1200, 
    0x1200, 0x1200, 0x1100, 0x1100, 0x1100, 0x1200, 0x1200, 0x1200, 0x1300, 0x1300, 0x1400, 0x1400, 
    0x1300, 0x1300, 0x1300, 0x1300, 0x1300, 0x1200, 0x1000, 0x0C00, 0x1100, 0x0000, 0x59CE, 0xFFFF, 
    0xFFFF, 0x1CE7, 0x0000, 0x0400, 0x0C00, 0x0900, 0x0F00, 0x1000, 0x1000, 0x1000, 0x1000, 0x1000, 
    0x1000, 0x1100, 0x1100, 0x1200, 0x1200, 0x1200, 0x1200, 0x1200, 0x1200, 0x1200, 0x1200, 0x1200, 
    0x1100, 0x1100, 0x1000, 0x1000, 0x0E00, 0x0E00, 0x0D00, 0x0E00, 0x0E00, 0x0E00, 0x0E00, 0x0E00, 
    0x0E00, 0x0C00, 0x0B00, 0x0B00, 0x0D00, 0x1000, 0x1100, 0x1200, 0x1200, 0x1300, 0x1300, 0x1300, 
    0x1300, 0x1400, 0x1400, 0x1400, 0x1500, 0x1500, 0x1500, 0x1500, 0x1500, 0x1500, 0x1500, 0x1500, 
    0x1500, 0x1500, 0x1400, 0x1400, 0x1400, 0x1400, 0x1400, 0x1400, 0x1300, 0x1300, 0x1300, 0x1300, 
    0x1400, 0x1400, 0x1400, 0x1400, 0x1400, 0x1400, 0x1400, 0x1300, 0x1300, 0x1300, 0x1300, 0x1300, 
    0x1300, 0x1300, 0x1300, 0x1300, 0x1300, 0x1300, 0x1400, 0x1400, 0x1400, 0x1400, 0x1400, 0x1400, 
    0x1400, 0x1400, 0x1400, 0x1300, 0x1300, 0x1200, 0x1200, 0x1200, 0x1200, 0x1100, 0x1100, 0x1100, 
    0x1200, 0x1200, 0x1200, 0x1200, 0x1200, 0x1200, 0x1200, 0x1300, 0x1300, 0x1300, 0x1300, 0x1300, 
    0x1300, 0x1300, 0x1300, 0x1300, 0x1300, 0x1300, 0x1200, 0x1200, 0x1200, 0x1200, 0x1200, 0x1200, 
    0x1200, 0x1100, 0x1100, 0x1100, 0x1100, 0x1200, 0x1200, 0x1200, 0x1300, 0x1300, 0x1400, 0x1400, 
    0x1400, 0x1300, 0x1300, 0x1300, 0x1300, 0x1200, 0x1000, 0x1200, 0x0D00, 0x0000, 0x1CE7, 0xFFFF, 
    0xFFFF, 0x9EF7, 0x0000, 0x0000, 0x0C00, 0x0900, 0x0E00, 0x1200, 0x1200, 0x1200, 0x1200, 0x1200, 
    0x1200, 0x1200, 0x1200, 0x1300, 0x1300, 0x1300, 0x1300, 0x1300, 0x1200, 0x1200, 0x1200, 0x1200, 
    0x1200, 0x1100, 0x1100, 0x1000, 0x0E00, 0x0D00, 0x0C00, 0x0C00, 0x0C00, 0x0C00, 0x0D00, 0x0E00, 
    0x0E00, 0x0D00, 0x0C00, 0x0C00, 0x0D00, 0x0E00, 0x1000, 0x1100, 0x1100, 0x1100, 0x1100, 0x1100, 
    0x1200, 0x1200, 0x1200, 0x1200, 0x1300, 0x1300, 0x1400, 0x1400, 0x1400, 0x1400, 0x1400, 0x1400, 
    0x1400, 0x1400, 0x1400, 0x1400, 0x1400, 0x1400, 0x1400, 0x1400, 0x1400, 0x1400, 0x1400, 0x1400, 
    0x1400, 0x1400, 0x1400, 0x1400, 0x1400, 0x1400, 0x1400, 0x1400, 0x1400, 0x1400, 0x1400, 0x1300, 
    0x1300, 0x1300, 0x1300, 0x1300, 0x1300, 0x1300, 0x1300, 0x1400, 0x1400, 0x1400, 0x1400, 0x1400, 
    0x1400, 0x1400, 0x1400, 0x1300, 0x1300, 0x1200, 0x1200, 0x1200, 0x1200, 0x1100, 0x1100, 0x1200, 
    0x1200, 0x1200, 0x1200, 0x1200, 0x1300, 0x1300, 0x1300, 0x1300, 0x1300, 0x1300, 0x1300, 0x1300, 
    0x1300, 0x1300, 0x1300, 0x1300, 0x1300, 0x1200, 0x1200, 0x1200, 0x1200, 0x1200, 0x1200, 0x1200, 
    0x1100, 0x1100, 0x1100, 0x1100, 0x1100, 0x1200, 0x1200, 0x1200, 0x1300, 0x1400, 0x1400, 0x1400, 
    0x1400, 0x1400, 0x1400, 0x1400, 0x1300, 0x1200, 0x1000, 0x1500, 0x0700, 0x0000, 0x7DEF, 0xFFFF, 
    0xFFFF, 0xDFFF, 0x0000, 0x0000, 0x0B00, 0x0900, 0x0C00, 0x1300, 0x1300, 0x1300, 0x1300, 0x1300, 
    0x1300, 0x1300, 0x1400, 0x1400, 0x1400, 0x1400, 0x1400, 0x1300, 0x1300, 0x1300, 0x1300, 0x1300, 
    0x1300, 0x1200, 0x1100, 0x1000, 0x0E00, 0x0D00, 0x0C00, 0x0B00, 0x0B00, 0x0C00, 0x0C00, 0x0E00, 
    0x0E00, 0x0E00, 0x0E00, 0x0E00, 0x0E00, 0x0E00, 0x0F00, 0x1000, 0x1000, 0x1000, 0x1000, 0x1000, 
    0x1000, 0x1000, 0x1000, 0x1100, 0x1100, 0x1100, 0x1200, 0x1200, 0x1200, 0x1200, 0x1300, 0x1300, 
    0x1300, 0x1300, 0x1300, 0x1300, 0x1300, 0x1300, 0x1300, 0x1300, 0x1300, 0x1300, 0x1400, 0x1400, 
    0x1400, 0x1400, 0x1400, 0x1400, 0x1400, 0x1400, 0x1400, 0x1400, 0x1400, 0x1400, 0x1400, 0x1400, 
    0x1300, 0x1300, 0x1300, 0x1300, 0x1300, 0x1300, 0x1300, 0x1400, 0x1400, 0x1400, 0x1400, 0x1400, 
    0x1400, 0x1400, 0x1400, 0x1300, 0x1300, 0x1200, 0x1200, 0x1200, 0x1200, 0x1200, 0x1200, 0x1200, 
    0x1200, 0x1200, 0x1200, 0x1200, 0x1300, 0x1300, 0x1300, 0x1300, 0x1300, 0x1300, 0x1300, 0x1300, 
    0x1300, 0x1300, 0x1300, 0x1300, 0x1300, 0x1200, 0x1200, 0x1200, 0x1200, 0x1200, 0x1200, 0x1200, 
    0x1100, 0x1100, 0x1100, 0x1100, 0x1200, 0x1200, 0x1200, 0x1300, 0x1300, 0x1400, 0x1400, 0x1400, 
    0x1400, 0x1400, 0x1400, 0x1400, 0x1400, 0x1300, 0x1300, 0x1500, 0x0000, 0x0000, 0xDFFF, 0xFFFF, 
    0xFFFF, 0xFFFF, 0x8A52, 0x0000, 0x0300, 0x0900, 0x0900, 0x1400, 0x1400, 0x1400, 0x1400, 0x1400, 
    0x1400, 0x1400, 0x1400, 0x1400, 0x1400, 0x1400, 0x1400, 0x1400, 0x1400, 0x1400, 0x1400, 0x1400, 
    0x1400, 0x1300, 0x1300, 0x1100, 0x1000, 0x0E00, 0x0C00, 0x0B00, 0x0B00, 0x0C00, 0x0C00, 0x0E00, 
    0x0E00, 0x0F00, 0x1000, 0x0F00, 0x0E00, 0x0E00, 0x0E00, 0x0F00, 0x0F00, 0x1000, 0x1000, 0x1000, 
    0x1000, 0x0F00, 0x1000, 0x1000, 0x1000, 0x1000, 0x1000, 0x1000, 0x1000, 0x1000, 0x1100, 0x1100, 
    0x1100, 0x1100, 0x1100, 0x1100, 0x1100, 0x1000, 0x1100, 0x1100, 0x1200, 0x1200, 0x1200, 0x1300, 
    0x1400, 0x1400, 0x1400, 0x1400, 0x1400, 0x1400, 0x1400, 0x1400, 0x1400, 0x1400, 0x1400, 0x1400, 
    0x1400, 0x1300, 0x1300, 0x1300, 0x1300, 0x1300, 0x1400, 0x1400, 0x1400, 0x1400, 0x1400, 0x1400, 
    0x1400, 0x1400, 0x1400, 0x1300, 0x1300, 0x1200, 0x1200, 0x1200, 0x1200, 0x1200, 0x1200, 0x1200, 
    0x1200, 0x1200, 0x1200, 0x1200, 0x1300, 0x1300, 0x1300, 0x1300, 0x1300, 0x1300, 0x1300, 0x1300, 
    0x1300, 0x1300, 0x1300, 0x1300, 0x1300, 0x1200, 0x1200, 0x1200, 0x1200, 0x1200, 0x1200, 0x1200, 
    0x1200, 0x1200, 0x1200, 0x1200, 0x1200, 0x1200, 0x1300, 0x1300, 0x1400, 0x1400, 0x1400, 0x1400, 
    0x1400, 0x1400, 0x1400, 0x1400, 0x1400, 0x1300, 0x1500, 0x0D00, 0x0000, 0xE739, 0xFFFF, 0xFFFF, 
    0xFFFF, 0xFFFF, 0x928C, 0x0000, 0x0000, 0x0700, 0x0800, 0x1200, 0x1400, 0x1400, 0x1400, 0x1400, 
    0x1400, 0x1400, 0x1400, 0x1400, 0x1400, 0x1400, 0x1400, 0x1400, 0x1400, 0x1400, 0x1400, 0x1400, 
    0x1400, 0x1400, 0x1300, 0x1200, 0x1000, 0x0E00, 0x0C00, 0x0C00, 0x0C00, 0x0C00, 0x0D00, 0x0E00, 
    0x0F00, 0x0F00, 0x0F00, 0x0F00, 0x0F00, 0x0E00, 0x0E00, 0x0F00, 0x0F00, 0x0F00, 0x0F00, 0x0F00, 
    0x0F00, 0x0F00, 0x0F00, 0x0F00, 0x0F00, 0x0F00, 0x0F00, 0x0E00, 0x0E00, 0x0E00, 0x0F00, 0x0F00, 
    0x0F00, 0x0F00, 0x0F00, 0x0E00, 0x0E00, 0x0E00, 0x0E00, 0x0F00, 0x1000, 0x1000, 0x1100, 0x1200, 
    0x1200, 0x1300, 0x1300, 0x1400, 0x1400, 0x1400, 0x1400, 0x1400, 0x1400, 0x1400, 0x1400, 0x1400, 
    0x1400, 0x1300, 0x1300, 0x1300, 0x1300, 0x1300, 0x1400, 0x1400, 0x1400, 0x1400, 0x1400, 0x1400, 
    0x1400, 0x1400, 0x1400, 0x1400, 0x1300, 0x1300, 0x1200, 0x1200, 0x1200, 0x1200, 0x1200, 0x1200, 
    0x1200, 0x1200, 0x1300, 0x1300, 0x1300, 0x1300, 0x1300, 0x1300, 0x1300, 0x1300, 0x1300, 0x1300, 
    0x1400, 0x1300, 0x1300, 0x1300, 0x1300, 0x1300, 0x1300, 0x1200, 0x1200, 0x1200, 0x1200, 0x1200, 
    0x1200, 0x1200, 0x1200, 0x1200, 0x1200, 0x1300, 0x1300, 0x1400, 0x1400, 0x1400, 0x1400, 0x1400, 
    0x1400, 0x1400, 0x1400, 0x1400, 0x1400, 0x1500, 0x1400, 0x0000, 0x0000, 0x728C, 0xFFFF, 0xFFFF, 
    0xFFFF, 0xFFFF, 0x59CE, 0x0000, 0x0000, 0x0200, 0x0700, 0x0F00, 0x1400, 0x1400, 0x1400, 0x1400, 
    0x1400, 0x1400, 0x1400, 0x1400, 0x1400, 0x1400, 0x1400, 0x1400, 0x1400, 0x1400, 0x1400, 0x1400, 
    0x1400, 0x1400, 0x1300, 0x1200, 0x1000, 0x0E00, 0x0D00, 0x0C00, 0x0C00, 0x0D00, 0x0E00, 0x0E00, 
    0x0F00, 0x0F00, 0x0F00, 0x0E00, 0x0E00, 0x0E00, 0x0E00, 0x0F00, 0x0F00, 0x0F00, 0x0F00, 0x0F00, 
    0x0F00, 0x0F00, 0x0F00, 0x0F00, 0x0F00, 0x0F00, 0x0E00, 0x0E00, 0x0D00, 0x0D00, 0x0E00, 0x0E00, 
    0x0E00, 0x0E00, 0x0D00, 0x0C00, 0x0C00, 0x0C00, 0x0C00, 0x0C00, 0x0E00, 0x0E00, 0x0F00, 0x1000, 
    0x1100, 0x1100, 0x1200, 0x1200, 0x1200, 0x1200, 0x1200, 0x1200, 0x1300, 0x1300, 0x1300, 0x1300, 
    0x1300, 0x1300, 0x1300, 0x1300, 0x1300, 0x1300, 0x1400, 0x1400, 0x1400, 0x1400, 0x1400, 0x1400, 
    0x1400, 0x1400, 0x1400, 0x1400, 0x1400, 0x1300, 0x1300, 0x1200, 0x1200, 0x1200, 0x1200, 0x1200, 
    0x1200, 0x1300, 0x1300, 0x1300, 0x1300, 0x1300, 0x1300, 0x1300, 0x1300, 0x1300, 0x1400, 0x1400, 
    0x1400, 0x1400, 0x1400, 0x1400, 0x1300, 0x1300, 0x1300, 0x1300, 0x1300, 0x1300, 0x1200, 0x1200, 
    0x1200, 0x1200, 0x1200, 0x1200, 0x1300, 0x1300, 0x1400, 0x1400, 0x1400, 0x1400, 0x1400, 0x1500, 
    0x1500, 0x1500, 0x1500, 0x1500, 0x1400, 0x1500, 0x0A00, 0x0000, 0x0000, 0x18C6, 0xFFFF, 0xFFFF, 
    0xFFFF, 0xFFFF, 0x7DEF, 0x0000, 0x0000, 0x0000, 0x0700, 0x0B00, 0x1400, 0x1400, 0x1400, 0x1400, 
    0x1400, 0x1400, 0x1400, 0x1400, 0x1400, 0x1400, 0x1400, 0x1400, 0x1400, 0x1400, 0x1400, 0x1400, 
    0x1400, 0x1300, 0x1200, 0x1100, 0x1000, 0x0F00, 0x0E00, 0x0E00, 0x0E00, 0x0E00, 0x0E00, 0x0F00, 
    0x0F00, 0x0F00, 0x0F00, 0x0E00, 0x0E00, 0x0E00, 0x0E00, 0x0F00, 0x0F00, 0x0F00, 0x0F00, 0x0F00, 
    0x0F00, 0x0F00, 0x0F00, 0x0F00, 0x0E00, 0x0E00, 0x0E00, 0x0E00, 0x0E00, 0x0E00, 0x0E00, 0x0D00, 
    0x0E00, 0x0D00, 0x0C00, 0x0C00, 0x0B00, 0x0B00, 0x0B00, 0x0B00, 0x0C00, 0x0D00, 0x0D00, 0x0E00, 
    0x0E00, 0x0F00, 0x1000, 0x1000, 0x1000, 0x1000, 0x1000, 0x1100, 0x1100, 0x1100, 0x1100, 0x1100, 
    0x1200, 0x1200, 0x1200, 0x1200, 0x1300, 0x1300, 0x1300, 0x1400, 0x1400, 0x1400, 0x1400, 0x1400, 
    0x1400, 0x1400, 0x1400, 0x1400, 0x1400, 0x1400, 0x1300, 0x1300, 0x1300, 0x1200, 0x1200, 0x1200, 
    0x1200, 0x1300, 0x1300, 0x1300, 0x1300, 0x1300, 0x1300, 0x1300, 0x1300, 0x1400, 0x1400, 0x1400, 
    0x1400, 0x1400, 0x1400, 0x1400, 0x1400, 0x1400, 0x1400, 0x1400, 0x1300, 0x1300, 0x1300, 0x1300, 
    0x1300, 0x1300, 0x1300, 0x1300, 0x1300, 0x1400, 0x1400, 0x1400, 0x1400, 0x1400, 0x1500, 0x1500, 
    0x1500, 0x1500, 0x1500, 0x1500, 0x1500, 0x1300, 0x0000, 0x0000, 0x0000, 0x7DEF, 0xFFFF, 0xFFFF, 
    0xFFFF, 0xFFFF, 0xDFFF, 0xC410, 0x0000, 0x0000, 0x0900, 0x1400, 0x1100, 0x1000, 0x0E00, 0x0E00, 
    0x0E00, 0x0E00, 0x0E00, 0x0E00, 0x0F00, 0x0F00, 0x1000, 0x1000, 0x1000, 0x1000, 0x1000, 0x1000, 
    0x0E00, 0x0E00, 0x0E00, 0x0D00, 0x0C00, 0x0C00, 0x0C00, 0x0C00, 0x0C00, 0x0C00, 0x0C00, 0x0C00, 
    0x0C00, 0x0C00, 0x0C00, 0x0C00, 0x0B00, 0x0B00, 0x0B00, 0x0B00, 0x0B00, 0x0B00, 0x0B00, 0x0B00, 
    0x0B00, 0x0B00, 0x0B00, 0x0B00, 0x0B00, 0x0A00, 0x0A00, 0x0B00, 0x0B00, 0x0A00, 0x0B00, 0x0B00, 
    0x0A00, 0x0A00, 0x0B00, 0x0B00, 0x0A00, 0x0A00, 0x0B00, 0x0B00, 0x0B00, 0x0B00, 0x0C00, 0x0C00, 
    0x0C00, 0x0C00, 0x0C00, 0x0C00, 0x0C00, 0x0C00, 0x0D00, 0x0E00, 0x0F00, 0x1000, 0x0F00, 0x0E00, 
    0x0E00, 0x0E00, 0x0E00, 0x0E00, 0x0E00, 0x0F00, 0x0F00, 0x0F00, 0x1000, 0x1000, 0x1000, 0x1000, 
    0x1100, 0x1200, 0x1200, 0x1200, 0x1200, 0x1100, 0x1100, 0x1000, 0x1000, 0x1100, 0x1100, 0x1100, 
    0x1200, 0x1200, 0x1100, 0x1100, 0x1100, 0x1000, 0x1000, 0x0F00, 0x0F00, 0x0E00, 0x0F00, 0x0F00, 
    0x0F00, 0x0F00, 0x0F00, 0x0F00, 0x1000, 0x1000, 0x1000, 0x1000, 0x1000, 0x0F00, 0x0F00, 0x0F00, 
    0x0E00, 0x0E00, 0x0E00, 0x0E00, 0x0E00, 0x0F00, 0x0F00, 0x0F00, 0x1000, 0x1000, 0x1000, 0x1000, 
    0x1000, 0x1000, 0x1000, 0x5700, 0x1500, 0x0B00, 0x0000, 0x0000, 0x0421, 0xDFFF, 0xFFFF, 0xFFFF, 
    0xFFFF, 0xFFFF, 0xFFFF, 0xD7BD, 0x0000, 0x0000, 0x9500, 0x3600, 0x0E00, 0x0B00, 0x0A00, 0x0900, 
    0x0900, 0x0900, 0x0900, 0x0A00, 0x0B00, 0x0B00, 0x0C00, 0x0B00, 0x0B00, 0x0C00, 0x0C00, 0x0B00, 
    0x0B00, 0x0A00, 0x0A00, 0x0A00, 0x0A00, 0x0A00, 0x0A00, 0x0A00, 0x0A00, 0x0A00, 0x0A00, 0x0900, 
    0x0900, 0x0900, 0x0900, 0x0900, 0x0800, 0x0700, 0x0700, 0x0800, 0x0800, 0x0800, 0x0800, 0x0800, 
    0x0800, 0x0700, 0x0700, 0x0700, 0x0700, 0x0700, 0x0700, 0x0700, 0x0700, 0x0700, 0x0700, 0x0700, 
    0x0700, 0x0700, 0x0900, 0x0A00, 0x0A00, 0x0900, 0x0B00, 0x0B00, 0x0B00, 0x0B00, 0x0B00, 0x0C00, 
    0x0B00, 0x0A00, 0x0B00, 0x0B00, 0x0B00, 0x0B00, 0x0B00, 0x0C00, 0x0E00, 0x1000, 0x0E00, 0x0B00, 
    0x0B00, 0x0B00, 0x0B00, 0x0A00, 0x0A00, 0x0B00, 0x0B00, 0x0B00, 0x0B00, 0x0B00, 0x0B00, 0x0C00, 
    0x0C00, 0x0E00, 0x0E00, 0x0F00, 0x0E00, 0x0E00, 0x0E00, 0x0E00, 0x0E00, 0x0E00, 0x1000, 0x1000, 
    0x1000, 0x1000, 0x1000, 0x1000, 0x0F00, 0x0E00, 0x0C00, 0x0B00, 0x0900, 0x0800, 0x0700, 0x0800, 
    0x0800, 0x0700, 0x0700, 0x0700, 0x0800, 0x0900, 0x0900, 0x0900, 0x0900, 0x0900, 0x0900, 0x0800, 
    0x0800, 0x0700, 0x0700, 0x0700, 0x0700, 0x0700, 0x0800, 0x0800, 0x0800, 0x0800, 0x0800, 0x0800, 
    0x0800, 0x0800, 0x0800, 0x1200, 0x1901, 0x0200, 0x0000, 0x0000, 0x76AD, 0xFFFF, 0xFFFF, 0xFFFF, 
    0xFFFF, 0xFFFF, 0xFFFF, 0x9EF7, 0x4529, 0x0000, 0x5600, 0x0F00, 0x0D00, 0x0B00, 0x0A00, 0x0900, 
    0x0A00, 0x0A00, 0x0A00, 0x0B00, 0x0B00, 0x0B00, 0x0B00, 0x0B00, 0x0B00, 0x0C00, 0x0B00, 0x0B00, 
    0x0B00, 0x0B00, 0x0A00, 0x0A00, 0x0A00, 0x0A00, 0x0A00, 0x0A00, 0x0A00, 0x0A00, 0x0A00, 0x0A00, 
    0x0A00, 0x0A00, 0x0900, 0x0900, 0x0700, 0x0700, 0x0700, 0x0700, 0x0700, 0x0800, 0x0800, 0x0700, 
    0x0700, 0x0700, 0x0700, 0x0700, 0x0700, 0x0700, 0x0700, 0x0700, 0x0700, 0x0700, 0x0700, 0x0700, 
    0x0700, 0x0800, 0x0900, 0x0A00, 0x0A00, 0x0900, 0x0A00, 0x0B00, 0x0B00, 0x0B00, 0x0B00, 0x0B00, 
    0x0B00, 0x0B00, 0x0B00, 0x0B00, 0x0B00, 0x0A00, 0x0B00, 0x0D00, 0x0F00, 0x1000, 0x0F00, 0x0C00, 
    0x0C00, 0x0C00, 0x0B00, 0x0A00, 0x0A00, 0x0B00, 0x0B00, 0x0B00, 0x0B00, 0x0B00, 0x0A00, 0x0B00, 
    0x0B00, 0x0C00, 0x0D00, 0x0E00, 0x0E00, 0x0E00, 0x0D00, 0x0D00, 0x0D00, 0x0E00, 0x0F00, 0x1000, 
    0x1000, 0x1000, 0x1000, 0x1000, 0x1000, 0x1000, 0x0E00, 0x0D00, 0x0B00, 0x0900, 0x0900, 0x0900, 
    0x0900, 0x0800, 0x0700, 0x0700, 0x0800, 0x0900, 0x0900, 0x0900, 0x0800, 0x0800, 0x0800, 0x0800, 
    0x0800, 0x0800, 0x0700, 0x0800, 0x0800, 0x0800, 0x0800, 0x0800, 0x0800, 0x0800, 0x0800, 0x0800, 
    0x0800, 0x0800, 0x0800, 0x0900, 0x3500, 0x0000, 0x0000, 0xA310, 0x9EF7, 0xFFFF, 0xFFFF, 0xFFFF, 
    0xFFFF, 0xFFFF, 0xFFFF, 0xFFFF, 0x9EF7, 0xD7B5, 0x98AD, 0x78AD, 0x78AD, 0x78AD, 0x77AD, 0x77AD, 
    0x77AD, 0x77AD, 0x77AD, 0x77AD, 0x76AD, 0x77AD, 0x77AD, 0x77AD, 0x77AD, 0x77AD, 0x77AD, 0x77AD, 
    0x77AD, 0x77AD, 0xD8BD, 0xFCDE, 0xFCDE, 0xFCDE, 0xFCDE, 0xFCDE, 0xFCDE, 0xFCDE, 0xFCDE, 0xFCDE, 
    0xFCDE, 0xFCDE, 0xFCDE, 0xFCDE, 0xFCDE, 0xFCDE, 0xFCDE, 0xFCDE, 0xFCDE, 0xFCDE, 0xFCDE, 0xFCDE, 
    0xFCDE, 0xFCDE, 0xFCDE, 0xFCDE, 0xFCDE, 0xFCDE, 0xFCDE, 0xFCDE, 0xFCDE, 0xFCDE, 0xFCDE, 0xFCDE, 
    0xFCDE, 0xFCDE, 0xFCDE, 0xFCDE, 0xFCDE, 0xFCDE, 0xFCDE, 0xFCDE, 0xFCDE, 0xFCDE, 0xFCDE, 0xFCDE, 
    0xFCDE, 0xFCDE, 0xFCDE, 0xFCDE, 0xFCDE, 0xFCDE, 0xFCDE, 0xFCDE, 0xFCDE, 0xFCDE, 0xFCDE, 0xFCDE, 
    0xFCDE, 0xFCDE, 0xFCDE, 0xFCDE, 0xFCDE, 0xFCDE, 0xFCDE, 0xFCDE, 0xFCDE, 0xFCDE, 0xFCDE, 0xFCDE, 
    0xFCDE, 0xDCDE, 0xDCDE, 0xDCDE, 0xDCDE, 0xDCDE, 0xDCDE, 0xDCDE, 0xDCDE, 0xDCDE, 0xFCDE, 0xFCDE, 
    0xFCDE, 0xFCDE, 0xFCDE, 0xFCDE, 0xFCDE, 0xFCDE, 0xFCDE, 0xFCDE, 0xDCDE, 0xDCDE, 0xDCDE, 0xDCDE, 
    0xDCDE, 0xDCDE, 0xDCDE, 0xDCDE, 0xDCDE, 0xDCDE, 0xDCDE, 0xDCDE, 0xBBD6, 0x9494, 0x2F63, 0x2F63, 
    0x2F63, 0x2F63, 0x3063, 0x3163, 0x3063, 0x2F63, 0x2F63, 0x2F63, 0x2F63, 0x3063, 0x3063, 0x3063, 
    0x3063, 0x3063, 0x3063, 0x3063, 0x3063, 0x2F63, 0x14A5, 0x5DEF, 0xFFFF, 0xFFFF, 0xFFFF, 0xFFFF, 
    0xFFFF, 0xFFFF, 0xFFFF, 0xFFFF, 0xFFFF, 0xFFFF, 0xFFFF, 0xFFFF, 0xFFFF, 0xFFFF, 0xFFFF, 0xFFFF, 
    0xFFFF, 0xFFFF, 0xFFFF, 0xFFFF, 0xFFFF, 0xFFFF, 0xFFFF, 0xFFFF, 0xFFFF, 0xFFFF, 0xFFFF, 0xFFFF, 
    0xFFFF, 0xFFFF, 0xFFFF, 0xFFFF, 0xFFFF, 0xFFFF, 0xFFFF, 0xFFFF, 0xFFFF, 0xFFFF, 0xFFFF, 0xFFFF, 
    0xFFFF, 0xFFFF, 0xFFFF, 0xFFFF, 0xFFFF, 0xFFFF, 0xFFFF, 0xFFFF, 0xFFFF, 0xFFFF, 0xFFFF, 0xFFFF, 
    0xFFFF, 0xFFFF, 0xFFFF, 0xFFFF, 0xFFFF, 0xFFFF, 0xFFFF, 0xFFFF, 0xFFFF, 0xFFFF, 0xFFFF, 0xFFFF, 
    0xFFFF, 0xFFFF, 0xFFFF, 0xFFFF, 0xFFFF, 0xFFFF, 0xFFFF, 0xFFFF, 0xFFFF, 0xFFFF, 0xFFFF, 0xFFFF, 
    0xFFFF, 0xFFFF, 0xFFFF, 0xFFFF, 0xFFFF, 0xFFFF, 0xFFFF, 0xFFFF, 0xFFFF, 0xFFFF, 0xFFFF, 0xFFFF, 
    0xFFFF, 0xFFFF, 0xFFFF, 0xFFFF, 0xFFFF, 0xFFFF, 0xFFFF, 0xFFFF, 0xFFFF, 0xFFFF, 0xFFFF, 0xFFFF, 
    0xFFFF, 0xFFFF, 0xFFFF, 0xFFFF, 0xFFFF, 0xFFFF, 0xFFFF, 0xFFFF, 0xFFFF, 0xFFFF, 0xFFFF, 0xFFFF, 
    0xFFFF, 0xFFFF, 0xFFFF, 0xFFFF, 0xFFFF, 0xFFFF, 0xFFFF, 0xFFFF, 0xFFFF, 0xFFFF, 0xFFFF, 0xFFFF, 
    0xFFFF, 0xFFFF, 0xFFFF, 0xFFFF, 0xFFFF, 0xFFFF, 0xFFFF, 0xFFFF, 0xFFFF, 0xFFFF, 0xFFFF, 0xFFFF, 
    0xFFFF, 0xFFFF, 0xFFFF, 0xFFFF, 0xFFFF, 0xFFFF, 0xFFFF, 0xFFFF, 0xFFFF, 0xFFFF, 0xFFFF, 0xFFFF, 
    0xFFFF, 0xFFFF, 0xFFFF, 0xFFFF, 0xFFFF, 0xFFFF, 0xFFFF, 0xFFFF, 0xFFFF, 0xFFFF, 0xFFFF, 0xFFFF, 
    0xFFFF, 0xFFFF, 0xFFFF, 0xFFFF, 0xFFFF, 0xFFFF, 0xFFFF, 0xFFFF, 0xFFFF, 0xFFFF, 0xFFFF, 0xFFFF, 
    0xFFFF, 0xFFFF, 0xFFFF, 0xFFFF, 0xFFFF, 0xFFFF, 0xFFFF, 0xFFFF, 0xFFFF, 0xFFFF, 0xFFFF, 0xFFFF, 
    0xFFFF, 0xFFFF, 0xFFFF, 0xFFFF, 0xFFFF, 0xFFFF, 0xFFFF, 0xFFFF, 0xFFFF, 0xFFFF, 0xFFFF, 0xFFFF, 
    0xFFFF, 0xFFFF, 0xFFFF, 0xFFFF, 0xFFFF, 0xFFFF, 0xFFFF, 0xFFFF, 0xFFFF, 0xFFFF, 0xFFFF, 0xFFFF, 
    0xFFFF, 0xFFFF, 0xFFFF, 0xFFFF, 0xFFFF, 0xFFFF, 0xFFFF, 0xFFFF, 0xFFFF, 0xFFFF, 0xFFFF, 0xFFFF, 
    0xFFFF, 0xFFFF, 0xFFFF, 0xFFFF, 0xFFFF, 0xFFFF, 0xFFFF, 0xFFFF, 0xFFFF, 0xFFFF, 0xFFFF, 0xFFFF, 
    0xFFFF, 0xFFFF, 0xFFFF, 0xFFFF, 0xFFFF, 0xFFFF, 0xFFFF, 0xFFFF, 0xFFFF, 0xFFFF, 0xFFFF, 0xFFFF, 
    0xFFFF, 0xFFFF, 0xFFFF, 0xFFFF, 0xFFFF, 0xFFFF, 0xFFFF, 0xFFFF, 0xFFFF, 0xFFFF, 0xFFFF, 0xFFFF, 
    0xFFFF, 0xFFFF, 0xFFFF, 0xFFFF, 0xFFFF, 0xFFFF, 0xFFFF, 0xFFFF, 0xFFFF, 0xFFFF, 0xFFFF, 0xFFFF, 
    0xFFFF, 0xFFFF, 0xFFFF, 0xFFFF, 0xFFFF, 0xFFFF, 0xFFFF, 0xFFFF, 0xFFFF, 0xFFFF, 0xFFFF, 0xFFFF, 
    0xFFFF, 0xFFFF, 0xFFFF, 0xFFFF, 0xFFFF, 0xFFFF, 0xFFFF, 0xFFFF, 0xFFFF, 0xFFFF, 0xFFFF, 0xFFFF, 
    0xFFFF, 0xFFFF, 0xFFFF, 0xFFFF, 0xFFFF, 0xFFFF, 0xFFFF, 0xFFFF, 0xFFFF, 0xFFFF, 0xFFFF, 0xFFFF, 
    0xFFFF, 0xFFFF, 0xFFFF, 0xFFFF, 0xFFFF, 0xFFFF, 0xFFFF, 0xFFFF, 0xFFFF, 0xFFFF, 0xFFFF, 0xFFFF
};