
const uint16_t sky[] PROGMEM = {

    0x7FBF, 0x7FC7, 0x7FC7, 0x7FC7, 0x9FC7, 0x3FAF, 0x1FA7, 0x1FA7, 0x3FA7, 0x3FAF, 0x3FA7, 0x1F9F, 
    0x1F9F, 0x1F9F, 0x1F9F, 0x1F9F, 0x1F9F, 0x1F9F, 0x1F9F, 0x1F9F, 0x1F9F, 0x1F9F, 0x1F9F, 0x1F9F, 
    0x1F9F, 0x1F9F, 0x1F9F, 0x1FA7, 0x1F9F, 0x1F9F, 0x1F9F, 0x1F9F, 0x1FA7, 0x1FA7, 0x1FA7, 0x1FA7, 
    0x1FA7, 0x1FA7, 0x1FA7, 0x1FAF, 0x3FAF, 0x3FB7, 0x3FB7, 0x5FB7, 0x5FB7, 0x5FBF, 0x5FBF, 0x7FBF, 
    0x7FC7, 0x9FC7, 0x9FCF, 0x9FCF, 0x9FCF, 0xBFD7, 0xDFDF, 0xFFDF, 0xFFDF, 0xFFE7, 0xFFE7, 0xFFE7, 
    0xFFEF, 0xFFE7, 0xFFE7, 0xFFE7, 0xFFEF, 0xFFE7, 0xFFE7, 0xFFEF, 0xFFEF, 0xFFEF, 0xFFEF, 0xFFEF, 
    0xFFF7, 0xFFEF, 0xFFE7, 0xFFDF, 0xDFD7, 0x9FD7, 0x9FCF, 0x9FCF, 0x7FCF, 0x9FCF, 0x9FCF, 0x9FCF, 
    0xBFD7, 0x9FD7, 0x7FCF, 0x5FC7, 0x5FC7, 0x5FBF, 0x3FBF, 0x5FC7, 0x7FC7, 0x7FC7, 0x5FC7, 0x5FC7, 
    0x5FC7, 0x5FBF, 0x7FC7, 0x7FC7, 0x7FC7, 0x7FC7, 0x7FC7, 0x7FC7, 0x7FC7, 0x7FCF, 0x7FCF, 0x9FCF, 
    0xBFD7, 0xBFD7, 0xDFDF, 0xFFDF, 0xFFE7, 0xFFE7, 0xFFEF, 0xFFEF, 0xFFEF, 0xFFF7, 0xFFFF, 0xFFFF, 
    0xFFFF, 0xFFFF, 0xFFFF, 0xFFFF, 0xFFFF, 0xFFFF, 0xFFF7, 0xFFF7, 0xFFF7, 0xFFF7, 0xFFF7, 0xFFF7, 
    0xFFF7, 0xFFF7, 0xFFF7, 0xFFF7, 0xFFF7, 0xFFF7, 0xFFF7, 0xFFF7, 0xFFEF, 0xFFF7, 0xFFEF, 0xFFF7, 
    0xFFF7, 0xFFF7, 0xFFEF, 0xFFEF, 0xFFE7, 0xFFE7, 0xFFEF, 0xFFEF, 0xFFEF, 0xFFEF, 0xFFEF, 0xDFE7, 
    0xBFDF, 0xBFDF, 0xBFDF, 0xDFE7, 0xFFEF, 0xFFEF, 0xFFEF, 0xFFEF, 0xFFEF, 0xFFFF, 0xFFFF, 0xFFFF, 
    0xFFFF, 0xFFFF, 0xFFFF, 0xFFFF, 0xFFFF, 0xFFFF, 0xFFFF, 0xFFFF, 0xFFFF, 0xFFFF, 0xFFEF, 0xBFDF, 
    0xDFE7, 0xDFE7, 0xBFDF, 0x9FD7, 0x9FD7, 0x9FD7, 0x9FD7, 0x9FD7, 0x9FD7, 0x5FCF, 0x5FCF, 0x1FBF, 
    0xFFBE, 0x5FCF, 0x5FCF, 0x7FD7, 0xBFDF, 0x5FCF, 0xFFBE, 0xFFB6, 0xFFBE, 0x1FBF, 0x3FC7, 0x5FCF, 
    0x7FD7, 0x5FCF, 0x3FC7, 0x3FC7, 0xFFBE, 0xFFBE, 0x1FBF, 0x1FC7, 0x3FC7, 0x5FCF, 0x7FD7, 0xDFE7, 
    0xFFEF, 0xFFEF, 0xFFEF, 0xDFEF, 0xFFF7, 0xFFFF, 0xFFF7, 0xBFE7, 0x9FDF, 0x9FDF, 0xBFDF, 0xFFEF, 
    0xFFFF, 0xFFFF, 0xFFFF, 0xFFFF, 0xFFFF, 0xFFFF, 0xFFFF, 0xFFFF, 0xFFFF, 0xFFFF, 0xFFFF, 0x9FD7, 
    0x7FC7, 0x9FCF, 0x9FCF, 0x9FCF, 0x7FC7, 0x5FBF, 0x7FBF, 0x7FBF, 0x7FBF, 0x3FAF, 0x1FA7, 0x1F9F, 
    0x1F9F, 0x1F9F, 0x1F9F, 0x1F9F, 0x1F9F, 0x3F9F, 0x1F9F, 0x3F9F, 0x1F9F, 0x1F9F, 0x3F9F, 0x1F9F, 
    0x1F9F, 0x1F9F, 0x1F9F, 0x1F9F, 0x1F9F, 0x1F9F, 0x1FA7, 0x1FA7, 0x1FA7, 0x3FA7, 0x1FA7, 0x1FA7, 
    0x1F9F, 0x1FA7, 0x1FA7, 0x3FA7, 0x1FAF, 0x3FAF, 0x5FB7, 0x5FB7, 0x5FBF, 0x5FBF, 0x7FBF, 0x7FBF, 
    0x7FC7, 0x7FC7, 0x7FCF, 0x9FCF, 0x9FCF, 0xBFD7, 0xBFD7, 0xFFDF, 0xFFDF, 0xFFDF, 0xFFE7, 0xFFE7, 
    0xFFE7, 0xFFE7, 0xFFE7, 0xFFE7, 0xFFEF, 0xFFE7, 0xFFE7, 0xFFEF, 0xFFEF, 0xFFEF, 0xFFEF, 0xFFEF, 
    0xFFEF, 0xFFE7, 0xFFE7, 0xDFD7, 0x9FCF, 0x7FCF, 0x5FC7, 0x5FC7, 0x7FC7, 0x7FCF, 0x7FCF, 0x5FC7, 
    0x5FC7, 0x5FC7, 0x5FC7, 0x5FC7, 0x3FBF, 0x3FBF, 0x3FBF, 0x5FC7, 0x5FC7, 0x5FC7, 0x3FBF, 0x5FBF, 
    0x5FBF, 0x5FBF, 0x5FBF, 0x5FBF, 0x5FBF, 0x5FC7, 0x5FBF, 0x7FC7, 0x7FC7, 0x5FC7, 0x7FC7, 0x7FCF, 
    0x9FCF, 0x9FD7, 0xDFD7, 0xFFE7, 0xFFE7, 0xFFEF, 0xFFEF, 0xFFEF, 0xFFF7, 0xFFF7, 0xFFFF, 0xFFFF, 
    0xFFFF, 0xFFFF, 0xFFFF, 0xFFFF, 0xFFFF, 0xFFF7, 0xFFF7, 0xFFF7, 0xFFEF, 0xFFEF, 0xFFF7, 0xFFF7, 
    0xFFF7, 0xFFF7, 0xFFEF, 0xFFEF, 0xFFEF, 0xFFEF, 0xFFEF, 0xFFF7, 0xFFF7, 0xFFF7, 0xFFFF, 0xFFFF, 
    0xFFF7, 0xFFEF, 0xFFEF, 0xFFE7, 0xFFEF, 0xFFF7, 0xFFF7, 0xFFEF, 0xDFE7, 0xBFDF, 0x9FD7, 0x9FD7, 
    0x9FD7, 0xBFDF, 0xDFDF, 0xFFE7, 0xFFEF, 0xFFEF, 0xFFEF, 0xFFEF, 0xFFEF, 0xFFEF, 0xFFEF, 0xFFEF, 
    0xFFEF, 0xFFEF, 0xFFEF, 0xFFEF, 0xFFEF, 0xFFEF, 0xFFF7, 0xFFF7, 0xFFF7, 0xFFEF, 0xFFE7, 0xDFE7, 
    0xDFE7, 0xBFDF, 0x9FDF, 0xDFDF, 0xBFDF, 0xDFE7, 0xDFE7, 0x9FDF, 0x5FD7, 0x5FCF, 0x5FCF, 0x5FCF, 
    0x5FCF, 0x5FCF, 0x7FCF, 0x9FDF, 0x9FDF, 0xFFBE, 0xFFB6, 0xFFB6, 0xFFBE, 0x1FBF, 0x1FC7, 0x3FC7, 
    0x3FC7, 0xFFB6, 0xDFB6, 0xFFB6, 0xFFB6, 0xFFB6, 0xFFBE, 0x1FBF, 0x5FCF, 0x9FD7, 0xDFE7, 0xFFE7, 
    0xDFE7, 0x9FDF, 0x5FD7, 0x9FDF, 0x9FDF, 0x9FDF, 0x7FD7, 0x7FDF, 0x7FDF, 0x9FDF, 0xDFEF, 0xFFF7, 
    0xFFFF, 0xFFFF, 0xFFFF, 0xFFFF, 0xFFFF, 0xFFFF, 0xFFFF, 0xFFFF, 0xFFFF, 0xFFFF, 0xFFF7, 0xDFEF, 
    0x5FBF, 0x7FCF, 0xDFD7, 0xDFDF, 0x9FCF, 0x7FC7, 0x7FC7, 0x9FCF, 0xBFCF, 0x7FC7, 0x5FAF, 0x3F9F, 
    0x3F9F, 0x3F9F, 0x1F9F, 0x3F9F, 0x1F9F, 0x1F9F, 0x1F9F, 0x3F9F, 0x3F9F, 0x3F9F, 0x1F9F, 0x1F9F, 
    0x1F9F, 0x1F9F, 0x1F9F, 0x3F9F, 0x3F9F, 0x1FA7, 0x1FA7, 0x3FA7, 0x1FA7, 0x1FA7, 0x3FA7, 0x3FA7, 
    0x1FA7, 0x1FA7, 0x3FA7, 0x3FAF, 0x3FAF, 0x1FAF, 0x3FB7, 0x3FB7, 0x3FB7, 0x5FBF, 0x5FBF, 0x5FBF, 
    0x5FC7, 0x7FC7, 0x7FC7, 0x7FC7, 0x7FC7, 0x9FCF, 0x9FCF, 0xBFD7, 0xDFDF, 0xDFDF, 0xFFDF, 0xDFDF, 
    0xFFE7, 0xFFE7, 0xFFE7, 0xFFE7, 0xFFE7, 0xFFE7, 0xFFE7, 0xFFEF, 0xFFEF, 0xFFEF, 0xFFEF, 0xFFEF, 
    0xFFE7, 0xFFDF, 0x9FD7, 0x9FCF, 0x7FCF, 0x5FC7, 0x3FBF, 0x1FBF, 0x1FB7, 0x5FBF, 0x5FC7, 0x7FC7, 
    0x5FBF, 0x3FBF, 0x3FBF, 0x3FBF, 0x1FBF, 0x3FBF, 0x1FBF, 0x3FBF, 0x5FC7, 0x3FC7, 0x5FBF, 0x3FBF, 
    0x3FBF, 0x5FBF, 0x5FBF, 0x5FBF, 0x5FBF, 0x3FBF, 0x3FBF, 0x3FBF, 0x3FBF, 0x3FBF, 0x5FC7, 0x7FC7, 
    0x9FCF, 0xBFD7, 0xDFDF, 0xFFDF, 0xFFE7, 0xFFEF, 0xFFEF, 0xFFF7, 0xFFF7, 0xFFF7, 0xFFFF, 0xFFFF, 
    0xFFFF, 0xFFFF, 0xFFF7, 0xFFF7, 0xFFF7, 0xFFEF, 0xFFEF, 0xFFEF, 0xFFEF, 0xFFEF, 0xFFEF, 0xFFF7, 
    0xFFF7, 0xFFEF, 0xFFE7, 0xFFE7, 0xFFEF, 0xFFEF, 0xFFEF, 0xFFEF, 0xFFF7, 0xFFF7, 0xFFF7, 0xFFF7, 
    0xFFF7, 0xFFEF, 0xFFF7, 0xFFF7, 0xFFF7, 0xFFFF, 0xFFEF, 0xDFE7, 0xDFDF, 0x9FDF, 0x9FD7, 0x9FD7, 
    0xBFDF, 0xDFE7, 0xFFEF, 0xFFEF, 0xFFEF, 0xFFEF, 0xFFEF, 0xFFEF, 0xFFE7, 0xDFE7, 0xDFE7, 0xFFE7, 
    0xDFE7, 0xDFE7, 0xDFE7, 0xDFE7, 0xDFE7, 0xFFE7, 0xFFE7, 0xFFE7, 0xFFE7, 0xDFE7, 0xBFDF, 0x9FDF, 
    0xBFDF, 0xBFDF, 0xBFDF, 0x9FDF, 0x9FDF, 0x9FDF, 0x9FDF, 0x7FCF, 0x5FCF, 0x5FCF, 0x5FCF, 0x7FD7, 
    0x5FCF, 0x7FD7, 0x9FDF, 0xDFDF, 0x9FDF, 0x1FC7, 0x1FBF, 0x1FBF, 0x1FBF, 0x1FBF, 0x1FBF, 0x1FB7, 
    0xFFB6, 0xDFAE, 0xBFA6, 0xDFAE, 0xFFB6, 0xFFB6, 0x1FBF, 0x5FCF, 0x9FD7, 0xBFDF, 0xDFE7, 0x9FDF, 
    0x3FCF, 0x5FCF, 0x3FC7, 0x3FC7, 0x5FCF, 0x5FCF, 0x7FD7, 0x9FDF, 0xBFDF, 0xFFEF, 0xDFEF, 0xFFF7, 
    0xFFFF, 0xFFFF, 0xFFFF, 0xFFFF, 0xFFFF, 0xFFFF, 0xFFFF, 0xFFFF, 0xFFFF, 0xFFFF, 0xFFFF, 0xFFF7, 
    0x5FBF, 0x7FC7, 0x9FCF, 0x9FCF, 0x9FCF, 0x9FCF, 0x7FCF, 0x7FC7, 0x7FBF, 0x5FB7, 0x5FAF, 0x1FA7, 
    0x1F9F, 0x1F9F, 0x3F9F, 0x1F9F, 0x3F9F, 0x3F9F, 0x3F9F, 0x3F9F, 0x1F9F, 0x3F9F, 0x1F9F, 0x3F9F, 
    0x3F9F, 0x3F9F, 0x1F9F, 0x3FA7, 0x1FA7, 0x3FA7, 0x3FA7, 0x3FA7, 0x3FA7, 0x3FA7, 0x3FA7, 0x3FA7, 
    0x3FAF, 0x3FA7, 0x1FA7, 0x3FAF, 0x3FAF, 0x1FAF, 0x1FAF, 0x3FAF, 0x5FB7, 0x3FB7, 0x3FB7, 0x5FBF, 
    0x5FBF, 0x7FC7, 0x7FC7, 0x7FC7, 0x7FC7, 0x7FC7, 0x9FCF, 0x9FCF, 0x9FCF, 0xBFD7, 0xDFD7, 0xBFD7, 
    0xDFDF, 0xDFDF, 0xDFDF, 0xDFDF, 0xFFE7, 0xFFE7, 0xFFE7, 0xFFE7, 0xFFE7, 0xFFE7, 0xFFE7, 0xFFE7, 
    0xFFDF, 0x9FCF, 0x7FC7, 0x5FBF, 0x3FB7, 0xFFAE, 0xFFAE, 0x1FB7, 0xFFB6, 0xFFB6, 0xFFB6, 0x1FB7, 
    0x1FB7, 0x1FBF, 0x1FBF, 0x1FB7, 0x1FBF, 0x1FB7, 0x1FB7, 0x1FBF, 0x3FBF, 0x3FBF, 0x5FBF, 0x5FBF, 
    0x3FBF, 0x5FBF, 0x1FBF, 0x1FBF, 0x3FBF, 0x1FB7, 0x1FB7, 0x1FB7, 0x3FB7, 0x3FBF, 0x3FBF, 0x5FC7, 
    0x7FCF, 0xBFD7, 0xDFD7, 0xFFDF, 0xFFE7, 0xFFEF, 0xFFEF, 0xFFF7, 0xFFF7, 0xFFF7, 0xFFF7, 0xFFF7, 
    0xFFF7, 0xFFEF, 0xFFEF, 0xFFEF, 0xFFEF, 0xFFEF, 0xFFE7, 0xFFE7, 0xFFEF, 0xFFEF, 0xFFEF, 0xFFEF, 
    0xFFEF, 0xFFE7, 0xDFE7, 0xFFE7, 0xFFEF, 0xFFEF, 0xFFF7, 0xFFF7, 0xFFFF, 0xFFFF, 0xFFF7, 0xFFF7, 
    0xFFF7, 0xFFF7, 0xFFF7, 0xFFFF, 0xFFFF, 0xFFFF, 0xFFF7, 0xDFE7, 0xDFE7, 0xFFE7, 0xDFE7, 0xDFE7, 
    0xFFEF, 0xFFEF, 0xFFF7, 0xFFF7, 0xFFEF, 0xFFEF, 0xFFEF, 0xDFE7, 0xBFE7, 0xDFE7, 0xDFDF, 0xBFDF, 
    0xBFDF, 0x9FDF, 0x9FDF, 0x9FDF, 0x9FDF, 0xBFDF, 0xBFDF, 0xBFDF, 0xBFDF, 0xBFDF, 0x9FDF, 0x9FDF, 
    0x9FDF, 0xBFDF, 0x9FDF, 0x9FDF, 0x7FDF, 0x7FDF, 0x7FD7, 0x7FD7, 0x7FD7, 0x5FCF, 0x5FD7, 0x7FD7, 
    0x9FDF, 0xBFE7, 0xFFEF, 0xDFE7, 0x5FCF, 0x7FCF, 0x5FCF, 0x5FCF, 0x3FC7, 0x1FBF, 0xFFB6, 0xDFAE, 
    0xDFA6, 0xFFAE, 0xDFAE, 0xDFA6, 0xDFA6, 0xDFAE, 0x1FBF, 0x7FCF, 0x5FCF, 0x1FC7, 0x5FC7, 0x1FBF, 
    0xFFBE, 0xFFBE, 0xFFBE, 0xFFBE, 0xFFBE, 0x5FCF, 0x7FD7, 0xBFE7, 0xFFEF, 0xFFEF, 0xDFEF, 0xFFFF, 
    0xFFFF, 0xFFFF, 0xFFFF, 0xFFFF, 0xFFFF, 0xFFFF, 0xFFFF, 0xFFFF, 0xFFFF, 0xFFFF, 0xFFFF, 0xFFF7, 
    0x5FBF, 0x5FBF, 0x7FC7, 0x7FC7, 0x9FCF, 0x7FC7, 0x7FC7, 0x5FBF, 0x5FB7, 0x3FAF, 0x3FA7, 0x3FA7, 
    0x3FA7, 0x3FA7, 0x1F9F, 0x1FA7, 0x1F9F, 0x1F9F, 0x1F9F, 0x1F9F, 0x1F9F, 0x1F9F, 0x1F9F, 0x3F9F, 
    0x3F9F, 0x1F9F, 0x1FA7, 0x1FA7, 0x3FA7, 0x3FA7, 0x5FAF, 0x5FAF, 0x3FA7, 0x5FAF, 0xBFCF, 0x5FB7, 
    0x3FAF, 0x3FAF, 0x1FA7, 0x3FAF, 0x3FAF, 0x5FB7, 0x3FAF, 0x1FAF, 0x3FB7, 0x1FB7, 0x1FB7, 0x3FBF, 
    0x3FBF, 0x5FC7, 0x7FC7, 0x7FC7, 0x7FC7, 0x7FC7, 0x9FCF, 0x7FC7, 0x7FC7, 0x7FCF, 0x7FCF, 0x7FCF, 
    0x9FCF, 0x9FD7, 0xBFD7, 0xDFD7, 0xFFDF, 0xFFDF, 0xFFDF, 0xFFE7, 0xFFE7, 0xFFEF, 0xFFEF, 0xFFE7, 
    0xBFD7, 0x7FCF, 0x5FBF, 0x3FBF, 0x1FB7, 0x1FB7, 0x5FBF, 0x7FC7, 0x3FBF, 0x1FB7, 0x1FB7, 0x1FB7, 
    0x1FB7, 0x1FB7, 0x3FBF, 0x1FB7, 0x1FB7, 0x1FBF, 0x3FBF, 0x3FBF, 0x3FBF, 0x5FBF, 0x5FBF, 0x3FBF, 
    0x3FBF, 0x3FBF, 0x1FBF, 0x1FBF, 0x3FBF, 0x1FBF, 0x1FB7, 0x1FB7, 0x1FBF, 0x5FBF, 0x5FBF, 0x7FC7, 
    0x7FCF, 0xBFD7, 0xDFD7, 0xFFDF, 0xFFE7, 0xFFEF, 0xFFEF, 0xFFF7, 0xFFFF, 0xFFF7, 0xFFEF, 0xFFEF, 
    0xFFEF, 0xFFEF, 0xFFE7, 0xFFE7, 0xFFEF, 0xFFE7, 0xFFE7, 0xFFE7, 0xFFE7, 0xFFE7, 0xFFE7, 0xDFE7, 
    0xDFE7, 0xDFE7, 0xDFE7, 0xFFEF, 0xFFEF, 0xFFF7, 0xFFF7, 0xFFF7, 0xFFFF, 0xFFFF, 0xFFFF, 0xFFFF, 
    0xFFFF, 0xFFFF, 0xFFFF, 0xFFFF, 0xFFFF, 0xFFEF, 0xFFEF, 0xFFEF, 0xFFEF, 0xFFF7, 0xFFEF, 0xFFEF, 
    0xFFEF, 0xFFEF, 0xFFF7, 0xFFEF, 0xFFEF, 0xFFEF, 0xDFEF, 0xBFE7, 0xBFDF, 0xBFDF, 0x9FDF, 0x9FDF, 
    0x9FD7, 0x7FD7, 0x9FDF, 0x9FDF, 0x9FDF, 0x9FDF, 0x9FDF, 0x9FDF, 0x9FDF, 0x9FDF, 0x9FDF, 0x9FDF, 
    0x9FDF, 0x9FDF, 0x9FDF, 0x9FDF, 0x9FDF, 0x9FDF, 0x7FD7, 0x7FD7, 0x7FD7, 0x7FDF, 0x9FDF, 0xDFE7, 
    0xFFEF, 0xFFF7, 0xFFF7, 0xDFE7, 0x9FDF, 0x7FD7, 0x5FCF, 0x5FC7, 0x1FBF, 0xFFB6, 0xFFAE, 0xDFAE, 
    0xDFAE, 0xDFA6, 0xDFA6, 0xDFA6, 0xDFA6, 0xDFA6, 0xDFAE, 0xFFAE, 0x1FBF, 0xFFB6, 0xFFB6, 0xFFB6, 
    0xFFB6, 0xDFAE, 0xBFAE, 0xBFAE, 0xDFB6, 0x1FC7, 0x7FD7, 0xFFEF, 0xFFFF, 0xFFEF, 0xBFE7, 0x9FDF, 
    0xFFEF, 0xFFFF, 0xFFFF, 0xFFFF, 0xFFFF, 0xFFFF, 0xFFFF, 0xFFFF, 0xFFFF, 0xFFFF, 0xFFF7, 0xBFE7, 
    0x5FBF, 0x7FBF, 0x9FC7, 0x9FCF, 0x9FCF, 0x7FBF, 0x7FBF, 0x5FBF, 0x5FBF, 0x5FB7, 0x5FB7, 0x5FAF, 
    0x5FAF, 0x7FAF, 0x5FAF, 0x5FAF, 0x3FA7, 0x3FA7, 0x3FA7, 0x3FA7, 0x3F9F, 0x3FA7, 0x5FA7, 0x3FA7, 
    0x7FBF, 0x9FBF, 0x7FB7, 0x7FB7, 0x5FB7, 0x9FBF, 0xFFDF, 0xFFEF, 0xDFD7, 0xFFDF, 0xFFFF, 0xFFFF, 
    0x7FC7, 0x3FAF, 0x3FAF, 0x3FAF, 0x5FB7, 0xBFCF, 0x9FCF, 0x5FBF, 0x1FB7, 0x3FB7, 0x1FB7, 0x1FB7, 
    0x1FB7, 0x5FBF, 0x5FBF, 0x5FBF, 0x5FC7, 0x7FC7, 0x3FBF, 0x3FBF, 0x3FBF, 0x1FBF, 0x3FBF, 0x3FBF, 
    0x5FC7, 0x5FC7, 0x7FC7, 0x9FCF, 0xBFD7, 0xDFDF, 0xDFDF, 0xDFDF, 0xDFDF, 0xFFDF, 0xDFDF, 0x9FD7, 
    0x9FCF, 0x5FC7, 0x3FBF, 0x5FBF, 0x1FBF, 0x5FC7, 0x9FD7, 0xBFDF, 0xBFD7, 0xBFD7, 0xDFDF, 0x7FCF, 
    0x3FBF, 0x3FB7, 0x1FB7, 0x1FB7, 0x1FB7, 0x3FBF, 0x3FBF, 0x1FBF, 0x3FBF, 0x3FBF, 0x5FBF, 0x3FBF, 
    0x3FBF, 0x1FBF, 0x3FBF, 0x3FBF, 0x1FBF, 0x3FBF, 0x3FBF, 0x3FBF, 0x3FBF, 0x5FBF, 0x5FC7, 0x7FC7, 
    0x9FCF, 0x9FD7, 0xDFDF, 0xFFE7, 0xFFEF, 0xFFEF, 0xFFF7, 0xFFF7, 0xFFFF, 0xFFF7, 0xFFEF, 0xFFE7, 
    0xFFDF, 0xFFDF, 0xDFDF, 0xDFDF, 0xDFDF, 0xDFDF, 0xDFDF, 0xDFDF, 0xDFDF, 0xDFDF, 0xDFDF, 0xDFDF, 
    0xDFDF, 0xDFE7, 0xFFEF, 0xFFEF, 0xFFF7, 0xFFF7, 0xFFF7, 0xFFF7, 0xFFF7, 0xFFFF, 0xFFFF, 0xFFFF, 
    0xFFFF, 0xFFFF, 0xFFFF, 0xFFFF, 0xFFF7, 0xFFEF, 0xFFEF, 0xFFEF, 0xFFF7, 0xFFF7, 0xFFEF, 0xFFEF, 
    0xFFEF, 0xFFEF, 0xFFEF, 0xFFEF, 0xDFE7, 0xDFE7, 0xBFDF, 0xBFDF, 0x9FDF, 0x9FD7, 0x7FCF, 0x7FCF, 
    0x5FCF, 0x7FCF, 0x7FD7, 0x7FD7, 0x7FD7, 0x7FD7, 0x7FD7, 0x7FCF, 0x7FCF, 0x5FCF, 0x7FD7, 0x7FDF, 
    0x7FDF, 0x9FDF, 0xBFDF, 0xBFDF, 0x9FDF, 0x9FDF, 0x7FDF, 0x9FDF, 0xBFDF, 0xDFE7, 0xFFF7, 0xFFFF, 
    0xFFFF, 0xFFFF, 0xFFEF, 0xBFE7, 0x7FD7, 0x7FCF, 0x3FC7, 0xFFBE, 0xDFB6, 0x1FBF, 0x3FC7, 0x9FD7, 
    0x9FDF, 0x5FC7, 0xFFB6, 0xDFA6, 0xDFA6, 0xDFAE, 0xDFAE, 0xDFAE, 0xFFB6, 0xDFAE, 0xDFAE, 0xFFB6, 
    0xDFAE, 0xBFAE, 0x9FAE, 0x9FAE, 0xDFB6, 0x1FBF, 0x7FD7, 0xFFF7, 0xFFF7, 0x1FC7, 0x1FC7, 0x7FD7, 
    0x9FDF, 0xFFEF, 0xFFF7, 0xFFF7, 0xFFF7, 0xFFFF, 0xFFFF, 0xFFFF, 0xFFFF, 0xFFF7, 0xDFE7, 0xDFE7, 
    0x7FBF, 0x7FBF, 0x7FC7, 0xBFCF, 0xDFD7, 0xDFD7, 0xFFDF, 0xFFEF, 0xFFEF, 0xFFEF, 0xFFE7, 0xFFDF, 
    0x9FCF, 0x9FC7, 0x9FC7, 0x5FB7, 0x5FAF, 0x5FAF, 0x5FAF, 0x5FAF, 0x7FB7, 0x5FB7, 0x5FAF, 0x5FB7, 
    0xDFD7, 0xFFDF, 0x7FCF, 0xBFD7, 0xDFDF, 0xDFDF, 0xFFEF, 0xFFFF, 0xFFFF, 0xFFF7, 0xFFE7, 0xBFDF, 
    0x7FCF, 0x5FBF, 0x3FB7, 0x1FB7, 0x3FB7, 0x5FBF, 0x5FBF, 0x5FBF, 0x5FC7, 0x5FC7, 0x3FBF, 0x5FBF, 
    0x5FBF, 0x5FC7, 0x5FC7, 0x5FBF, 0x3FBF, 0x3FBF, 0x1FB7, 0xFFB6, 0xFFB6, 0xFFB6, 0xFFAE, 0x1FB7, 
    0x1FB7, 0x3FBF, 0x3FBF, 0x3FBF, 0x7FC7, 0x7FCF, 0x9FCF, 0x9FCF, 0x9FCF, 0x7FCF, 0x5FC7, 0x5FBF, 
    0x3FBF, 0x1FBF, 0x1FB7, 0xFFB6, 0xFFB6, 0x5FC7, 0x9FDF, 0xDFE7, 0x9FDF, 0x9FD7, 0x7FCF, 0x9FCF, 
    0x9FCF, 0x3FBF, 0x1FB7, 0x1FB7, 0x1FB7, 0x1FB7, 0x1FB7, 0x3FB7, 0x1FB7, 0x3FB7, 0x1FB7, 0x1FBF, 
    0x1FBF, 0x1FBF, 0x1FBF, 0x3FBF, 0x3FBF, 0x3FBF, 0x5FBF, 0x5FC7, 0x5FC7, 0x7FC7, 0x7FCF, 0x9FD7, 
    0x9FD7, 0xBFDF, 0xDFDF, 0xFFE7, 0xFFEF, 0xFFEF, 0xFFF7, 0xFFF7, 0xFFF7, 0xFFF7, 0xFFE7, 0xDFDF, 
    0xDFDF, 0xDFDF, 0xBFDF, 0xDFDF, 0xBFDF, 0xDFDF, 0xBFDF, 0xBFDF, 0xBFDF, 0xBFDF, 0xDFDF, 0xFFE7, 
    0xFFE7, 0xFFE7, 0xFFEF, 0xFFF7, 0xFFF7, 0xFFF7, 0xFFF7, 0xFFF7, 0xFFF7, 0xFFF7, 0xFFFF, 0xFFFF, 
    0xFFFF, 0xFFFF, 0xFFFF, 0xFFF7, 0xFFEF, 0xFFEF, 0xFFEF, 0xFFF7, 0xFFEF, 0xFFEF, 0xFFE7, 0xFFE7, 
    0xFFE7, 0xDFE7, 0xDFE7, 0xDFE7, 0xBFDF, 0x9FDF, 0xBFDF, 0x9FDF, 0x7FCF, 0x7FCF, 0x5FCF, 0x3FC7, 
    0x3FC7, 0x3FC7, 0x3FCF, 0x5FCF, 0x3FCF, 0x5FCF, 0x5FCF, 0x5FCF, 0x3FCF, 0x5FCF, 0x5FCF, 0x7FD7, 
    0x9FD7, 0x7FD7, 0x9FDF, 0x9FDF, 0x9FDF, 0x9FDF, 0xBFDF, 0xDFE7, 0xFFEF, 0xFFFF, 0xFFFF, 0xFFFF, 
    0xFFFF, 0xFFFF, 0xBFE7, 0x7FD7, 0x5FCF, 0x3FC7, 0x1FBF, 0xDFB6, 0xDFAE, 0xFFB6, 0xFFB6, 0x7FD7, 
    0xDFEF, 0xDFE7, 0xDFE7, 0x1FB7, 0xDFAE, 0xBFAE, 0xBFAE, 0xBFAE, 0xBFAE, 0x9FAE, 0xDFAE, 0xDFAE, 
    0x9FAE, 0x9FAE, 0x9FAE, 0x9FA6, 0xBFAE, 0xDFBE, 0x5FCF, 0xBFE7, 0x5FD7, 0xFFBE, 0xFFBE, 0x1FBF, 
    0x3FC7, 0x5FCF, 0xDFE7, 0xFFFF, 0xFFFF, 0xFFF7, 0xFFEF, 0xFFEF, 0xDFEF, 0xBFDF, 0x9FDF, 0x9FDF, 
    0x7FC7, 0x7FC7, 0x7FC7, 0x5FBF, 0x9FCF, 0xBFD7, 0xFFE7, 0xFFF7, 0xFFF7, 0xFFF7, 0xFFF7, 0xFFF7, 
    0xFFEF, 0xBFD7, 0x5FBF, 0x5FBF, 0x7FBF, 0x5FB7, 0x7FBF, 0xBFCF, 0xBFCF, 0x1FAF, 0xDFA6, 0xFFA6, 
    0xFFAE, 0x1FAF, 0x1FB7, 0x5FBF, 0x9FCF, 0x7FCF, 0x9FD7, 0xFFE7, 0xFFF7, 0xFFE7, 0x7FCF, 0x1FB7, 
    0xFFAE, 0xFFAE, 0xFFAE, 0xFFAE, 0xFFAE, 0xFFAE, 0x1FB7, 0x3FBF, 0x9FCF, 0xBFD7, 0x9FCF, 0xBFD7, 
    0xBFD7, 0x9FCF, 0x7FC7, 0x5FBF, 0x3FBF, 0x1FB7, 0xFFAE, 0xDFAE, 0xDFAE, 0xDFAE, 0xDFAE, 0xDFAE, 
    0xFFAE, 0xFFAE, 0xFFAE, 0xFFB6, 0x1FB7, 0x3FBF, 0x3FBF, 0x3FBF, 0x3FBF, 0x3FBF, 0x1FBF, 0x1FB7, 
    0xFFAE, 0xFFAE, 0xFFB6, 0xFFAE, 0xFFB6, 0x3FBF, 0x9FD7, 0xDFDF, 0xBFDF, 0xDFDF, 0xDFE7, 0xDFE7, 
    0x9FD7, 0x7FCF, 0x5FC7, 0x5FBF, 0x5FBF, 0x5FBF, 0xFFB6, 0x1FB7, 0x1FB7, 0x1FB7, 0x1FB7, 0x1FB7, 
    0x1FB7, 0x1FBF, 0x1FBF, 0x1FBF, 0x3FBF, 0x1FBF, 0x3FBF, 0x5FC7, 0x5FC7, 0x7FC7, 0x9FCF, 0x9FCF, 
    0xBFD7, 0xDFDF, 0xDFDF, 0xFFDF, 0xFFE7, 0xFFEF, 0xFFEF, 0xFFEF, 0xFFEF, 0xFFEF, 0xFFE7, 0xDFDF, 
    0x9FD7, 0x9FD7, 0x9FD7, 0x9FD7, 0x9FD7, 0x9FD7, 0x9FD7, 0x9FD7, 0xBFDF, 0xDFDF, 0xDFDF, 0xDFE7, 
    0xFFE7, 0xFFE7, 0xFFEF, 0xFFEF, 0xFFEF, 0xFFEF, 0xFFEF, 0xFFEF, 0xFFF7, 0xFFF7, 0xFFF7, 0xFFF7, 
    0xFFF7, 0xFFF7, 0xFFEF, 0xFFEF, 0xFFEF, 0xFFEF, 0xFFEF, 0xFFEF, 0xDFE7, 0xBFDF, 0xBFDF, 0xBFDF, 
    0xBFDF, 0xBFDF, 0xDFDF, 0x9FDF, 0x9FDF, 0x9FD7, 0x7FD7, 0x7FCF, 0x5FCF, 0x5FCF, 0x1FC7, 0x1FC7, 
    0x1FBF, 0x1FBF, 0x1FC7, 0x1FC7, 0x1FC7, 0x1FBF, 0x1FBF, 0x1FBF, 0x1FC7, 0x3FC7, 0x1FC7, 0x5FCF, 
    0x5FCF, 0x7FD7, 0x9FDF, 0x9FDF, 0xBFE7, 0xBFE7, 0xDFEF, 0xFFFF, 0xFFFF, 0xFFFF, 0xFFFF, 0xFFFF, 
    0xFFFF, 0xFFFF, 0x7FDF, 0x1FCF, 0xFFC6, 0xFFBE, 0xFFB6, 0xDFAE, 0xDFAE, 0xDFB6, 0xDFB6, 0x5FCF, 
    0xBFE7, 0x9FDF, 0x1FCF, 0xDFB6, 0xDFAE, 0xBFAE, 0x9FAE, 0x9FAE, 0x9FA6, 0xBFAE, 0xDFAE, 0xDFAE, 
    0xBFAE, 0x9FAE, 0x9FAE, 0xBFAE, 0xDFB6, 0xFFB6, 0xFFBE, 0x1FBF, 0xFFBE, 0xFFBE, 0xDFB6, 0xDFB6, 
    0xFFBE, 0x1FBF, 0x5FCF, 0xDFE7, 0xFFF7, 0xDFE7, 0xDFE7, 0xDFE7, 0x9FDF, 0x7FDF, 0x7FDF, 0x7FD7, 
    0x9FCF, 0xFFDF, 0xFFE7, 0xDFDF, 0xFFDF, 0xFFDF, 0xFFFF, 0xFFFF, 0xBFDF, 0x9FD7, 0xBFDF, 0x7FD7, 
    0x9FD7, 0x7FCF, 0x7FC7, 0x5FBF, 0xDFCF, 0xBFCF, 0xDFD7, 0xDFD7, 0xDFD7, 0x3FB7, 0xDFA6, 0x9F9E, 
    0x9F9E, 0x9F9E, 0xBF9E, 0xBFA6, 0xBFA6, 0xFFAE, 0xFFAE, 0x1FBF, 0x7FC7, 0x7FCF, 0x5FC7, 0x1FB7, 
    0xDFAE, 0xBFA6, 0x9F9E, 0xBFA6, 0xBFA6, 0xDFAE, 0xFFAE, 0xFFB6, 0x3FBF, 0x7FCF, 0x9FCF, 0xBFD7, 
    0xFFE7, 0xDFDF, 0xBFD7, 0x7FCF, 0x3FBF, 0x1FB7, 0xFFB6, 0xFFAE, 0xFFAE, 0xFFAE, 0xDFAE, 0xBFAE, 
    0xDFAE, 0xDFAE, 0xDFAE, 0xFFAE, 0xFFAE, 0x1FB7, 0x1FAF, 0xFFAE, 0xFFAE, 0xFFAE, 0xFFAE, 0x1FB7, 
    0xFFAE, 0xFFAE, 0xDFAE, 0xDFAE, 0xDFAE, 0xDFAE, 0xFFB6, 0x3FBF, 0x5FBF, 0x7FCF, 0x9FD7, 0xBFDF, 
    0xBFDF, 0xBFD7, 0x7FCF, 0x5FC7, 0x5FBF, 0x3FBF, 0xFFB6, 0xFFAE, 0xFFAE, 0xFFAE, 0xFFAE, 0xFFAE, 
    0x1FB7, 0x1FB7, 0x1FB7, 0x1FB7, 0x3FBF, 0x1FBF, 0x3FBF, 0x3FBF, 0x5FC7, 0x7FC7, 0x7FC7, 0x7FC7, 
    0x9FCF, 0x9FCF, 0x9FD7, 0x9FD7, 0x9FD7, 0xBFD7, 0xDFDF, 0xFFE7, 0xFFEF, 0xFFE7, 0xFFDF, 0xDFDF, 
    0x9FD7, 0x7FCF, 0x7FCF, 0x7FCF, 0x7FCF, 0x7FCF, 0x9FD7, 0x7FD7, 0x9FDF, 0xBFDF, 0xDFDF, 0xFFE7, 
    0xFFE7, 0xFFE7, 0xFFE7, 0xFFE7, 0xFFEF, 0xFFEF, 0xFFEF, 0xFFEF, 0xFFEF, 0xFFEF, 0xFFEF, 0xFFEF, 
    0xFFEF, 0xFFE7, 0xDFE7, 0xFFE7, 0xFFEF, 0xFFEF, 0xDFE7, 0x9FDF, 0x9FD7, 0x9FD7, 0x9FD7, 0x9FD7, 
    0x9FD7, 0x9FD7, 0x7FD7, 0x7FD7, 0x7FD7, 0x7FD7, 0x7FCF, 0x5FCF, 0x3FC7, 0x1FBF, 0xFFBE, 0xFFBE, 
    0xFFBE, 0xFFBE, 0xFFBE, 0xFFBE, 0xFFBE, 0xFFBE, 0xDFB6, 0xFFBE, 0xFFBE, 0x1FBF, 0x3FC7, 0x1FC7, 
    0x1FCF, 0x5FCF, 0x7FD7, 0x9FDF, 0x9FDF, 0xBFE7, 0xFFEF, 0xFFFF, 0xFFFF, 0xFFFF, 0xFFFF, 0xDFF7, 
    0xFFFF, 0xFFFF, 0x7FDF, 0x1FC7, 0xFFBE, 0x3FC7, 0x3FC7, 0x1FBF, 0xFFBE, 0xFFBE, 0x1FBF, 0x3FCF, 
    0x7FDF, 0x1FC7, 0xDFB6, 0xDFB6, 0xDFAE, 0xBFAE, 0xBFAE, 0x9FA6, 0x9FA6, 0xBFAE, 0xDFAE, 0xFFB6, 
    0xDFAE, 0xBFAE, 0xBFAE, 0xDFAE, 0xDFB6, 0xDFB6, 0xDFAE, 0xBFAE, 0xDFB6, 0xBFAE, 0xBFAE, 0xBFAE, 
    0xBFAE, 0xFFB6, 0x1FBF, 0x5FCF, 0x7FD7, 0x9FDF, 0x9FDF, 0x9FDF, 0x5FD7, 0x5FD7, 0x5FD7, 0x7FD7, 
    0xFFEF, 0xFFF7, 0xFFF7, 0xFFFF, 0xFFFF, 0xFFFF, 0xFFFF, 0xFFF7, 0xFFEF, 0xFFF7, 0xFFF7, 0xFFEF, 
    0xDFDF, 0xDFD7, 0x7FC7, 0x5FBF, 0x7FC7, 0x9FCF, 0x5FBF, 0x7FC7, 0xDFD7, 0xFFD7, 0x3FB7, 0xDFA6, 
    0xFFA6, 0x1FAF, 0x1FAF, 0xFFA6, 0xDFA6, 0xFFA6, 0xDFA6, 0xBF9E, 0xBF9E, 0xBF9E, 0xBFA6, 0xBFA6, 
    0x9F9E, 0x9F9E, 0x9F9E, 0x9F9E, 0x9F9E, 0x9F9E, 0xBFA6, 0xFFAE, 0x1FB7, 0x3FBF, 0x5FC7, 0x5FCF, 
    0xBFDF, 0xFFE7, 0xDFDF, 0x7FCF, 0x7FC7, 0x5FBF, 0x3FBF, 0x3FBF, 0x1FB7, 0xFFB6, 0xFFB6, 0xFFAE, 
    0xFFAE, 0xDFAE, 0xDFAE, 0xFFAE, 0xDFAE, 0xDFAE, 0xFFAE, 0xFFAE, 0xFFB6, 0xFFAE, 0xFFAE, 0x1FB7, 
    0x1FB7, 0x1FAF, 0x1FAF, 0xFFAE, 0xDFA6, 0xBFA6, 0xBFA6, 0xBFA6, 0xBFA6, 0xFFAE, 0x1FB7, 0x1FBF, 
    0x3FBF, 0x3FBF, 0x3FBF, 0x3FBF, 0x1FB7, 0xFFB6, 0xDFAE, 0xDFAE, 0xBFA6, 0xBFA6, 0xDFAE, 0xFFAE, 
    0xFFAE, 0xFFAE, 0xFFAE, 0x1FB7, 0x1FB7, 0x1FB7, 0x1FBF, 0x3FBF, 0x5FBF, 0x5FBF, 0x5FBF, 0x5FBF, 
    0x5FC7, 0x7FC7, 0x5FC7, 0x5FC7, 0x5FBF, 0x5FC7, 0x7FC7, 0x7FCF, 0x7FCF, 0x9FD7, 0x9FD7, 0x9FD7, 
    0x7FD7, 0x7FCF, 0x7FCF, 0x5FC7, 0x5FCF, 0x7FCF, 0x7FCF, 0x7FCF, 0x9FD7, 0xBFDF, 0xDFDF, 0xFFE7, 
    0xFFE7, 0xFFE7, 0xFFE7, 0xDFE7, 0xFFE7, 0xDFE7, 0xDFE7, 0xDFE7, 0xDFE7, 0xDFE7, 0xDFE7, 0xDFE7, 
    0xDFE7, 0xDFDF, 0xBFDF, 0xDFDF, 0xFFE7, 0xFFE7, 0x9FDF, 0x5FCF, 0x5FCF, 0x5FCF, 0x5FCF, 0x5FCF, 
    0x5FCF, 0x5FCF, 0x7FCF, 0x7FD7, 0x9FD7, 0x7FD7, 0x5FCF, 0x1FBF, 0xFFBE, 0xFFBE, 0xFFB6, 0xFFB6, 
    0xFFB6, 0xFFB6, 0xFFB6, 0xDFB6, 0xDFB6, 0xDFB6, 0xDFB6, 0xBFAE, 0xDFB6, 0xDFB6, 0xFFBE, 0x1FC7, 
    0x1FC7, 0x3FCF, 0x3FCF, 0x3FCF, 0x7FD7, 0x9FDF, 0xBFE7, 0xFFFF, 0xFFFF, 0xFFFF, 0xFFFF, 0x7FDF, 
    0x9FE7, 0xFFFF, 0xDFEF, 0x7FDF, 0x5FD7, 0x5FD7, 0x7FDF, 0x9FDF, 0x9FDF, 0x9FD7, 0x5FD7, 0x5FD7, 
    0x9FDF, 0x5FCF, 0x5FCF, 0x7FDF, 0xDFE7, 0x3FC7, 0xDFAE, 0xDFAE, 0xBFAE, 0xDFAE, 0x1FB7, 0xFFB6, 
    0xFFB6, 0xDFB6, 0xDFAE, 0xDFB6, 0xDFB6, 0xDFB6, 0xDFB6, 0xDFB6, 0xFFBE, 0xFFBE, 0xDFB6, 0x9FAE, 
    0xBFAE, 0xBFAE, 0xDFB6, 0xFFBE, 0x1FC7, 0x5FCF, 0x5FCF, 0x3FCF, 0x5FCF, 0x5FCF, 0x5FCF, 0x5FCF, 
    0xFFFF, 0xFFF7, 0x7FCF, 0xDFDF, 0x9FD7, 0x9FD7, 0x9FD7, 0xDFDF, 0xBFD7, 0xBFD7, 0xFFE7, 0xDFDF, 
    0xBFD7, 0x9FCF, 0x7FC7, 0x5FBF, 0x7FBF, 0x5FBF, 0x5FB7, 0x7FBF, 0x5FBF, 0x5FBF, 0x5FBF, 0x5FBF, 
    0x5FC7, 0xBFD7, 0x9FCF, 0x7FC7, 0x7FC7, 0x7FBF, 0x3FB7, 0x3FAF, 0x1FA7, 0x1FA7, 0xFFA6, 0xDF9E, 
    0xDF9E, 0xDF9E, 0xBF9E, 0x9F96, 0x9F96, 0x9F96, 0x7F96, 0x9F9E, 0x9F9E, 0xBFA6, 0xFFAE, 0x1FB7, 
    0x3FBF, 0x5FC7, 0x5FC7, 0x5FC7, 0x5FC7, 0x7FCF, 0x9FCF, 0x9FCF, 0x9FCF, 0x5FC7, 0x3FBF, 0x1FB7, 
    0x1FB7, 0x1FB7, 0x1FB7, 0xFFAE, 0xDFAE, 0xDFAE, 0xDFAE, 0xDFAE, 0xDFAE, 0xDFAE, 0xDFA6, 0xFFAE, 
    0x1FB7, 0x1FB7, 0x1FB7, 0x1FB7, 0x1FAF, 0xDFA6, 0xDFA6, 0xDFA6, 0xDFA6, 0xDFA6, 0x9F9E, 0x9F9E, 
    0x9F9E, 0x9F9E, 0xBFA6, 0xBFA6, 0x9F9E, 0x9F9E, 0x9F9E, 0x9F9E, 0x9F9E, 0x9F9E, 0x9F9E, 0xBFA6, 
    0xDFA6, 0xDFAE, 0xFFAE, 0xFFAE, 0xFFAE, 0x1FB7, 0x1FB7, 0x1FB7, 0x3FBF, 0x1FB7, 0x3FBF, 0x3FBF, 
    0x3FBF, 0x1FBF, 0x3FBF, 0x3FBF, 0x3FBF, 0x1FBF, 0x1FB7, 0x3FBF, 0x3FBF, 0x1FBF, 0x3FC7, 0x5FC7, 
    0x5FC7, 0x5FCF, 0x5FC7, 0x5FC7, 0x5FC7, 0x5FC7, 0x5FC7, 0x5FCF, 0x7FCF, 0x9FD7, 0xBFDF, 0xDFDF, 
    0xFFE7, 0xFFE7, 0xDFE7, 0xBFDF, 0xDFDF, 0x9FDF, 0xBFDF, 0xBFDF, 0xBFDF, 0xDFDF, 0xBFDF, 0xBFDF, 
    0xBFDF, 0x9FD7, 0x9FD7, 0x9FDF, 0xBFDF, 0xBFDF, 0x7FCF, 0x1FC7, 0x1FBF, 0x1FBF, 0x1FBF, 0x3FC7, 
    0x1FC7, 0x3FC7, 0x5FC7, 0x5FCF, 0x7FCF, 0x7FCF, 0x5FC7, 0x1FBF, 0xFFB6, 0xDFB6, 0xFFB6, 0xFFB6, 
    0xFFB6, 0xFFBE, 0xDFB6, 0xDFB6, 0xBFAE, 0xBFAE, 0x9FAE, 0xBFAE, 0xBFAE, 0xBFAE, 0xDFB6, 0xFFBE, 
    0x1FBF, 0xFFBE, 0xFFBE, 0xFFBE, 0xFFC6, 0x3FCF, 0x5FD7, 0x9FDF, 0xBFEF, 0xFFFF, 0xFFFF, 0xFFF7, 
    0xFFF7, 0xFFF7, 0xFFFF, 0xDFEF, 0xBFE7, 0x9FDF, 0x9FE7, 0xDFEF, 0xFFEF, 0xDFE7, 0x9FE7, 0xBFE7, 
    0x9FE7, 0x9FE7, 0xBFEF, 0xFFFF, 0xFFF7, 0xDFE7, 0x7FD7, 0x3FC7, 0x5FCF, 0x5FCF, 0x1FBF, 0xFFB6, 
    0xFFB6, 0xDFB6, 0xFFB6, 0xDFB6, 0xDFB6, 0xDFAE, 0xDFB6, 0x1FBF, 0x3FC7, 0x5FCF, 0x5FCF, 0x3FC7, 
    0x1FBF, 0x1FBF, 0xFFBE, 0x1FBF, 0x1FBF, 0x1FC7, 0x3FC7, 0x3FCF, 0x7FCF, 0x7FD7, 0x7FD7, 0x9FDF, 
    0xBFDF, 0x9FD7, 0xBFD7, 0x9FD7, 0x5FBF, 0x5FBF, 0x3FB7, 0x5FBF, 0x9FC7, 0x9FCF, 0x9FCF, 0x7FBF, 
    0x5FBF, 0x5FBF, 0x5FBF, 0x7FC7, 0x7FC7, 0x7FC7, 0x7FC7, 0x7FC7, 0x5FBF, 0x7FBF, 0x7FC7, 0x7FC7, 
    0x9FCF, 0xFFE7, 0x9FCF, 0x5FC7, 0x5FBF, 0x5FBF, 0x5FBF, 0x3FB7, 0x1FAF, 0x3FAF, 0x3FB7, 0x3FB7, 
    0x3FB7, 0x1FAF, 0x3FAF, 0x1FAF, 0x1FAF, 0xDFA6, 0xBF9E, 0x9F9E, 0xBF9E, 0xBF9E, 0xBF9E, 0x9F9E, 
    0xBF9E, 0xBFA6, 0xDFA6, 0xFFAE, 0x1FB7, 0x5FC7, 0x7FC7, 0x7FCF, 0xBFD7, 0xBFD7, 0x9FD7, 0x7FCF, 
    0x5FC7, 0x3FBF, 0xFFB6, 0xFFB6, 0xDFAE, 0xDFAE, 0xDFA6, 0xDFA6, 0xDFA6, 0xDFA6, 0xFFAE, 0xFFAE, 
    0x1FB7, 0x1FB7, 0xFFAE, 0xFFAE, 0x1FB7, 0x1FB7, 0x1FAF, 0x1FB7, 0xFFAE, 0xFFA6, 0x9F9E, 0x7F9E, 
    0x7F96, 0x7F96, 0x5F96, 0x7F96, 0x7F96, 0x7F96, 0x5F8E, 0x7F96, 0x7F96, 0x7F96, 0x7F9E, 0x7F96, 
    0x9F9E, 0x9F9E, 0x9FA6, 0xBFA6, 0xDFA6, 0xDFAE, 0xFFAE, 0xFFAE, 0xFFAE, 0xFFAE, 0xFFAE, 0x1FB7, 
    0xFFB6, 0xFFAE, 0x1FB7, 0xFFB6, 0x1FB7, 0x1FB7, 0x1FB7, 0x1FB7, 0x1FB7, 0x1FB7, 0x1FBF, 0x1FBF, 
    0x3FBF, 0x3FC7, 0x3FBF, 0x5FC7, 0x5FC7, 0x5FC7, 0x5FC7, 0x5FC7, 0x5FCF, 0x9FD7, 0xDFDF, 0xDFDF, 
    0xBFDF, 0x9FD7, 0x9FDF, 0x9FD7, 0x9FD7, 0x7FD7, 0x9FD7, 0x9FD7, 0x9FDF, 0xBFDF, 0x9FDF, 0x9FD7, 
    0x7FD7, 0x7FCF, 0x7FCF, 0x7FCF, 0x5FCF, 0x5FCF, 0x1FC7, 0xFFBE, 0xFFB6, 0xFFB6, 0xFFBE, 0xFFBE, 
    0xFFBE, 0xFFBE, 0x1FBF, 0x1FC7, 0x3FC7, 0x5FC7, 0x3FC7, 0x1FBF, 0xFFB6, 0xDFB6, 0xFFB6, 0xFFB6, 
    0xFFB6, 0xFFBE, 0x1FBF, 0xFFBE, 0xDFB6, 0xBFAE, 0x9FAE, 0x9FAE, 0xBFAE, 0xDFAE, 0xDFAE, 0xDFB6, 
    0xDFB6, 0xDFB6, 0xFFB6, 0xDFB6, 0xDFB6, 0xBFB6, 0xFFBE, 0x1FC7, 0x5FD7, 0xBFE7, 0xFFF7, 0xFFF7, 
    0xFFFF, 0xFFF7, 0xFFF7, 0xBFE7, 0x7FDF, 0x7FD7, 0x7FD7, 0x9FDF, 0xDFEF, 0xDFE7, 0x9FE7, 0xBFEF, 
    0xBFEF, 0x9FE7, 0x9FE7, 0xDFEF, 0x9FDF, 0x7FD7, 0x9FDF, 0x9FDF, 0x9FDF, 0x7FD7, 0x1FC7, 0x3FC7, 
    0x1FBF, 0xFFB6, 0x1FBF, 0x1FBF, 0xFFBE, 0x1FBF, 0xFFBE, 0x3FC7, 0x7FD7, 0x7FD7, 0x5FCF, 0x1FBF, 
    0xFFBE, 0xFFBE, 0xFFB6, 0xFFB6, 0xFFB6, 0xFFBE, 0xFFBE, 0x1FC7, 0x5FCF, 0x9FDF, 0x9FDF, 0xDFE7, 
    0x7FC7, 0x7FC7, 0x7FC7, 0x3FBF, 0x1FB7, 0xFFAE, 0x1FAF, 0x3FB7, 0x5FBF, 0x3FBF, 0x3FBF, 0x1FB7, 
    0x3FB7, 0x3FB7, 0x3FAF, 0x3FB7, 0x5FBF, 0x5FBF, 0x7FC7, 0x7FBF, 0x7FC7, 0x9FCF, 0xBFCF, 0xBFCF, 
    0xBFCF, 0xDFDF, 0xFFE7, 0xDFDF, 0x9FCF, 0x7FC7, 0x5FBF, 0x5FBF, 0x3FB7, 0x3FB7, 0x5FBF, 0x5FBF, 
    0x3FB7, 0x1FAF, 0x1FAF, 0x3FAF, 0x1FAF, 0x1FAF, 0xFFAE, 0xFFAE, 0x1FAF, 0x1FA7, 0xFFA6, 0xDFA6, 
    0xDFA6, 0xDFA6, 0xDFA6, 0xDFA6, 0xFFAE, 0xFFB6, 0x1FB7, 0x1FB7, 0x5FBF, 0x5FBF, 0x5FC7, 0x3FC7, 
    0x5FC7, 0x5FBF, 0x5FBF, 0x3FBF, 0x1FBF, 0xFFAE, 0xDFAE, 0xDFAE, 0xDFA6, 0xBFA6, 0x9F9E, 0xDFA6, 
    0x9F9E, 0x9F9E, 0x7F9E, 0x7F9E, 0x9F9E, 0x9F9E, 0xBF9E, 0x9F9E, 0x9F9E, 0x9F9E, 0xBF9E, 0xDFA6, 
    0xDFA6, 0xDFA6, 0xBFA6, 0x9F9E, 0x7F96, 0x5F8E, 0x5F8E, 0x5F8E, 0x7F8E, 0x7F96, 0x7F96, 0x7F96, 
    0x7F96, 0x9F96, 0x7F96, 0x7F9E, 0x9F9E, 0x9FA6, 0xBFA6, 0xDFAE, 0xDFAE, 0xDFAE, 0xDFAE, 0xDFAE, 
    0xDFAE, 0xDFAE, 0xDFAE, 0xDFAE, 0xDFAE, 0xDFAE, 0xDFAE, 0xFFB6, 0xFFB6, 0xFFB6, 0xFFB6, 0xFFB6, 
    0x1FB7, 0x1FBF, 0x1FBF, 0x1FBF, 0x3FBF, 0x3FBF, 0x3FBF, 0x3FBF, 0x5FC7, 0x5FCF, 0x9FD7, 0xBFD7, 
    0xBFD7, 0x9FD7, 0x7FD7, 0x7FCF, 0x5FCF, 0x5FCF, 0x7FCF, 0x7FCF, 0x9FD7, 0x9FD7, 0x9FD7, 0x7FD7, 
    0x5FCF, 0x5FC7, 0x3FC7, 0x1FBF, 0x1FBF, 0x1FBF, 0xFFBE, 0xDFB6, 0xDFB6, 0xDFAE, 0xDFAE, 0xDFAE, 
    0xDFB6, 0xFFB6, 0xFFB6, 0xFFB6, 0xFFB6, 0x1FBF, 0xFFBE, 0x1FBF, 0xFFB6, 0xDFB6, 0xDFB6, 0xFFB6, 
    0xFFB6, 0xFFBE, 0x1FBF, 0x1FBF, 0x1FBF, 0xFFBE, 0xFFBE, 0xFFB6, 0xFFB6, 0xFFBE, 0xFFBE, 0x1FBF, 
    0x1FBF, 0x1FC7, 0x3FC7, 0x3FC7, 0x3FC7, 0x1FBF, 0x1FBF, 0x1FC7, 0x3FC7, 0x7FD7, 0xBFE7, 0xDFEF, 
    0xFFEF, 0xDFEF, 0xDFEF, 0x7FDF, 0x9FDF, 0x9FDF, 0x5FD7, 0x9FDF, 0xDFE7, 0xDFEF, 0xBFEF, 0xBFE7, 
    0xBFE7, 0x9FDF, 0x9FDF, 0x9FDF, 0x3FCF, 0x5FD7, 0xBFE7, 0xDFEF, 0xDFEF, 0x7FD7, 0x3FCF, 0x5FCF, 
    0x5FCF, 0x5FCF, 0x3FC7, 0x5FCF, 0x1FC7, 0x5FCF, 0x1FC7, 0xFFBE, 0xFFBE, 0x1FBF, 0xDFB6, 0xDFAE, 
    0xDFB6, 0xDFAE, 0xDFAE, 0xDFAE, 0xDFAE, 0xBFAE, 0xDFB6, 0xDFB6, 0xDFB6, 0x1FBF, 0x7FCF, 0x9FDF, 
    0x5FBF, 0x9FC7, 0x1FB7, 0x3FB7, 0x3FB7, 0x3FB7, 0x3FB7, 0x1FB7, 0x1FAF, 0x1FB7, 0x1FAF, 0xFFAE, 
    0xFFAE, 0xFFA6, 0xFFA6, 0xFFA6, 0xFFA6, 0xFFAE, 0xFFAE, 0x1FB7, 0x1FB7, 0x5FBF, 0x7FCF, 0xBFD7, 
    0xFFDF, 0xFFEF, 0xFFEF, 0xDFDF, 0x9FD7, 0xBFD7, 0x9FCF, 0x7FCF, 0x5FBF, 0x7FC7, 0x9FCF, 0x9FCF, 
    0x7FC7, 0x5FBF, 0x5FBF, 0x3FB7, 0x3FBF, 0x3FB7, 0x3FBF, 0x1FB7, 0x1FAF, 0x1FAF, 0x1FAF, 0xFFAE, 
    0x1FAF, 0x1FA7, 0x1FAF, 0x1FAF, 0x1FAF, 0x1FB7, 0x1FB7, 0xFFAE, 0xFFAE, 0x1FB7, 0x3FBF, 0x1FB7, 
    0xFFB6, 0x1FB7, 0xFFB6, 0xFFB6, 0xFFB6, 0xFFAE, 0xFFB6, 0x1FB7, 0x1FB7, 0xFFB6, 0xDFAE, 0xDFAE, 
    0xDFA6, 0xBFA6, 0x9FA6, 0x7F9E, 0x7F96, 0x7F96, 0x7F96, 0x7F96, 0x7F8E, 0x7F8E, 0x7F8E, 0x7F96, 
    0x9F9E, 0x9F9E, 0xDFAE, 0x1FBF, 0x5FBF, 0x7FC7, 0x7FC7, 0x3FBF, 0xDFAE, 0x9F9E, 0x7F96, 0x7F96, 
    0x7F96, 0x7F96, 0x9F9E, 0x7F9E, 0x9F9E, 0x9FA6, 0xBFA6, 0xDFAE, 0xDFAE, 0xDFAE, 0xDFAE, 0xDFAE, 
    0xBFA6, 0xBFA6, 0xBFA6, 0xDFA6, 0xDFA6, 0xDFAE, 0xDFAE, 0xDFAE, 0xDFAE, 0xFFB6, 0xFFB6, 0xFFB6, 
    0xFFB6, 0x1FB7, 0xFFB6, 0x1FB7, 0x1FBF, 0x1FBF, 0x1FBF, 0x1FBF, 0x3FBF, 0x3FBF, 0x5FC7, 0x9FD7, 
    0x9FD7, 0x9FD7, 0x7FCF, 0x5FCF, 0x5FC7, 0x5FC7, 0x5FC7, 0x5FC7, 0x5FCF, 0x5FCF, 0x5FCF, 0x5FCF, 
    0x3FC7, 0x1FBF, 0xFFBE, 0xFFBE, 0xFFB6, 0xFFB6, 0xFFB6, 0xDFB6, 0xDFAE, 0xDFAE, 0xBFAE, 0xDFAE, 
    0xDFAE, 0xDFAE, 0xDFAE, 0xFFB6, 0xFFB6, 0xFFB6, 0xDFB6, 0xFFB6, 0x1FBF, 0xFFB6, 0xDFB6, 0xDFB6, 
    0xFFB6, 0xFFBE, 0xFFBE, 0x1FBF, 0x1FC7, 0x5FCF, 0x7FD7, 0xDFDF, 0x9FDF, 0x7FD7, 0x5FCF, 0x5FCF, 
    0x5FCF, 0x5FCF, 0x7FD7, 0x7FD7, 0x7FD7, 0x9FDF, 0xBFDF, 0xDFE7, 0xDFE7, 0xFFEF, 0xFFF7, 0xFFFF, 
    0xFFFF, 0xFFFF, 0xFFFF, 0xFFFF, 0xFFFF, 0xFFFF, 0xFFFF, 0xFFFF, 0xFFFF, 0xFFF7, 0xFFF7, 0xFFF7, 
    0xDFEF, 0xDFEF, 0xBFEF, 0xDFEF, 0xFFF7, 0xFFF7, 0xFFFF, 0xFFFF, 0xFFFF, 0xFFF7, 0x9FDF, 0x7FD7, 
    0x9FDF, 0x9FDF, 0x9FDF, 0x9FDF, 0xDFEF, 0xFFF7, 0xDFEF, 0xBFDF, 0x3FCF, 0xDFB6, 0xDFB6, 0xDFB6, 
    0xDFAE, 0x9FA6, 0xBFAE, 0xBFAE, 0xBFAE, 0xBFAE, 0xBFAE, 0x9FAE, 0x9FAE, 0xDFAE, 0xFFB6, 0x3FCF, 
    0x3FB7, 0x3FB7, 0x3FB7, 0x5FB7, 0x5FB7, 0x5FB7, 0x5FBF, 0x5FBF, 0x3FB7, 0xFFAE, 0xFFAE, 0xDFA6, 
    0xDFA6, 0xBF9E, 0xDF9E, 0xDF9E, 0xDF9E, 0xDF9E, 0xDFA6, 0xDFA6, 0xFFAE, 0x1FAF, 0x1FB7, 0x5FBF, 
    0x7FCF, 0x9FCF, 0xBFD7, 0x9FCF, 0x9FCF, 0x7FC7, 0x7FC7, 0x7FC7, 0x5FC7, 0x7FC7, 0x7FC7, 0x5FC7, 
    0x5FBF, 0x5FBF, 0x5FBF, 0x5FC7, 0x5FC7, 0x7FC7, 0x5FC7, 0x3FBF, 0x3FBF, 0x5FBF, 0x1FB7, 0x1FAF, 
    0x1FAF, 0x1FAF, 0x1FAF, 0x1FAF, 0x1FAF, 0x1FB7, 0x1FAF, 0x1FAF, 0x1FAF, 0x1FAF, 0x1FB7, 0xFFAE, 
    0xFFB6, 0x1FB7, 0x1FB7, 0x1FB7, 0x1FB7, 0x1FB7, 0x3FBF, 0x1FBF, 0x1FB7, 0x1FBF, 0x1FB7, 0x1FBF, 
    0x3FBF, 0x1FB7, 0xFFAE, 0xFFAE, 0xDFAE, 0xDFA6, 0xDFA6, 0xBF9E, 0x9F9E, 0x9F9E, 0x9F9E, 0xBF9E, 
    0xDF9E, 0xDFAE, 0xFFAE, 0xFFB6, 0x3FBF, 0x5FC7, 0x7FCF, 0x9FD7, 0xDFDF, 0xDFDF, 0x9FCF, 0x7FCF, 
    0x5FC7, 0x1FBF, 0xFFB6, 0xDFAE, 0xBFA6, 0xBFA6, 0xBFAE, 0xFFAE, 0xFFB6, 0x1FB7, 0x1FB7, 0x1FB7, 
    0xDFAE, 0xBFA6, 0xBFA6, 0x9FA6, 0xDFA6, 0xBFA6, 0xBFA6, 0xBFA6, 0xDFAE, 0xDFAE, 0xFFAE, 0xFFAE, 
    0xFFAE, 0xFFB6, 0xFFB6, 0x1FB7, 0x1FBF, 0x1FBF, 0xFFB6, 0xFFBE, 0x1FBF, 0x1FBF, 0x1FBF, 0x7FCF, 
    0x9FCF, 0x9FD7, 0x7FCF, 0x7FCF, 0x5FC7, 0x3FC7, 0x3FC7, 0x1FBF, 0x1FBF, 0x3FC7, 0x3FC7, 0x1FBF, 
    0x1FBF, 0xFFBE, 0xFFB6, 0xFFB6, 0xDFAE, 0xDFB6, 0xDFB6, 0xDFB6, 0xDFAE, 0xBFAE, 0xDFAE, 0xDFAE, 
    0xBFAE, 0xDFAE, 0xBFAE, 0xDFAE, 0xDFAE, 0xDFB6, 0xFFB6, 0xFFB6, 0xFFB6, 0xFFB6, 0xFFB6, 0xFFBE, 
    0xFFB6, 0xFFB6, 0xFFBE, 0xFFBE, 0x1FBF, 0x3FCF, 0x7FD7, 0xBFDF, 0xDFE7, 0xBFDF, 0x7FD7, 0x5FCF, 
    0x7FD7, 0x7FD7, 0x9FDF, 0xBFDF, 0x9FDF, 0x9FDF, 0xBFE7, 0xDFE7, 0xDFEF, 0xFFF7, 0xFFF7, 0xFFFF, 
    0xFFFF, 0xFFF7, 0xFFEF, 0xFFEF, 0xBFE7, 0xBFEF, 0xFFFF, 0xFFFF, 0xFFFF, 0xFFFF, 0xFFFF, 0xFFFF, 
    0xFFFF, 0xFFFF, 0xFFFF, 0xFFFF, 0xFFFF, 0xFFFF, 0xFFFF, 0xFFFF, 0xFFFF, 0xFFFF, 0xDFEF, 0xBFDF, 
    0xDFDF, 0xDFE7, 0xDFEF, 0xFFEF, 0xFFF7, 0xFFF7, 0xFFF7, 0xFFF7, 0xDFEF, 0x9FDF, 0x5FCF, 0x7FD7, 
    0x7FD7, 0x5FCF, 0x9FDF, 0x5FCF, 0xDFB6, 0xBFAE, 0x9FAE, 0x9FAE, 0x9FAE, 0x9FA6, 0xBFAE, 0xDFAE, 
    0xBFD7, 0x9FCF, 0x7FC7, 0x7FC7, 0x5FBF, 0x5FBF, 0x3FB7, 0x3FAF, 0x1FAF, 0xFFA6, 0xFFA6, 0xDF9E, 
    0xDF9E, 0xBF9E, 0xBF9E, 0xBF9E, 0xDF9E, 0xDF9E, 0xDF9E, 0xDFA6, 0xDFA6, 0xFFAE, 0x1FAF, 0x1FB7, 
    0x3FBF, 0x5FBF, 0x7FC7, 0x7FC7, 0x7FC7, 0x7FC7, 0x5FBF, 0x5FBF, 0x3FBF, 0x3FBF, 0x3FBF, 0x1FB7, 
    0x1FB7, 0x3FB7, 0x5FBF, 0x5FC7, 0x7FC7, 0x7FC7, 0x9FCF, 0x7FC7, 0x5FBF, 0x5FBF, 0x3FB7, 0x1FB7, 
    0x1FAF, 0x1FAF, 0x1FAF, 0x1FAF, 0x3FAF, 0x3FB7, 0x1FAF, 0xFFAE, 0xFFAE, 0xFFAE, 0xFFAE, 0xFFAE, 
    0xFFAE, 0x1FB7, 0x3FB7, 0x5FBF, 0x3FBF, 0x3FBF, 0x3FBF, 0x5FBF, 0x5FBF, 0x3FBF, 0x3FBF, 0x5FBF, 
    0x5FBF, 0x3FB7, 0xFFAE, 0xFFAE, 0xDFA6, 0xBFA6, 0xBF9E, 0x9F9E, 0x9F9E, 0x9F9E, 0xBFA6, 0xDFAE, 
    0x1FB7, 0x5FBF, 0x7FC7, 0x9FCF, 0xDFDF, 0xFFDF, 0xFFDF, 0xFFE7, 0xFFE7, 0xFFEF, 0xFFE7, 0xFFE7, 
    0xFFE7, 0xFFE7, 0xFFE7, 0xBFDF, 0x7FCF, 0x3FBF, 0x1FB7, 0x1FB7, 0xFFAE, 0xFFAE, 0xFFAE, 0xFFAE, 
    0xFFAE, 0xDFA6, 0xDFA6, 0xBF9E, 0x9F9E, 0x9FA6, 0xBFA6, 0xBFA6, 0xBFA6, 0xDFAE, 0xDFAE, 0xDFAE, 
    0xFFAE, 0xFFAE, 0xFFB6, 0xFFB6, 0xFFB6, 0xFFB6, 0x1FB7, 0xFFB6, 0x1FBF, 0x1FBF, 0x3FBF, 0x3FC7, 
    0x7FCF, 0x9FD7, 0x7FCF, 0x7FCF, 0x5FC7, 0x3FBF, 0x1FBF, 0x1FBF, 0x1FBF, 0xFFBE, 0xFFB6, 0x1FB7, 
    0xFFB6, 0xDFB6, 0xFFB6, 0xDFB6, 0xDFB6, 0xDFB6, 0xDFB6, 0xDFAE, 0xDFAE, 0xDFAE, 0xDFAE, 0xFFB6, 
    0xFFB6, 0xFFAE, 0xDFAE, 0xDFAE, 0xDFAE, 0xDFAE, 0xDFB6, 0xFFB6, 0xFFB6, 0xFFBE, 0xFFBE, 0xFFBE, 
    0xFFBE, 0x1FBF, 0x1FBF, 0xFFBE, 0xFFBE, 0x1FC7, 0x5FD7, 0x9FDF, 0xBFE7, 0xBFE7, 0x7FD7, 0x7FD7, 
    0x9FDF, 0x9FDF, 0x9FDF, 0xDFDF, 0xBFDF, 0xBFE7, 0xDFE7, 0xFFEF, 0xFFEF, 0xFFEF, 0xFFEF, 0xFFEF, 
    0xFFF7, 0xFFF7, 0xFFF7, 0xFFF7, 0xFFF7, 0xFFF7, 0xFFF7, 0xFFEF, 0xDFEF, 0xFFFF, 0xFFFF, 0xFFFF, 
    0xFFFF, 0xFFFF, 0xFFFF, 0xFFFF, 0xFFFF, 0xFFFF, 0xFFFF, 0xFFFF, 0xFFFF, 0xFFFF, 0xDFEF, 0xBFE7, 
    0xDFE7, 0xDFE7, 0xFFEF, 0xFFF7, 0xFFF7, 0xFFF7, 0xFFF7, 0xFFF7, 0xDFEF, 0xDFEF, 0xDFE7, 0xDFE7, 
    0xDFE7, 0xBFE7, 0xBFE7, 0xBFE7, 0x7FD7, 0x5FCF, 0x3FC7, 0xFFB6, 0xDFB6, 0xDFAE, 0xDFAE, 0xDFB6, 
    0x9FCF, 0x9FCF, 0x9FCF, 0x7FCF, 0x9FCF, 0x9FCF, 0x9FCF, 0x9FC7, 0x5FBF, 0x1FAF, 0x1FAF, 0xFFA6, 
    0xFF9E, 0xDF9E, 0xDFA6, 0xBF9E, 0xDF9E, 0xBF9E, 0xDF9E, 0xDFA6, 0xDFA6, 0xDFA6, 0xFFAE, 0x1FAF, 
    0x3FB7, 0x3FB7, 0x3FBF, 0x3FBF, 0x5FBF, 0x3FBF, 0x5FBF, 0x5FBF, 0x5FBF, 0x5FBF, 0x5FBF, 0x7FBF, 
    0x5FBF, 0x3FB7, 0x3FB7, 0x5FBF, 0x5FBF, 0x5FBF, 0x5FBF, 0x5FBF, 0x7FC7, 0x5FBF, 0x3FB7, 0x1FB7, 
    0x1FB7, 0x1FB7, 0x1FAF, 0x3FAF, 0x1FAF, 0x3FAF, 0x1FAF, 0x1FAF, 0x1FAF, 0x1FB7, 0x1FAF, 0x1FAF, 
    0x1FB7, 0x1FB7, 0x3FB7, 0x3FBF, 0x5FBF, 0x7FC7, 0x5FBF, 0x3FBF, 0x3FBF, 0x3FBF, 0x1FB7, 0x3FB7, 
    0x1FAF, 0xFFAE, 0xDFA6, 0xDFA6, 0x9F9E, 0x9F9E, 0x9F96, 0x9F96, 0x9F96, 0x7F96, 0x7F96, 0x7F96, 
    0x9F9E, 0x9F9E, 0xBFA6, 0xDFA6, 0xDFAE, 0xFFB6, 0x1FBF, 0x3FBF, 0x5FC7, 0x9FD7, 0xBFD7, 0x9FD7, 
    0xBFD7, 0xDFDF, 0xBFD7, 0x9FCF, 0x5FC7, 0x3FBF, 0x1FB7, 0xFFB6, 0xFFAE, 0xDFAE, 0xDFAE, 0xDFA6, 
    0xDFA6, 0xDFA6, 0xDFA6, 0xDFA6, 0xBF9E, 0xBFA6, 0xBFA6, 0xDFA6, 0xDFA6, 0xDFA6, 0xDFAE, 0xDFAE, 
    0xDFAE, 0xFFAE, 0xFFAE, 0xFFB6, 0xFFB6, 0xFFB6, 0xFFB6, 0xFFB6, 0x1FB7, 0x1FB7, 0x1FBF, 0x3FBF, 
    0x5FC7, 0x7FCF, 0x7FCF, 0x7FCF, 0x5FC7, 0x1FBF, 0x1FBF, 0xFFBE, 0x1FBF, 0xFFB6, 0xDFB6, 0xDFB6, 
    0xFFB6, 0xFFB6, 0xFFB6, 0xDFB6, 0xDFB6, 0xDFB6, 0xDFB6, 0xFFB6, 0xDFB6, 0xFFB6, 0xFFB6, 0x1FBF, 
    0xFFB6, 0xFFB6, 0xFFB6, 0xDFAE, 0xDFAE, 0xDFAE, 0xDFAE, 0xDFAE, 0xFFB6, 0xFFB6, 0xFFBE, 0x1FBF, 
    0x1FBF, 0x1FC7, 0x1FBF, 0xFFBE, 0xFFBE, 0xFFBE, 0x5FCF, 0x7FD7, 0x7FDF, 0x9FDF, 0x7FD7, 0x9FDF, 
    0xBFDF, 0xDFDF, 0xDFDF, 0xDFE7, 0xBFDF, 0x9FDF, 0xDFE7, 0xDFE7, 0xDFE7, 0xBFE7, 0xDFE7, 0xFFEF, 
    0xFFFF, 0xFFFF, 0xFFFF, 0xFFFF, 0xFFFF, 0xFFFF, 0xFFFF, 0xFFFF, 0xFFFF, 0xFFFF, 0xFFFF, 0xFFFF, 
    0xFFFF, 0xFFFF, 0xFFFF, 0xFFFF, 0xFFFF, 0xFFFF, 0xFFFF, 0xFFFF, 0xFFFF, 0xFFF7, 0xDFE7, 0xDFE7, 
    0xBFE7, 0xBFE7, 0xDFE7, 0xDFEF, 0xDFEF, 0xDFF7, 0xFFF7, 0xFFF7, 0xFFF7, 0xFFF7, 0xFFF7, 0xFFF7, 
    0xDFEF, 0xBFE7, 0xDFE7, 0xFFEF, 0xBFE7, 0x9FDF, 0x9FD7, 0x9FD7, 0x9FDF, 0x5FCF, 0x3FC7, 0x3FCF, 
    0x7FC7, 0x7FC7, 0x7FC7, 0x7FC7, 0x7FC7, 0x7FCF, 0x9FD7, 0xBFD7, 0xBFD7, 0xBFD7, 0x9FCF, 0x7FC7, 
    0x5FBF, 0x5FBF, 0x5FBF, 0x1FB7, 0x1FAF, 0xFFA6, 0xFFA6, 0xFFAE, 0xFFAE, 0x1FAF, 0x1FAF, 0x3FB7, 
    0x3FB7, 0x3FB7, 0x5FB7, 0x5FBF, 0x5FBF, 0x5FBF, 0x5FB7, 0x5FB7, 0x5FBF, 0x5FBF, 0x7FBF, 0x5FBF, 
    0x5FBF, 0x3FB7, 0x3FB7, 0x5FB7, 0x5FBF, 0x5FBF, 0x3FB7, 0x3FB7, 0x5FBF, 0x7FC7, 0x9FCF, 0x9FC7, 
    0x5FBF, 0x7FC7, 0x3FB7, 0x3FAF, 0x3FAF, 0x3FAF, 0x3FAF, 0x3FAF, 0x3FAF, 0x5FB7, 0x7FC7, 0x3FBF, 
    0x3FB7, 0x5FB7, 0x3FB7, 0x3FB7, 0x5FC7, 0x9FCF, 0x7FCF, 0x5FC7, 0x3FBF, 0x1FB7, 0x1FB7, 0xFFAE, 
    0xFFA6, 0xFFA6, 0xDFA6, 0xBF9E, 0xBF9E, 0x9F9E, 0x9F96, 0x9F96, 0x9F96, 0x9F96, 0x7F96, 0x7F96, 
    0x9F96, 0x9F96, 0x9F9E, 0xBF9E, 0xBF9E, 0xBF9E, 0x9F9E, 0xBF9E, 0xBF9E, 0xBFA6, 0xDFA6, 0xFFAE, 
    0xFFAE, 0xFFAE, 0xFFAE, 0xFFAE, 0xDFAE, 0xBFA6, 0xBFA6, 0xBFA6, 0x9F9E, 0xBF9E, 0xBFA6, 0xDFA6, 
    0xDFA6, 0xFFA6, 0xFFAE, 0xFFA6, 0xDFA6, 0xBFA6, 0xBFA6, 0xBFA6, 0xDFA6, 0xDFAE, 0xDFAE, 0xDFAE, 
    0xFFAE, 0xFFAE, 0xFFAE, 0xFFB6, 0xFFB6, 0x1FB7, 0x1FB7, 0x1FB7, 0x1FB7, 0x1FB7, 0x1FB7, 0x1FBF, 
    0x1FBF, 0x5FC7, 0x5FCF, 0x5FC7, 0x3FC7, 0x1FBF, 0x1FBF, 0xFFBE, 0xFFBE, 0xFFB6, 0xFFB6, 0xDFAE, 
    0xFFB6, 0xFFB6, 0xFFB6, 0xFFB6, 0xDFB6, 0xFFB6, 0xFFB6, 0xFFB6, 0xFFB6, 0xFFB6, 0x1FBF, 0x1FBF, 
    0x3FBF, 0x3FC7, 0x1FBF, 0x1FBF, 0xFFB6, 0xDFB6, 0xDFB6, 0xDFB6, 0xFFB6, 0xFFBE, 0x1FBF, 0x3FC7, 
    0x3FC7, 0x3FC7, 0x3FC7, 0x1FBF, 0x1FBF, 0x1FBF, 0x3FC7, 0x5FCF, 0x7FCF, 0x9FDF, 0x9FDF, 0xBFDF, 
    0xDFDF, 0xDFDF, 0xBFDF, 0xBFDF, 0x9FDF, 0x9FDF, 0x9FDF, 0x9FD7, 0x9FDF, 0xDFE7, 0xBFDF, 0xDFE7, 
    0xFFF7, 0xFFFF, 0xFFFF, 0xFFFF, 0xFFFF, 0xFFFF, 0xFFFF, 0xFFFF, 0xFFFF, 0xFFFF, 0xFFFF, 0xFFFF, 
    0xFFFF, 0xFFFF, 0xFFFF, 0xFFFF, 0xFFFF, 0xFFFF, 0xFFF7, 0xDFEF, 0xDFEF, 0xDFEF, 0xBFE7, 0x9FDF, 
    0x9FDF, 0x9FDF, 0x5FCF, 0x7FD7, 0x7FD7, 0xBFE7, 0xDFEF, 0xFFF7, 0xFFF7, 0xFFF7, 0xFFF7, 0xDFEF, 
    0xBFE7, 0x9FDF, 0xBFDF, 0xBFE7, 0xBFDF, 0x9FDF, 0x9FD7, 0xBFDF, 0x9FDF, 0x9FD7, 0x5FCF, 0x5FCF, 
    0x9FCF, 0x9FCF, 0x9FCF, 0x7FCF, 0xBFD7, 0xDFDF, 0xFFE7, 0xFFE7, 0xFFE7, 0xFFE7, 0xFFEF, 0xFFE7, 
    0xFFE7, 0xDFDF, 0xBFDF, 0xBFD7, 0x7FC7, 0x7FC7, 0x7FBF, 0x5FBF, 0x5FBF, 0x7FBF, 0x5FBF, 0x5FBF, 
    0x7FBF, 0x7FC7, 0x5FBF, 0x7FBF, 0x7FC7, 0x7FC7, 0x7FBF, 0x5FBF, 0x5FB7, 0x3FB7, 0x3FB7, 0x3FB7, 
    0x3FB7, 0x5FBF, 0x5FBF, 0x5FBF, 0x3FB7, 0x3FB7, 0x1FB7, 0x1FB7, 0x3FB7, 0x1FB7, 0x3FB7, 0x5FBF, 
    0x3FBF, 0x5FBF, 0x3FB7, 0x5FB7, 0x3FB7, 0x3FB7, 0x3FAF, 0x3FAF, 0x3FB7, 0x9FCF, 0xDFE7, 0x9FD7, 
    0x5FBF, 0x1FAF, 0xFFAE, 0xFFAE, 0x1FB7, 0x3FBF, 0x5FBF, 0x3FB7, 0x1FB7, 0xFFAE, 0xFFAE, 0xDFA6, 
    0xDFA6, 0xBF9E, 0xBF9E, 0x9F9E, 0x9F9E, 0x9F96, 0x9F96, 0x9F96, 0x9F96, 0x7F96, 0x9F96, 0x9F96, 
    0x9F96, 0x9F96, 0x9F96, 0x9F96, 0x9F96, 0xBF9E, 0x9F9E, 0x9F96, 0x9F96, 0x9F9E, 0x9F9E, 0xBFA6, 
    0xBFA6, 0xDFA6, 0xBFA6, 0xBFA6, 0xDFA6, 0xDFA6, 0xBF9E, 0xBF9E, 0xBFA6, 0xDFA6, 0xFFA6, 0xDFA6, 
    0xFFA6, 0x1FAF, 0x1FAF, 0x1FAF, 0xDFAE, 0xDFA6, 0xDFAE, 0xDFA6, 0xDFAE, 0xDFAE, 0xDFAE, 0xDFAE, 
    0xFFAE, 0xDFAE, 0xFFAE, 0x1FB7, 0xFFB6, 0x1FB7, 0x1FB7, 0x1FBF, 0x1FB7, 0x1FB7, 0x1FB7, 0x1FB7, 
    0x1FBF, 0x3FBF, 0x3FC7, 0x5FC7, 0x3FBF, 0x1FBF, 0x1FBF, 0x1FBF, 0xFFBE, 0xFFB6, 0xFFB6, 0xDFAE, 
    0xFFB6, 0xFFB6, 0xFFB6, 0xFFB6, 0xFFB6, 0xFFB6, 0x1FBF, 0xFFB6, 0xFFB6, 0xFFBE, 0x3FC7, 0x5FCF, 
    0x7FCF, 0x7FCF, 0x5FCF, 0x3FC7, 0x1FBF, 0xFFB6, 0xFFB6, 0xFFBE, 0xFFBE, 0xFFBE, 0xFFBE, 0x1FBF, 
    0x3FC7, 0x3FC7, 0x5FC7, 0x5FC7, 0x1FC7, 0x3FC7, 0x3FC7, 0x5FC7, 0x7FCF, 0x9FD7, 0x9FDF, 0x9FDF, 
    0x9FDF, 0x9FDF, 0x9FDF, 0x7FD7, 0x7FD7, 0x5FCF, 0x5FCF, 0x5FCF, 0x5FCF, 0x9FD7, 0x9FDF, 0x9FDF, 
    0xDFE7, 0xFFF7, 0xFFFF, 0xFFF7, 0xFFF7, 0xFFEF, 0xFFFF, 0xFFFF, 0xFFFF, 0xFFFF, 0xFFF7, 0xFFF7, 
    0xFFF7, 0xFFFF, 0xFFFF, 0xFFFF, 0xFFF7, 0xDFEF, 0xFFE7, 0xDFE7, 0xDFE7, 0x9FDF, 0x5FCF, 0x1FC7, 
    0x1FC7, 0x3FC7, 0x1FC7, 0x1FBF, 0x3FC7, 0x5FCF, 0x7FD7, 0x9FDF, 0x9FDF, 0x9FDF, 0xDFE7, 0xFFEF, 
    0xFFEF, 0xFFEF, 0xFFEF, 0xBFE7, 0x9FDF, 0x9FDF, 0x9FDF, 0xBFE7, 0xBFDF, 0x9FDF, 0x7FD7, 0x7FD7, 
    0xDFD7, 0xBFD7, 0xBFD7, 0xDFDF, 0xDFDF, 0xDFDF, 0xDFE7, 0xFFE7, 0xFFE7, 0xFFE7, 0xDFE7, 0xDFE7, 
    0xDFDF, 0xDFDF, 0xBFD7, 0x7FCF, 0x9FCF, 0x9FCF, 0x9FCF, 0x9FCF, 0x9FCF, 0x7FCF, 0x7FC7, 0x9FCF, 
    0x9FCF, 0x9FCF, 0x9FCF, 0x9FCF, 0x9FCF, 0x9FCF, 0x9FCF, 0x7FCF, 0x7FC7, 0x9FCF, 0x7FCF, 0x9FCF, 
    0x9FC7, 0x9FCF, 0x9FC7, 0x7FC7, 0x5FBF, 0x5FBF, 0x7FC7, 0x7FC7, 0x5FBF, 0x3FB7, 0x3FB7, 0x3FB7, 
    0x5FBF, 0x5FBF, 0x5FBF, 0x5FBF, 0xBFD7, 0x9FCF, 0x7FC7, 0x5FBF, 0x5FBF, 0x5FC7, 0x5FC7, 0x3FBF, 
    0x1FBF, 0x1FB7, 0xFFAE, 0xFFAE, 0xFFAE, 0xFFAE, 0xDFAE, 0xDFA6, 0xDFA6, 0xDFA6, 0xDFA6, 0xDFA6, 
    0xBFA6, 0xBF9E, 0x9F9E, 0x9F9E, 0x9F96, 0x9F96, 0x9F96, 0x9F96, 0x9F96, 0x9F96, 0x9F96, 0x9F96, 
    0x9F96, 0x9F96, 0x9F9E, 0x9F96, 0xDF9E, 0x1FAF, 0x1FAF, 0x3FB7, 0x1FAF, 0x3FB7, 0x5FBF, 0x3FBF, 
    0x3FBF, 0x5FBF, 0x9FC7, 0x5FBF, 0x7FC7, 0x5FBF, 0x5FBF, 0x7FC7, 0x5FC7, 0x5FBF, 0x1FAF, 0x3FAF, 
    0x1FAF, 0x1FAF, 0x1FAF, 0xFFA6, 0xDFAE, 0xDFAE, 0xDFAE, 0xDFAE, 0xDFAE, 0xDFAE, 0xDFAE, 0xDFAE, 
    0xFFAE, 0xFFAE, 0xFFAE, 0x1FB7, 0x1FB7, 0xFFAE, 0x1FB7, 0x1FBF, 0x1FB7, 0x1FB7, 0xFFB6, 0xFFB6, 
    0x1FB7, 0x1FB7, 0x3FBF, 0x3FBF, 0x3FBF, 0x1FBF, 0x1FBF, 0x1FBF, 0x1FBF, 0x1FB7, 0xFFB6, 0xFFB6, 
    0xDFAE, 0xFFB6, 0xFFBE, 0x1FBF, 0xFFBE, 0x1FBF, 0x3FBF, 0x1FBF, 0x1FBF, 0x1FBF, 0x5FC7, 0x7FCF, 
    0x7FD7, 0x7FD7, 0x7FD7, 0x5FCF, 0x3FC7, 0x1FBF, 0xFFBE, 0x1FBF, 0x1FBF, 0x1FBF, 0x3FC7, 0x3FC7, 
    0x3FC7, 0x5FCF, 0x5FCF, 0x5FCF, 0x5FCF, 0x3FCF, 0x5FCF, 0x5FCF, 0x5FCF, 0x7FD7, 0x7FD7, 0x5FCF, 
    0x5FCF, 0x5FCF, 0x5FCF, 0x5FC7, 0x3FC7, 0x1FBF, 0x1FBF, 0xFFBE, 0xFFBE, 0x1FBF, 0x1FBF, 0x3FC7, 
    0x5FC7, 0x7FCF, 0x7FD7, 0x9FD7, 0x9FDF, 0xBFDF, 0xDFE7, 0xDFEF, 0xFFF7, 0xFFF7, 0xFFFF, 0xFFFF, 
    0xFFFF, 0xFFFF, 0xFFFF, 0xFFFF, 0xFFFF, 0xFFFF, 0xFFFF, 0xFFFF, 0xFFFF, 0xFFFF, 0xFFF7, 0xDFE7, 
    0xBFE7, 0xBFE7, 0xBFDF, 0x7FD7, 0x7FD7, 0x7FD7, 0x7FD7, 0xBFDF, 0xDFE7, 0xDFE7, 0xDFE7, 0xFFEF, 
    0xFFFF, 0xFFFF, 0xFFFF, 0xFFF7, 0xDFE7, 0xBFDF, 0xDFDF, 0xDFE7, 0x9FDF, 0x7FD7, 0x7FD7, 0x7FD7, 
    0x9FCF, 0x9FCF, 0x9FCF, 0xBFD7, 0xBFD7, 0xBFD7, 0x9FD7, 0x9FCF, 0x9FD7, 0xBFD7, 0x9FD7, 0x7FC7, 
    0x7FC7, 0x5FBF, 0x7FBF, 0x5FC7, 0x7FC7, 0x7FC7, 0x7FC7, 0x9FCF, 0x9FCF, 0x9FCF, 0x9FCF, 0x9FCF, 
    0x9FCF, 0x9FD7, 0xBFD7, 0x9FD7, 0xBFD7, 0x9FD7, 0x9FCF, 0x7FCF, 0x9FCF, 0x7FC7, 0x7FC7, 0x7FC7, 
    0x5FBF, 0x5FBF, 0x3FBF, 0x5FBF, 0x5FBF, 0x7FBF, 0x7FC7, 0x5FBF, 0x3FB7, 0x3FBF, 0x5FBF, 0x7FC7, 
    0xBFD7, 0xFFE7, 0xFFEF, 0xFFEF, 0xFFF7, 0xFFFF, 0xFFF7, 0xFFEF, 0xFFEF, 0xDFDF, 0x9FD7, 0x7FCF, 
    0x5FC7, 0x3FBF, 0x3FBF, 0x1FB7, 0x1FB7, 0x1FB7, 0x1FB7, 0xFFAE, 0xFFA6, 0xFFA6, 0xFFA6, 0xFFA6, 
    0xFFA6, 0xFFA6, 0xDFA6, 0xDF9E, 0xDF9E, 0xDF9E, 0xBF9E, 0xDF9E, 0xFF9E, 0xFF9E, 0x1FA7, 0xFFA6, 
    0xFFA6, 0xFFA6, 0xFFA6, 0xFFA6, 0x1FAF, 0x3FBF, 0x1FB7, 0x1FB7, 0x1FB7, 0x5FBF, 0x7FC7, 0x7FC7, 
    0x5FC7, 0x9FCF, 0x9FCF, 0xBFD7, 0xFFEF, 0xFFE7, 0xFFE7, 0xDFDF, 0x9FD7, 0xDFDF, 0x9FD7, 0x7FC7, 
    0x1FB7, 0xFFAE, 0xFFA6, 0xDFA6, 0xDFA6, 0xDFA6, 0xDFA6, 0xDFA6, 0xDFAE, 0xFFAE, 0xDFAE, 0xDFAE, 
    0xFFAE, 0xFFAE, 0xFFAE, 0x1FAF, 0x1FB7, 0x1FB7, 0x1FB7, 0x1FB7, 0x1FB7, 0x1FB7, 0x1FB7, 0xFFB6, 
    0xFFB6, 0xFFB6, 0x1FB7, 0x3FBF, 0x3FBF, 0x1FBF, 0x1FBF, 0x1FBF, 0x1FBF, 0x1FBF, 0xFFB6, 0xDFAE, 
    0xDFAE, 0xFFB6, 0x1FBF, 0x1FBF, 0x1FBF, 0x1FBF, 0x3FC7, 0x3FC7, 0x3FC7, 0x3FC7, 0x5FCF, 0x7FD7, 
    0x7FD7, 0x7FD7, 0x9FD7, 0x9FD7, 0x7FCF, 0x5FCF, 0x3FC7, 0x3FC7, 0x3FC7, 0x5FC7, 0x5FCF, 0x5FCF, 
    0x5FCF, 0x7FD7, 0x7FD7, 0x7FD7, 0x5FCF, 0x7FCF, 0x5FCF, 0x5FCF, 0x5FCF, 0x5FCF, 0x3FC7, 0x1FC7, 
    0x1FC7, 0x3FC7, 0x5FC7, 0x3FC7, 0x1FBF, 0xFFBE, 0x1FBF, 0xFFBE, 0xFFBE, 0x1FBF, 0x1FBF, 0x1FBF, 
    0x1FBF, 0x1FBF, 0x1FBF, 0xFFBE, 0x1FBF, 0x1FBF, 0x1FC7, 0x5FCF, 0x5FD7, 0x9FDF, 0xDFEF, 0xFFFF, 
    0xFFFF, 0xFFFF, 0xFFFF, 0xFFFF, 0xFFFF, 0xFFFF, 0xFFFF, 0xFFFF, 0xFFFF, 0xFFFF, 0xFFF7, 0xFFF7, 
    0xFFF7, 0xFFEF, 0xFFEF, 0xDFE7, 0xDFE7, 0xDFE7, 0xFFEF, 0xDFE7, 0x9FDF, 0xDFE7, 0xDFE7, 0xBFE7, 
    0x9FDF, 0xDFE7, 0xDFEF, 0xFFFF, 0xFFF7, 0xDFEF, 0xDFE7, 0xFFEF, 0xFFEF, 0xDFE7, 0xBFDF, 0x9FD7, 
    0x9FCF, 0x9FCF, 0x9FCF, 0x9FCF, 0x9FD7, 0xBFD7, 0xDFD7, 0xBFD7, 0xBFD7, 0xBFD7, 0x9FCF, 0x9FCF, 
    0x9FC7, 0x7FC7, 0x9FCF, 0x7FCF, 0x7FC7, 0x7FC7, 0x7FC7, 0x9FC7, 0x9FC7, 0x9FCF, 0x9FCF, 0x9FCF, 
    0xBFD7, 0x9FD7, 0xDFDF, 0xDFDF, 0xBFD7, 0xBFD7, 0xBFD7, 0xBFD7, 0xBFD7, 0xBFD7, 0xBFD7, 0xBFD7, 
    0xBFD7, 0xBFDF, 0xDFDF, 0xDFDF, 0xDFDF, 0x9FCF, 0x9FCF, 0x7FC7, 0x5FBF, 0x7FBF, 0x9FCF, 0xBFD7, 
    0xDFDF, 0xDFE7, 0xFFEF, 0xFFEF, 0xFFEF, 0xFFEF, 0xFFEF, 0xBFE7, 0xDFE7, 0xDFE7, 0xBFDF, 0xBFDF, 
    0xDFDF, 0xDFE7, 0xDFDF, 0x9FD7, 0x9FCF, 0x9FCF, 0x7FBF, 0x5FB7, 0x3FB7, 0x5FB7, 0x5FB7, 0x3FB7, 
    0x3FAF, 0x3FAF, 0x3FAF, 0x3FAF, 0x3FAF, 0x5FB7, 0x5FB7, 0x5FB7, 0x5FB7, 0x5FB7, 0x5FB7, 0x3FAF, 
    0x3FAF, 0x3FB7, 0x5FBF, 0x5FBF, 0x5FBF, 0x5FBF, 0x3FB7, 0x3FB7, 0x3FB7, 0x3FB7, 0x5FBF, 0x7FCF, 
    0x9FD7, 0xBFDF, 0xFFE7, 0xFFE7, 0xBFDF, 0x9FD7, 0x7FCF, 0x7FC7, 0x7FC7, 0x5FC7, 0x3FBF, 0x5FBF, 
    0x3FBF, 0x5FC7, 0x5FC7, 0x5FBF, 0x3FBF, 0x1FB7, 0x1FB7, 0x1FB7, 0xFFAE, 0xFFAE, 0xFFAE, 0xFFAE, 
    0xFFAE, 0xFFAE, 0xFFAE, 0xFFB6, 0x1FB7, 0x1FB7, 0x1FB7, 0xFFAE, 0xFFAE, 0xFFAE, 0xFFB6, 0xFFB6, 
    0xFFB6, 0xFFB6, 0x1FB7, 0x1FBF, 0x1FBF, 0x1FBF, 0x3FBF, 0x1FBF, 0x1FBF, 0x3FBF, 0x1FBF, 0xFFB6, 
    0xFFB6, 0xFFB6, 0x1FBF, 0x1FBF, 0x1FBF, 0x1FBF, 0x3FC7, 0x1FC7, 0x3FC7, 0x3FC7, 0x5FCF, 0x7FD7, 
    0x9FD7, 0x9FDF, 0xBFDF, 0xDFDF, 0xBFDF, 0x9FD7, 0x7FCF, 0x5FCF, 0x7FCF, 0x7FD7, 0x7FD7, 0x9FD7, 
    0x9FDF, 0x9FDF, 0x9FD7, 0x7FD7, 0x7FD7, 0x7FD7, 0x5FCF, 0x5FCF, 0x5FCF, 0x5FCF, 0x5FCF, 0x3FC7, 
    0x3FC7, 0x5FC7, 0x3FC7, 0x3FC7, 0x1FC7, 0x3FC7, 0x1FC7, 0x1FBF, 0x1FBF, 0x3FBF, 0x1FBF, 0x1FBF, 
    0x1FBF, 0x1FBF, 0x1FBF, 0x1FBF, 0x1FBF, 0x1FBF, 0x3FC7, 0x7FCF, 0x9FD7, 0x9FDF, 0x9FDF, 0xBFDF, 
    0x9FDF, 0x9FD7, 0x7FD7, 0x7FD7, 0x9FD7, 0x9FD7, 0x9FD7, 0x9FDF, 0xDFE7, 0xDFEF, 0xDFEF, 0xDFE7, 
    0xDFE7, 0xBFE7, 0xDFE7, 0xDFE7, 0xBFDF, 0xBFDF, 0x9FDF, 0x9FDF, 0x9FDF, 0xBFE7, 0xDFEF, 0xDFE7, 
    0xDFE7, 0xFFEF, 0xFFEF, 0xFFF7, 0xDFEF, 0xBFE7, 0xBFE7, 0xBFDF, 0x9FDF, 0xBFDF, 0xDFDF, 0xBFDF, 
    0x9FCF, 0x9FCF, 0x9FCF, 0x9FCF, 0x9FCF, 0x9FCF, 0x7FCF, 0x9FCF, 0x7FCF, 0x9FCF, 0x9FCF, 0x9FCF, 
    0x9FCF, 0x9FCF, 0x7FC7, 0x7FC7, 0x7FC7, 0x7FC7, 0x7FC7, 0x9FCF, 0x9FC7, 0x9FCF, 0x9FCF, 0x9FCF, 
    0xBFD7, 0xBFDF, 0xDFDF, 0x9FD7, 0xBFD7, 0xBFD7, 0xBFD7, 0xDFDF, 0xDFE7, 0xDFE7, 0xDFDF, 0xDFDF, 
    0xBFDF, 0xBFDF, 0xBFDF, 0xBFDF, 0xBFDF, 0x9FD7, 0xBFD7, 0x9FCF, 0x7FCF, 0x9FCF, 0xBFD7, 0xBFDF, 
    0xBFDF, 0xBFDF, 0xDFDF, 0xBFDF, 0x9FD7, 0x9FD7, 0x9FD7, 0x9FD7, 0x9FDF, 0xBFDF, 0x9FDF, 0xBFDF, 
    0xDFE7, 0xDFE7, 0xDFE7, 0xDFE7, 0xDFE7, 0xBFDF, 0x9FCF, 0x5FBF, 0x5FB7, 0x5FBF, 0x5FBF, 0x3FB7, 
    0x5FB7, 0x5FB7, 0x5FB7, 0x3FB7, 0x3FB7, 0x5FBF, 0x5FBF, 0x9FC7, 0x7FC7, 0x5FBF, 0x5FBF, 0x3FB7, 
    0x5FB7, 0x1FB7, 0x5FB7, 0x5FBF, 0x5FB7, 0x5FBF, 0x5FBF, 0x3FB7, 0x3FB7, 0x3FB7, 0x5FBF, 0x5FC7, 
    0x9FCF, 0x9FCF, 0x9FCF, 0x9FCF, 0x7FCF, 0x5FC7, 0x3FBF, 0x3FBF, 0x3FBF, 0x5FBF, 0x5FBF, 0x7FC7, 
    0x7FC7, 0x7FC7, 0x5FBF, 0x5FC7, 0x5FBF, 0x5FC7, 0x5FBF, 0x5FBF, 0x5FBF, 0x3FBF, 0x3FBF, 0x3FBF, 
    0x3FBF, 0x1FB7, 0x1FB7, 0xFFB6, 0x1FB7, 0x1FB7, 0x1FB7, 0x1FB7, 0x1FB7, 0x1FAF, 0xFFAE, 0xFFAE, 
    0xFFB6, 0xFFB6, 0xFFB6, 0x1FB7, 0x1FBF, 0x1FBF, 0x1FBF, 0x1FBF, 0x1FBF, 0x5FC7, 0x3FBF, 0x1FBF, 
    0x1FBF, 0x1FBF, 0x3FC7, 0x3FC7, 0x1FBF, 0x3FC7, 0x5FC7, 0x5FC7, 0x3FC7, 0x3FC7, 0x5FCF, 0x9FD7, 
    0x9FDF, 0xBFDF, 0xDFE7, 0xDFE7, 0xFFE7, 0xDFE7, 0xBFDF, 0xBFDF, 0x9FDF, 0x9FDF, 0x9FDF, 0xBFDF, 
    0xBFDF, 0xBFDF, 0x9FDF, 0x9FD7, 0x7FCF, 0x7FCF, 0x5FCF, 0x5FCF, 0x7FCF, 0x7FD7, 0x7FCF, 0x5FCF, 
    0x5FC7, 0x5FCF, 0x3FC7, 0x5FC7, 0x3FC7, 0x5FC7, 0x3FC7, 0x3FC7, 0x1FC7, 0x3FC7, 0x3FC7, 0x3FBF, 
    0x3FC7, 0x1FBF, 0x1FBF, 0x1FBF, 0x3FBF, 0x3FC7, 0x5FC7, 0x5FCF, 0x7FD7, 0x9FD7, 0x7FCF, 0x5FCF, 
    0x7FCF, 0x7FCF, 0x7FD7, 0x5FCF, 0x3FC7, 0x1FBF, 0x3FC7, 0x5FC7, 0x5FCF, 0x7FD7, 0x9FDF, 0x9FD7, 
    0x9FD7, 0xBFDF, 0xDFE7, 0xDFE7, 0xBFE7, 0xDFE7, 0x9FDF, 0x7FD7, 0xBFDF, 0xDFE7, 0xFFEF, 0xFFEF, 
    0xDFE7, 0xDFE7, 0xDFE7, 0xDFE7, 0xBFE7, 0x9FDF, 0xBFDF, 0x9FDF, 0xBFDF, 0xDFE7, 0xDFE7, 0xDFEF, 
    0xBFD7, 0xBFDF, 0xDFDF, 0xBFD7, 0xBFD7, 0xDFD7, 0x9FCF, 0x9FCF, 0xBFD7, 0x9FD7, 0x7FC7, 0x7FBF, 
    0x5FBF, 0x5FBF, 0x5FBF, 0x5FBF, 0x5FBF, 0x5FBF, 0x5FBF, 0x5FBF, 0x5FBF, 0x5FBF, 0x5FBF, 0x5FBF, 
    0x7FC7, 0x7FC7, 0x7FC7, 0x7FCF, 0x7FCF, 0x7FCF, 0x7FCF, 0x9FCF, 0x9FD7, 0x9FDF, 0xBFDF, 0xBFDF, 
    0xBFDF, 0xBFDF, 0x9FD7, 0x9FCF, 0x9FD7, 0x9FD7, 0x9FD7, 0x7FD7, 0x9FD7, 0x9FD7, 0x7FD7, 0x9FD7, 
    0x9FD7, 0x9FD7, 0x9FD7, 0x9FD7, 0x7FD7, 0x7FCF, 0x9FCF, 0x9FCF, 0xBFD7, 0x9FDF, 0x9FD7, 0x9FDF, 
    0x9FDF, 0xBFDF, 0xBFDF, 0xBFDF, 0xDFDF, 0xBFDF, 0x7FD7, 0x7FCF, 0x5FBF, 0x7FBF, 0x5FBF, 0x5FB7, 
    0x5FB7, 0x5FB7, 0x3FB7, 0x3FB7, 0x3FB7, 0x3FB7, 0x3FB7, 0x5FBF, 0x5FBF, 0x3FB7, 0x3FB7, 0x5FBF, 
    0x3FB7, 0x1FAF, 0x5FB7, 0x3FB7, 0x3FBF, 0x3FBF, 0x5FBF, 0x3FBF, 0x3FBF, 0x3FB7, 0x5FBF, 0x5FBF, 
    0x7FC7, 0x7FCF, 0x7FCF, 0x7FCF, 0x5FC7, 0x5FBF, 0x5FBF, 0x5FBF, 0x5FC7, 0x7FC7, 0x7FC7, 0x7FCF, 
    0x9FCF, 0x9FD7, 0xBFDF, 0xDFDF, 0xBFD7, 0xBFDF, 0x9FD7, 0x7FCF, 0x9FCF, 0x9FCF, 0x7FCF, 0x5FC7, 
    0x5FC7, 0x5FC7, 0x3FBF, 0x3FBF, 0x5FBF, 0x5FC7, 0x5FC7, 0x3FBF, 0x3FBF, 0x1FB7, 0xFFB6, 0xFFAE, 
    0xFFAE, 0xFFAE, 0xFFB6, 0xFFB6, 0xFFB6, 0xFFBE, 0x1FBF, 0x1FBF, 0x3FBF, 0x5FC7, 0x5FC7, 0x3FC7, 
    0x1FBF, 0x3FC7, 0x3FC7, 0x5FC7, 0x5FCF, 0x5FCF, 0x7FCF, 0x5FCF, 0x5FCF, 0x5FCF, 0x5FCF, 0x9FD7, 
    0xBFDF, 0xDFE7, 0xDFE7, 0xDFE7, 0xDFEF, 0xFFEF, 0xBFE7, 0xBFDF, 0xBFDF, 0x9FDF, 0x9FDF, 0x9FDF, 
    0xBFDF, 0x9FDF, 0x7FD7, 0x5FCF, 0x5FCF, 0x5FCF, 0x5FC7, 0x5FC7, 0x5FCF, 0x7FCF, 0x5FCF, 0x5FCF, 
    0x5FC7, 0x5FC7, 0x5FC7, 0x5FC7, 0x5FC7, 0x3FC7, 0x3FC7, 0x1FBF, 0x1FBF, 0x1FBF, 0x1FBF, 0x1FBF, 
    0x3FBF, 0x3FBF, 0x3FBF, 0x3FBF, 0x3FBF, 0x3FBF, 0x5FC7, 0x5FCF, 0x7FCF, 0x7FCF, 0x7FCF, 0x5FCF, 
    0x5FCF, 0x3FC7, 0x3FC7, 0x1FC7, 0x1FBF, 0x1FBF, 0x1FBF, 0x1FBF, 0x1FBF, 0x3FBF, 0x5FC7, 0x5FC7, 
    0x5FCF, 0x5FCF, 0x7FCF, 0x9FD7, 0x9FDF, 0x9FD7, 0x7FD7, 0x5FCF, 0x7FD7, 0x9FD7, 0xBFDF, 0xBFDF, 
    0x9FDF, 0x7FD7, 0x7FD7, 0x7FD7, 0x7FD7, 0xBFDF, 0xBFDF, 0xBFDF, 0xBFDF, 0xBFDF, 0xDFE7, 0xFFEF, 
    0x7FC7, 0x7FC7, 0x7FC7, 0x7FC7, 0x5FC7, 0x7FC7, 0x5FBF, 0x5FBF, 0x7FBF, 0x5FBF, 0x5FBF, 0x5FB7, 
    0x5FB7, 0x3FB7, 0x3FAF, 0x3FB7, 0x3FB7, 0x5FB7, 0x5FB7, 0x3FB7, 0x3FB7, 0x3FB7, 0x3FB7, 0x3FB7, 
    0x3FB7, 0x3FB7, 0x3FB7, 0x3FB7, 0x3FB7, 0x1FB7, 0x1FB7, 0x3FB7, 0x3FB7, 0x3FB7, 0x3FBF, 0x5FBF, 
    0x5FBF, 0x7FCF, 0x9FCF, 0x7FCF, 0x9FCF, 0x7FCF, 0x5FC7, 0x5FCF, 0x7FCF, 0x7FCF, 0x7FCF, 0x7FD7, 
    0x7FD7, 0x9FD7, 0x7FCF, 0x7FCF, 0x7FCF, 0x5FCF, 0x5FCF, 0x7FCF, 0x7FCF, 0x7FCF, 0x7FCF, 0x7FCF, 
    0x7FD7, 0x9FD7, 0x9FD7, 0x9FDF, 0x9FDF, 0xBFDF, 0xBFDF, 0x9FD7, 0x9FD7, 0x7FCF, 0x7FBF, 0x5FBF, 
    0x5FBF, 0x5FB7, 0x5FB7, 0x5FB7, 0x5FB7, 0x5FB7, 0x3FB7, 0x5FB7, 0x3FB7, 0x1FB7, 0x3FB7, 0x5FB7, 
    0x1FB7, 0x1FAF, 0x5FB7, 0x3FB7, 0x3FB7, 0x5FBF, 0x3FBF, 0x3FBF, 0x3FBF, 0x3FB7, 0x5FBF, 0x5FC7, 
    0x7FC7, 0x7FCF, 0x7FCF, 0x7FCF, 0x7FC7, 0x5FBF, 0x5FC7, 0x5FC7, 0x7FC7, 0x7FC7, 0x7FCF, 0x7FCF, 
    0x7FCF, 0x9FD7, 0xBFDF, 0xBFDF, 0x9FD7, 0x9FD7, 0x9FD7, 0x9FD7, 0x9FD7, 0x9FDF, 0x9FD7, 0x7FCF, 
    0x5FC7, 0x7FC7, 0x5FC7, 0x7FC7, 0x7FCF, 0x7FCF, 0x7FCF, 0x7FCF, 0x5FC7, 0x1FBF, 0x1FB7, 0x1FB7, 
    0xFFB6, 0xFFB6, 0xFFB6, 0xFFB6, 0xFFB6, 0xFFBE, 0xFFBE, 0x1FBF, 0x3FC7, 0x3FC7, 0x5FC7, 0x3FC7, 
    0x1FC7, 0x3FC7, 0x5FC7, 0x5FCF, 0x7FCF, 0x9FD7, 0x9FDF, 0x7FD7, 0x7FD7, 0x5FCF, 0x7FD7, 0x9FD7, 
    0xBFDF, 0xBFDF, 0xBFDF, 0xDFE7, 0xDFE7, 0xDFE7, 0xDFE7, 0x9FDF, 0x7FD7, 0x9FD7, 0x7FD7, 0x7FD7, 
    0x7FD7, 0x7FCF, 0x7FCF, 0x5FCF, 0x7FCF, 0x5FCF, 0x5FC7, 0x5FC7, 0x5FC7, 0x7FCF, 0x5FCF, 0x5FC7, 
    0x5FC7, 0x5FC7, 0x5FC7, 0x1FC7, 0x3FC7, 0x3FC7, 0x1FBF, 0x1FBF, 0x1FBF, 0x1FBF, 0x1FBF, 0x1FBF, 
    0x1FBF, 0x3FBF, 0x3FBF, 0x5FC7, 0x5FC7, 0x5FC7, 0x5FC7, 0x5FC7, 0x7FCF, 0x9FD7, 0x7FD7, 0x7FD7, 
    0x9FDF, 0x7FD7, 0x5FCF, 0x3FC7, 0x1FBF, 0xFFBE, 0x1FB7, 0x1FBF, 0x1FBF, 0x1FBF, 0x1FBF, 0x1FB7, 
    0x1FB7, 0x1FBF, 0x1FBF, 0x1FBF, 0x1FBF, 0x3FC7, 0x1FBF, 0x3FC7, 0x3FC7, 0x3FC7, 0x5FCF, 0x7FD7, 
    0x7FD7, 0x5FCF, 0x7FD7, 0x9FD7, 0x9FDF, 0xBFDF, 0xBFDF, 0xBFDF, 0xBFDF, 0xBFDF, 0x9FDF, 0x9FDF, 
    0x5FB7, 0x5FB7, 0x3FB7, 0x3FB7, 0x3FB7, 0x3FB7, 0x1FB7, 0x1FB7, 0x3FB7, 0x3FB7, 0x3FB7, 0x3FB7, 
    0x3FB7, 0x3FB7, 0x3FAF, 0x3FAF, 0x3FAF, 0x3FAF, 0x3FB7, 0x3FB7, 0x3FB7, 0x3FB7, 0x3FB7, 0x3FB7, 
    0x5FB7, 0x3FB7, 0x3FB7, 0x3FB7, 0x3FB7, 0x3FB7, 0x3FB7, 0x3FB7, 0x3FB7, 0x5FB7, 0x3FB7, 0x3FBF, 
    0x3FBF, 0x5FC7, 0x5FC7, 0x5FCF, 0x5FC7, 0x7FC7, 0x7FC7, 0x5FC7, 0x7FC7, 0x5FC7, 0x5FC7, 0x7FCF, 
    0x7FCF, 0x5FCF, 0x5FC7, 0x5FC7, 0x5FC7, 0x5FC7, 0x5FC7, 0x5FC7, 0x5FC7, 0x5FC7, 0x5FC7, 0x5FC7, 
    0x5FC7, 0x5FC7, 0x5FC7, 0x5FBF, 0x5FC7, 0x7FD7, 0x7FD7, 0x9FD7, 0x9FD7, 0x7FCF, 0x7FC7, 0x7FC7, 
    0x5FB7, 0x5FBF, 0x5FBF, 0x5FBF, 0x5FBF, 0x5FB7, 0x5FB7, 0x5FBF, 0x3FB7, 0x1FB7, 0x5FBF, 0x3FB7, 
    0x3FB7, 0x1FB7, 0x3FBF, 0x1FB7, 0x3FB7, 0x3FB7, 0x1FB7, 0x3FB7, 0x3FBF, 0x3FB7, 0x5FBF, 0x5FBF, 
    0x5FC7, 0x5FC7, 0x7FCF, 0x7FCF, 0x7FC7, 0x5FBF, 0x5FBF, 0x5FBF, 0x5FC7, 0x5FBF, 0x5FC7, 0x5FBF, 
    0x5FBF, 0x5FC7, 0x5FC7, 0x5FC7, 0x5FC7, 0x5FC7, 0x5FC7, 0x7FC7, 0x5FC7, 0x5FC7, 0x5FC7, 0x5FC7, 
    0x3FBF, 0x5FC7, 0x5FC7, 0x7FC7, 0x7FC7, 0x5FC7, 0x5FC7, 0x3FC7, 0x1FBF, 0x1FB7, 0x1FB7, 0x1FBF, 
    0x1FB7, 0xFFB6, 0xFFB6, 0xFFB6, 0xFFB6, 0xFFB6, 0xFFBE, 0xFFBE, 0x1FBF, 0x1FBF, 0x1FC7, 0x1FBF, 
    0x1FC7, 0x3FC7, 0x3FC7, 0x5FCF, 0x7FD7, 0x9FDF, 0xBFDF, 0x9FDF, 0x7FD7, 0x5FCF, 0x7FD7, 0x7FD7, 
    0x9FDF, 0xDFE7, 0xBFDF, 0x9FDF, 0x9FDF, 0xBFDF, 0xBFDF, 0x7FD7, 0x5FCF, 0x5FCF, 0x5FCF, 0x5FCF, 
    0x7FCF, 0x5FC7, 0x7FCF, 0x5FCF, 0x7FCF, 0x5FC7, 0x5FCF, 0x5FC7, 0x5FCF, 0x9FCF, 0x7FCF, 0x7FCF, 
    0x5FCF, 0x5FCF, 0x5FC7, 0x1FC7, 0x3FBF, 0x1FBF, 0x3FBF, 0x3FBF, 0x1FBF, 0x3FBF, 0x3FBF, 0x3FBF, 
    0x3FBF, 0x5FC7, 0x3FC7, 0x5FC7, 0x5FCF, 0x5FCF, 0x7FCF, 0x7FCF, 0x9FD7, 0x9FDF, 0x9FDF, 0x7FD7, 
    0x7FD7, 0x7FD7, 0x7FD7, 0x7FCF, 0x5FCF, 0x3FC7, 0x5FC7, 0x5FC7, 0x3FC7, 0x3FC7, 0x1FBF, 0x1FBF, 
    0x1FBF, 0x1FBF, 0x1FBF, 0x1FBF, 0x1FBF, 0x5FC7, 0x5FCF, 0x5FCF, 0x5FCF, 0x5FCF, 0x7FCF, 0x9FD7, 
    0x9FD7, 0x9FD7, 0x9FD7, 0x9FD7, 0x9FD7, 0x9FD7, 0xBFDF, 0x9FD7, 0x9FD7, 0x9FD7, 0x9FD7, 0x9FD7, 
    0x5FBF, 0x5FBF, 0x5FB7, 0x5FB7, 0x5FB7, 0x3FB7, 0x1FAF, 0x1FAF, 0x1FAF, 0x1FAF, 0x1FAF, 0x3FAF, 
    0x1FAF, 0x3FB7, 0x3FB7, 0x1FAF, 0x1FAF, 0x1FAF, 0xFFAE, 0x1FAF, 0x1FAF, 0x1FAF, 0x1FB7, 0x3FB7, 
    0x3FB7, 0x3FB7, 0x3FB7, 0x3FB7, 0x3FBF, 0x3FBF, 0x5FBF, 0x5FBF, 0x5FBF, 0x5FC7, 0x5FC7, 0x5FBF, 
    0x5FC7, 0x5FC7, 0x5FC7, 0x7FC7, 0x5FC7, 0x5FC7, 0x5FC7, 0x5FC7, 0x5FC7, 0x7FC7, 0x7FC7, 0x5FC7, 
    0x5FC7, 0x5FC7, 0x5FBF, 0x5FC7, 0x5FC7, 0x5FC7, 0x5FC7, 0x5FC7, 0x5FC7, 0x5FCF, 0x7FCF, 0x7FCF, 
    0x7FCF, 0x7FCF, 0x5FCF, 0x7FCF, 0x7FC7, 0x5FC7, 0x5FC7, 0x1FBF, 0x3FBF, 0x1FBF, 0x3FB7, 0x3FB7, 
    0x3FB7, 0x3FB7, 0x3FB7, 0x1FB7, 0x5FB7, 0x3FB7, 0x3FB7, 0x5FB7, 0x5FB7, 0x3FB7, 0x3FB7, 0x3FB7, 
    0x5FBF, 0x3FB7, 0x3FB7, 0x5FBF, 0x5FBF, 0x3FB7, 0x3FB7, 0x3FB7, 0x3FBF, 0x5FBF, 0x5FBF, 0x5FC7, 
    0x7FC7, 0x7FC7, 0x7FCF, 0x9FD7, 0x7FCF, 0x7FCF, 0x7FCF, 0x7FC7, 0x9FCF, 0x9FD7, 0x7FCF, 0x7FCF, 
    0x7FCF, 0x7FCF, 0x7FCF, 0x7FCF, 0x7FC7, 0x7FC7, 0x5FC7, 0x5FC7, 0x7FCF, 0x5FC7, 0x5FC7, 0x5FC7, 
    0x3FC7, 0x5FBF, 0x5FBF, 0x5FBF, 0x5FBF, 0x3FBF, 0x3FBF, 0x1FB7, 0x1FB7, 0xFFB6, 0xFFB6, 0x1FB7, 
    0xFFB6, 0xFFB6, 0xFFB6, 0xFFB6, 0xFFB6, 0xFFB6, 0xFFBE, 0x1FBF, 0x1FBF, 0x1FBF, 0x1FBF, 0x1FBF, 
    0x1FC7, 0x3FC7, 0x3FC7, 0x5FCF, 0x7FCF, 0x7FD7, 0x9FDF, 0x9FDF, 0x7FD7, 0x5FCF, 0x7FCF, 0x7FD7, 
    0x9FDF, 0x9FDF, 0x9FDF, 0x9FDF, 0x9FD7, 0xBFDF, 0x9FDF, 0x7FD7, 0x5FC7, 0x5FC7, 0x3FC7, 0x5FC7, 
    0x5FC7, 0x5FC7, 0x5FCF, 0x5FCF, 0x5FC7, 0x5FCF, 0x5FCF, 0x7FCF, 0x7FCF, 0x7FCF, 0x7FCF, 0x5FCF, 
    0x5FC7, 0x3FC7, 0x3FBF, 0x1FBF, 0x3FBF, 0x3FBF, 0x3FBF, 0x1FBF, 0x3FBF, 0x3FBF, 0x3FBF, 0x3FC7, 
    0x3FC7, 0x5FC7, 0x5FC7, 0x5FCF, 0x5FCF, 0x7FCF, 0x7FCF, 0x7FCF, 0x7FD7, 0x9FDF, 0xBFDF, 0xBFDF, 
    0x9FDF, 0x9FDF, 0xBFDF, 0xBFDF, 0x9FDF, 0x9FDF, 0x7FD7, 0x7FCF, 0x7FCF, 0x7FCF, 0x7FCF, 0x5FCF, 
    0x5FCF, 0x5FCF, 0x5FC7, 0x5FC7, 0x7FCF, 0x5FCF, 0x7FCF, 0x7FD7, 0x7FD7, 0x9FD7, 0x9FDF, 0x9FDF, 
    0x9FDF, 0x9FD7, 0xBFD7, 0x9FD7, 0xBFD7, 0xBFDF, 0x9FD7, 0x9FD7, 0x9FD7, 0x7FD7, 0x7FD7, 0x7FD7, 
    0x7FBF, 0x7FBF, 0x5FB7, 0x5FB7, 0x5FB7, 0x5FB7, 0x5FB7, 0x5FB7, 0x5FB7, 0x5FB7, 0x5FB7, 0x5FB7, 
    0x5FB7, 0x5FB7, 0x5FB7, 0x5FBF, 0x5FB7, 0x5FBF, 0x5FBF, 0x5FBF, 0x5FBF, 0x7FBF, 0x7FBF, 0x7FC7, 
    0x7FBF, 0x7FBF, 0x7FC7, 0x5FC7, 0x7FC7, 0x7FC7, 0x7FCF, 0x9FCF, 0x7FCF, 0x9FD7, 0x9FD7, 0x9FCF, 
    0x9FD7, 0xBFDF, 0xBFDF, 0x9FD7, 0x9FD7, 0x7FCF, 0x9FCF, 0x9FCF, 0x7FCF, 0x5FC7, 0x7FC7, 0x5FC7, 
    0x5FC7, 0x5FBF, 0x5FBF, 0x5FBF, 0x5FC7, 0x5FC7, 0x3FC7, 0x3FC7, 0x5FC7, 0x7FCF, 0x5FCF, 0x7FCF, 
    0x7FCF, 0x7FCF, 0x7FCF, 0x7FCF, 0x5FC7, 0x5FC7, 0x5FC7, 0x5FBF, 0x3FBF, 0x3FBF, 0x3FBF, 0x3FB7, 
    0x3FB7, 0x3FB7, 0x3FBF, 0x3FB7, 0x3FB7, 0x1FB7, 0x3FB7, 0x3FB7, 0x5FB7, 0x3FB7, 0x3FB7, 0x3FB7, 
    0x3FB7, 0x3FB7, 0x5FBF, 0x5FBF, 0x5FC7, 0x5FBF, 0x3FBF, 0x5FBF, 0x5FBF, 0x5FBF, 0x5FBF, 0x5FC7, 
    0x5FC7, 0x7FC7, 0x7FC7, 0x5FC7, 0x5FC7, 0x5FC7, 0x5FC7, 0x7FCF, 0x9FCF, 0x9FD7, 0x9FD7, 0x9FD7, 
    0x9FD7, 0x9FD7, 0x9FCF, 0x9FD7, 0x9FCF, 0x9FCF, 0x9FCF, 0x7FCF, 0x9FD7, 0x9FD7, 0x9FD7, 0x7FCF, 
    0x7FCF, 0x5FCF, 0x5FC7, 0x5FC7, 0x5FC7, 0x5FBF, 0x5FBF, 0x3FBF, 0x3FBF, 0x1FBF, 0x1FBF, 0x1FBF, 
    0x1FB7, 0x1FB7, 0xFFB6, 0xFFB6, 0xFFB6, 0xDFAE, 0xDFB6, 0xFFB6, 0xFFB6, 0xFFB6, 0x1FBF, 0x1FBF, 
    0xFFBE, 0x1FBF, 0x1FBF, 0x1FBF, 0x3FC7, 0x5FCF, 0x5FCF, 0x7FD7, 0x7FCF, 0x5FCF, 0x5FCF, 0x7FD7, 
    0x9FD7, 0x7FD7, 0x7FD7, 0x7FCF, 0x7FCF, 0x9FCF, 0x9FCF, 0x5FCF, 0x3FBF, 0x1FBF, 0x1FBF, 0x1FBF, 
    0x1FBF, 0x1FBF, 0x1FBF, 0x1FC7, 0x5FC7, 0x5FCF, 0x7FCF, 0x7FCF, 0x7FCF, 0x5FCF, 0x5FC7, 0x5FC7, 
    0x5FC7, 0x5FC7, 0x5FC7, 0x5FC7, 0x5FC7, 0x5FC7, 0x5FC7, 0x5FC7, 0x5FC7, 0x7FCF, 0x7FCF, 0x7FCF, 
    0x7FCF, 0x9FD7, 0x9FD7, 0x9FD7, 0xBFDF, 0x9FDF, 0xBFD7, 0xBFDF, 0xBFDF, 0xBFDF, 0xDFDF, 0xBFDF, 
    0xBFDF, 0xDFE7, 0xDFE7, 0xDFE7, 0xDFEF, 0xDFE7, 0x9FDF, 0x7FD7, 0x7FD7, 0x7FD7, 0x9FD7, 0x9FD7, 
    0x7FCF, 0x7FCF, 0x7FCF, 0x5FCF, 0x7FCF, 0x7FCF, 0x7FD7, 0x7FD7, 0x9FDF, 0x9FDF, 0xBFDF, 0xBFDF, 
    0xBFDF, 0xBFD7, 0x9FD7, 0x9FD7, 0x9FD7, 0x9FD7, 0x9FD7, 0x9FD7, 0x9FD7, 0x9FD7, 0x9FD7, 0x7FD7, 
    0x7FBF, 0x7FB7, 0x5FB7, 0x5FB7, 0x5FB7, 0x5FB7, 0x5FB7, 0x3FB7, 0x5FB7, 0x5FB7, 0x5FB7, 0x5FB7, 
    0x7FBF, 0x5FBF, 0x5FBF, 0x5FBF, 0x7FBF, 0x5FBF, 0x5FBF, 0x5FBF, 0x5FBF, 0x7FBF, 0x7FBF, 0x7FBF, 
    0x7FBF, 0x5FBF, 0x5FBF, 0x5FBF, 0x3FBF, 0x5FB7, 0x5FBF, 0x5FBF, 0x5FBF, 0x5FBF, 0x5FC7, 0x7FC7, 
    0x7FCF, 0x9FCF, 0x7FCF, 0x9FCF, 0x7FCF, 0x7FCF, 0x7FCF, 0x7FCF, 0x7FC7, 0x7FC7, 0x5FBF, 0x5FBF, 
    0x5FBF, 0x5FBF, 0x5FBF, 0x3FBF, 0x5FC7, 0x5FC7, 0x3FC7, 0x5FC7, 0x5FCF, 0x7FCF, 0x7FCF, 0x7FCF, 
    0x7FCF, 0x7FCF, 0x7FCF, 0x7FCF, 0x7FCF, 0x7FCF, 0x7FCF, 0x7FCF, 0x5FCF, 0x7FCF, 0x7FCF, 0x7FC7, 
    0x7FC7, 0x7FC7, 0x7FC7, 0x7FC7, 0x7FC7, 0x5FBF, 0x5FBF, 0x5FB7, 0x5FB7, 0x5FB7, 0x5FB7, 0x5FB7, 
    0x5FBF, 0x5FBF, 0x7FBF, 0x5FBF, 0x5FBF, 0x5FBF, 0x5FBF, 0x5FBF, 0x5FBF, 0x5FBF, 0x5FBF, 0x7FBF, 
    0x7FC7, 0x5FC7, 0x5FC7, 0x5FBF, 0x5FC7, 0x5FC7, 0x5FC7, 0x7FC7, 0x7FCF, 0x7FCF, 0x7FCF, 0x7FCF, 
    0x7FC7, 0x7FCF, 0x7FC7, 0x5FC7, 0x5FC7, 0x5FC7, 0x5FC7, 0x5FC7, 0x5FC7, 0x5FC7, 0x5FC7, 0x3FC7, 
    0x3FC7, 0x5FC7, 0x5FC7, 0x3FC7, 0x3FC7, 0x3FBF, 0x1FBF, 0x3FBF, 0x1FBF, 0x1FBF, 0x1FBF, 0x1FBF, 
    0x1FBF, 0x3FBF, 0x1FBF, 0x1FB7, 0xFFB6, 0xFFB6, 0xFFB6, 0xDFAE, 0xFFB6, 0xFFB6, 0xFFBE, 0xFFB6, 
    0x1FBF, 0xFFB6, 0xFFBE, 0x1FBF, 0x1FBF, 0x1FBF, 0x3FC7, 0x3FC7, 0x3FC7, 0x1FC7, 0x1FC7, 0x3FC7, 
    0x5FC7, 0x5FCF, 0x5FCF, 0x5FC7, 0x3FBF, 0x3FC7, 0x3FBF, 0x3FBF, 0x3FBF, 0x3FBF, 0x1FBF, 0x1FBF, 
    0x1FBF, 0x3FBF, 0x5FC7, 0x5FC7, 0x7FCF, 0x7FCF, 0x9FCF, 0x7FCF, 0x7FCF, 0x7FCF, 0x7FC7, 0x5FC7, 
    0x5FC7, 0x5FC7, 0x5FC7, 0x5FC7, 0x5FC7, 0x5FC7, 0x7FCF, 0x7FCF, 0x7FCF, 0x7FCF, 0x7FD7, 0x9FD7, 
    0x7FD7, 0x9FD7, 0x9FD7, 0x9FD7, 0x9FD7, 0x9FD7, 0x9FD7, 0xBFDF, 0xDFE7, 0xFFEF, 0xFFE7, 0xBFDF, 
    0xBFDF, 0x9FDF, 0xBFDF, 0x9FDF, 0xBFDF, 0xBFDF, 0x9FD7, 0x7FD7, 0x7FD7, 0x7FD7, 0x7FD7, 0x9FD7, 
    0x7FD7, 0x7FD7, 0x9FD7, 0x7FD7, 0x9FD7, 0x9FDF, 0x9FDF, 0xBFDF, 0xBFDF, 0xBFDF, 0x9FDF, 0x9FDF, 
    0x9FD7, 0x7FD7, 0x7FD7, 0x9FD7, 0x9FD7, 0x9FD7, 0x9FD7, 0x7FD7, 0x9FD7, 0x9FD7, 0x9FD7, 0x9FD7, 
    0x7FB7, 0x7FB7, 0x7FB7, 0x7FB7, 0x5FB7, 0x5FB7, 0x5FB7, 0x5FB7, 0x5FB7, 0x7FBF, 0x7FBF, 0x7FBF, 
    0x7FBF, 0x7FBF, 0x7FBF, 0x5FBF, 0x7FBF, 0x7FBF, 0x7FBF, 0x7FC7, 0x7FC7, 0x7FC7, 0x7FC7, 0x7FBF, 
    0x7FC7, 0x5FBF, 0x5FBF, 0x5FBF, 0x5FB7, 0x7FBF, 0x5FBF, 0x5FBF, 0x5FBF, 0x5FBF, 0x5FBF, 0x7FC7, 
    0x7FBF, 0x5FBF, 0x5FBF, 0x5FBF, 0x7FC7, 0x7FC7, 0x7FC7, 0x5FBF, 0x5FBF, 0x7FBF, 0x5FBF, 0x5FBF, 
    0x5FBF, 0x3FBF, 0x3FBF, 0x5FBF, 0x5FBF, 0x5FC7, 0x5FC7, 0x5FC7, 0x5FCF, 0x5FCF, 0x7FCF, 0x5FCF, 
    0x5FCF, 0x5FC7, 0x5FC7, 0x5FC7, 0x7FC7, 0x5FC7, 0x5FC7, 0x5FC7, 0x5FC7, 0x5FBF, 0x5FBF, 0x5FBF, 
    0x5FBF, 0x5FBF, 0x5FC7, 0x5FC7, 0x7FC7, 0x7FC7, 0x5FBF, 0x5FBF, 0x5FBF, 0x5FBF, 0x5FBF, 0x7FC7, 
    0x9FCF, 0x9FC7, 0x7FC7, 0x7FC7, 0x7FC7, 0x5FBF, 0x5FBF, 0x5FBF, 0x5FBF, 0x5FBF, 0x7FC7, 0x5FBF, 
    0x5FC7, 0x7FC7, 0x7FC7, 0x7FC7, 0x7FC7, 0x7FC7, 0x7FCF, 0x7FCF, 0x7FCF, 0x9FCF, 0x9FCF, 0x9FCF, 
    0x9FCF, 0x9FCF, 0x7FCF, 0x7FCF, 0x7FCF, 0x7FCF, 0x7FCF, 0x5FC7, 0x5FCF, 0x5FC7, 0x5FC7, 0x5FC7, 
    0x3FC7, 0x5FC7, 0x7FC7, 0x5FCF, 0x5FC7, 0x5FCF, 0x5FC7, 0x5FC7, 0x5FC7, 0x5FC7, 0x5FC7, 0x5FC7, 
    0x3FBF, 0x3FC7, 0x1FBF, 0x3FBF, 0x1FBF, 0x1FBF, 0xFFBE, 0xFFB6, 0xFFBE, 0xFFB6, 0xFFB6, 0xFFBE, 
    0x1FBF, 0xFFBE, 0xFFBE, 0x1FBF, 0x1FBF, 0x1FBF, 0x3FBF, 0x3FC7, 0x1FBF, 0x3FBF, 0x1FBF, 0x1FBF, 
    0x1FBF, 0x1FBF, 0x1FBF, 0x1FBF, 0x1FBF, 0x1FBF, 0x1FBF, 0x3FBF, 0x3FBF, 0x3FBF, 0x3FBF, 0x3FBF, 
    0x3FBF, 0x5FC7, 0x5FC7, 0x5FCF, 0x5FCF, 0x5FCF, 0x7FC7, 0x7FC7, 0x7FC7, 0x5FC7, 0x5FC7, 0x5FC7, 
    0x5FC7, 0x5FC7, 0x7FC7, 0x7FCF, 0x9FCF, 0x9FCF, 0x9FCF, 0x7FCF, 0x9FCF, 0x9FD7, 0xBFD7, 0x9FD7, 
    0x9FD7, 0x9FD7, 0x9FD7, 0x7FD7, 0x9FD7, 0x9FD7, 0xBFDF, 0xBFDF, 0xBFDF, 0xDFE7, 0xBFDF, 0x9FDF, 
    0x9FD7, 0x9FD7, 0x9FD7, 0x9FD7, 0x7FD7, 0x9FD7, 0x9FD7, 0x9FD7, 0x9FD7, 0x7FD7, 0x9FD7, 0x9FD7, 
    0x9FDF, 0x9FDF, 0xBFDF, 0x9FDF, 0xBFDF, 0xBFDF, 0xDFDF, 0xBFDF, 0xBFDF, 0xBFDF, 0x9FD7, 0x9FD7, 
    0x7FD7, 0x7FD7, 0x7FD7, 0x7FCF, 0x7FD7, 0x9FD7, 0x7FD7, 0x9FD7, 0x9FD7, 0xBFDF, 0xBFDF, 0xBFDF, 
    0x7FB7, 0x7FB7, 0x7FB7, 0x7FB7, 0x7FB7, 0x7FB7, 0x7FB7, 0x7FB7, 0x7FB7, 0x7FB7, 0x5FB7, 0x5FB7, 
    0x5FB7, 0x5FB7, 0x5FBF, 0x5FBF, 0x5FBF, 0x5FBF, 0x5FBF, 0x5FBF, 0x5FBF, 0x7FBF, 0x7FBF, 0x7FBF, 
    0x7FC7, 0x7FC7, 0x7FBF, 0x7FBF, 0x7FBF, 0x7FBF, 0x7FC7, 0x7FC7, 0x7FC7, 0x7FC7, 0x7FC7, 0x7FC7, 
    0x9FCF, 0x7FC7, 0x7FC7, 0x7FC7, 0x7FC7, 0x9FC7, 0x7FC7, 0x7FC7, 0x5FBF, 0x5FBF, 0x5FBF, 0x5FBF, 
    0x3FBF, 0x5FBF, 0x3FBF, 0x3FBF, 0x5FC7, 0x5FC7, 0x5FC7, 0x7FC7, 0x5FC7, 0x7FCF, 0x5FC7, 0x7FCF, 
    0x7FCF, 0x7FCF, 0x9FCF, 0x9FCF, 0x7FCF, 0x7FCF, 0x7FCF, 0x7FCF, 0x7FCF, 0x7FC7, 0x7FC7, 0x7FC7, 
    0x7FC7, 0x7FC7, 0x7FC7, 0x5FBF, 0x7FC7, 0x7FC7, 0x5FBF, 0x5FBF, 0x7FBF, 0x5FBF, 0x5FBF, 0x5FBF, 
    0x5FBF, 0x5FBF, 0x5FBF, 0x5FBF, 0x7FC7, 0x7FC7, 0x7FC7, 0x7FC7, 0x7FC7, 0x5FC7, 0x7FC7, 0x7FC7, 
    0x7FC7, 0x7FCF, 0x7FCF, 0x9FCF, 0x7FCF, 0x9FCF, 0x9FCF, 0x7FCF, 0x9FCF, 0x7FCF, 0x7FCF, 0x9FCF, 
    0x9FCF, 0x9FCF, 0x9FCF, 0x7FCF, 0x5FC7, 0x5FC7, 0x5FC7, 0x5FC7, 0x5FC7, 0x5FC7, 0x5FC7, 0x5FC7, 
    0x7FCF, 0x5FCF, 0x7FCF, 0x7FCF, 0x7FCF, 0x7FD7, 0x7FCF, 0x5FCF, 0x5FCF, 0x5FCF, 0x5FC7, 0x5FC7, 
    0x5FC7, 0x5FC7, 0x3FC7, 0x3FBF, 0x1FBF, 0x1FBF, 0x1FBF, 0x1FBF, 0x1FBF, 0x1FBF, 0x1FBF, 0x1FBF, 
    0x1FBF, 0x1FBF, 0x3FBF, 0x3FC7, 0x5FCF, 0x7FCF, 0x7FCF, 0x7FCF, 0x5FCF, 0x5FCF, 0x5FCF, 0x5FCF, 
    0x5FCF, 0x5FCF, 0x5FCF, 0x5FCF, 0x5FCF, 0x5FC7, 0x5FC7, 0x5FC7, 0x5FC7, 0x5FC7, 0x5FC7, 0x5FC7, 
    0x3FBF, 0x5FC7, 0x5FC7, 0x5FC7, 0x5FCF, 0x5FC7, 0x5FC7, 0x7FC7, 0x7FC7, 0x7FC7, 0x7FCF, 0x7FCF, 
    0x7FCF, 0x7FCF, 0x7FCF, 0x9FD7, 0x9FD7, 0xBFDF, 0x9FD7, 0xBFDF, 0x9FD7, 0x9FD7, 0xBFD7, 0xBFDF, 
    0xDFDF, 0xBFDF, 0xBFDF, 0xBFDF, 0xBFDF, 0xBFDF, 0xDFDF, 0xDFE7, 0xDFE7, 0xDFE7, 0xDFDF, 0xDFDF, 
    0xBFDF, 0xBFDF, 0x9FDF, 0x9FD7, 0x9FD7, 0x9FD7, 0x9FD7, 0x7FCF, 0x7FD7, 0x7FCF, 0x9FD7, 0x9FD7, 
    0xBFDF, 0xBFDF, 0xBFDF, 0xBFDF, 0xDFDF, 0xDFDF, 0xBFDF, 0xDFDF, 0xBFDF, 0xBFD7, 0x9FD7, 0x9FD7, 
    0x9FCF, 0x9FD7, 0x7FCF, 0x9FD7, 0x9FD7, 0x9FD7, 0x9FD7, 0x9FD7, 0x9FD7, 0xBFDF, 0xDFDF, 0xDFDF, 
    0x7FB7, 0x7FB7, 0x7FB7, 0x7FB7, 0x7FB7, 0x7FB7, 0x7FB7, 0x7FB7, 0x7FB7, 0x7FB7, 0x7FB7, 0x7FB7, 
    0x7FB7, 0x5FB7, 0x5FB7, 0x5FB7, 0x5FB7, 0x5FB7, 0x5FB7, 0x5FB7, 0x5FB7, 0x5FB7, 0x5FB7, 0x5FB7, 
    0x7FBF, 0x7FBF, 0x5FBF, 0x5FB7, 0x5FBF, 0x5FBF, 0x5FBF, 0x5FBF, 0x5FBF, 0x7FC7, 0x7FC7, 0x7FC7, 
    0x7FC7, 0x7FC7, 0x7FC7, 0x5FC7, 0x7FC7, 0x7FC7, 0x5FBF, 0x5FBF, 0x5FBF, 0x3FBF, 0x5FBF, 0x5FB7, 
    0x3FB7, 0x5FB7, 0x5FBF, 0x3FB7, 0x3FBF, 0x5FBF, 0x5FBF, 0x5FBF, 0x5FC7, 0x5FC7, 0x7FC7, 0x9FCF, 
    0x9FCF, 0x9FCF, 0x9FCF, 0x9FCF, 0x7FCF, 0x7FCF, 0x7FCF, 0x7FC7, 0x5FC7, 0x7FC7, 0x7FC7, 0x7FC7, 
    0x5FC7, 0x5FC7, 0x5FBF, 0x5FBF, 0x5FBF, 0x5FBF, 0x7FBF, 0x5FBF, 0x5FBF, 0x5FBF, 0x5FBF, 0x5FB7, 
    0x5FB7, 0x5FB7, 0x5FB7, 0x5FB7, 0x5FBF, 0x3FB7, 0x5FB7, 0x5FBF, 0x5FB7, 0x5FBF, 0x5FBF, 0x5FBF, 
    0x7FBF, 0x5FBF, 0x5FBF, 0x7FBF, 0x5FBF, 0x5FBF, 0x5FC7, 0x5FC7, 0x5FC7, 0x5FC7, 0x5FC7, 0x7FC7, 
    0x7FC7, 0x5FC7, 0x5FBF, 0x5FC7, 0x5FC7, 0x5FBF, 0x5FC7, 0x3FC7, 0x5FC7, 0x3FC7, 0x3FC7, 0x5FC7, 
    0x5FC7, 0x7FCF, 0x7FD7, 0x7FD7, 0x7FD7, 0x7FD7, 0x7FCF, 0x7FCF, 0x7FCF, 0x5FCF, 0x5FC7, 0x3FC7, 
    0x3FC7, 0x3FC7, 0x1FBF, 0x3FBF, 0x1FBF, 0x1FBF, 0x1FBF, 0x1FBF, 0xFFBE, 0xFFBE, 0x1FBF, 0x1FBF, 
    0x1FBF, 0x3FC7, 0x3FC7, 0x3FC7, 0x5FCF, 0x7FCF, 0x7FD7, 0x5FCF, 0x7FD7, 0x5FCF, 0x5FCF, 0x5FCF, 
    0x7FD7, 0x7FD7, 0x7FD7, 0x5FCF, 0x5FCF, 0x5FCF, 0x5FC7, 0x5FC7, 0x7FCF, 0x7FCF, 0x5FC7, 0x5FC7, 
    0x5FC7, 0x5FC7, 0x5FC7, 0x5FC7, 0x5FC7, 0x7FC7, 0x7FC7, 0x7FC7, 0x7FC7, 0x7FC7, 0x7FC7, 0x7FCF, 
    0x7FCF, 0x7FCF, 0x7FCF, 0x7FCF, 0x7FCF, 0x9FCF, 0x9FD7, 0x9FD7, 0x9FD7, 0xBFD7, 0xBFD7, 0x9FD7, 
    0x9FD7, 0x9FD7, 0x9FD7, 0x9FD7, 0x9FD7, 0x9FD7, 0x9FD7, 0xBFDF, 0xBFDF, 0xBFDF, 0x9FDF, 0xBFDF, 
    0x9FDF, 0xBFDF, 0x9FD7, 0x9FDF, 0x9FDF, 0xBFDF, 0xBFDF, 0x9FDF, 0x9FDF, 0x9FDF, 0x9FDF, 0xDFDF, 
    0xBFDF, 0xBFDF, 0xDFDF, 0xDFDF, 0xDFDF, 0xBFDF, 0xBFDF, 0xBFDF, 0xBFD7, 0x9FD7, 0x9FD7, 0x9FD7, 
    0x9FCF, 0x7FCF, 0x7FCF, 0x9FD7, 0x9FD7, 0x9FD7, 0x9FD7, 0xBFD7, 0xBFDF, 0xBFDF, 0xBFDF, 0xBFDF, 
    0x7FB7, 0x7FB7, 0x7FB7, 0x7FB7, 0x7FB7, 0x7FB7, 0x9FB7, 0x7FB7, 0x7FB7, 0x7FB7, 0x7FB7, 0x5FB7, 
    0x5FB7, 0x5FB7, 0x5FB7, 0x7FB7, 0x5FB7, 0x5FB7, 0x5FB7, 0x5FB7, 0x5FB7, 0x5FB7, 0x5FB7, 0x7FB7, 
    0x5FBF, 0x7FBF, 0x7FBF, 0x7FBF, 0x5FBF, 0x5FBF, 0x7FBF, 0x5FBF, 0x7FBF, 0x7FBF, 0x7FBF, 0x7FBF, 
    0x7FBF, 0x5FBF, 0x5FBF, 0x7FBF, 0x7FBF, 0x5FBF, 0x5FBF, 0x5FBF, 0x5FBF, 0x3FBF, 0x5FB7, 0x3FB7, 
    0x3FB7, 0x3FB7, 0x5FB7, 0x5FB7, 0x5FBF, 0x5FBF, 0x5FBF, 0x7FC7, 0x5FBF, 0x7FC7, 0x7FCF, 0x7FCF, 
    0x9FD7, 0x9FD7, 0x9FCF, 0x9FCF, 0x9FCF, 0x9FCF, 0x9FCF, 0x7FCF, 0x7FCF, 0x7FC7, 0x7FC7, 0x7FC7, 
    0x7FC7, 0x5FBF, 0x5FBF, 0x5FBF, 0x5FBF, 0x5FB7, 0x5FB7, 0x5FB7, 0x5FB7, 0x5FB7, 0x5FB7, 0x5FB7, 
    0x5FB7, 0x5FB7, 0x5FBF, 0x5FBF, 0x5FB7, 0x5FB7, 0x5FB7, 0x5FB7, 0x5FB7, 0x5FB7, 0x5FBF, 0x5FB7, 
    0x5FBF, 0x5FBF, 0x5FBF, 0x5FBF, 0x5FBF, 0x5FBF, 0x5FBF, 0x5FBF, 0x5FBF, 0x5FBF, 0x5FBF, 0x5FBF, 
    0x5FBF, 0x7FBF, 0x5FBF, 0x5FBF, 0x5FBF, 0x5FBF, 0x5FBF, 0x3FBF, 0x1FBF, 0x1FBF, 0x1FBF, 0xFFB6, 
    0xFFBE, 0xFFBE, 0xDFB6, 0xBFB6, 0xDFB6, 0xDFB6, 0x1FBF, 0x5FC7, 0x7FCF, 0x5FCF, 0x5FCF, 0x5FC7, 
    0x5FC7, 0x3FBF, 0x3FBF, 0x3FBF, 0x1FBF, 0x1FBF, 0xFFB6, 0xDFB6, 0xDFB6, 0xFFB6, 0x3FBF, 0x3FC7, 
    0x3FC7, 0x5FC7, 0x5FC7, 0x5FCF, 0x5FCF, 0x5FCF, 0x5FCF, 0x5FCF, 0x5FCF, 0x5FC7, 0x5FC7, 0x5FCF, 
    0x5FCF, 0x5FCF, 0x5FCF, 0x5FCF, 0x5FC7, 0x5FC7, 0x5FC7, 0x5FC7, 0x5FC7, 0x5FC7, 0x5FC7, 0x5FC7, 
    0x5FC7, 0x5FC7, 0x7FC7, 0x5FC7, 0x7FCF, 0x7FCF, 0x7FCF, 0x7FCF, 0x9FCF, 0x9FCF, 0x9FCF, 0x9FCF, 
    0x7FC7, 0x7FC7, 0x7FC7, 0x7FC7, 0x7FC7, 0x7FC7, 0x7FC7, 0x7FCF, 0x7FCF, 0x7FCF, 0x7FCF, 0x7FCF, 
    0x7FCF, 0x9FCF, 0x9FCF, 0x9FD7, 0x9FCF, 0x9FCF, 0x9FCF, 0x9FD7, 0x9FCF, 0x7FCF, 0x7FCF, 0x7FCF, 
    0x9FCF, 0x7FD7, 0x7FD7, 0x7FCF, 0x7FD7, 0x9FD7, 0x9FD7, 0x7FD7, 0x9FD7, 0x9FCF, 0x9FCF, 0x9FD7, 
    0x9FD7, 0x9FD7, 0x9FD7, 0xBFD7, 0xBFD7, 0x9FD7, 0x9FD7, 0x9FD7, 0x9FCF, 0x9FCF, 0x9FCF, 0x9FCF, 
    0x9FCF, 0x9FCF, 0x9FD7, 0x9FD7, 0x9FD7, 0x9FD7, 0x9FD7, 0x9FD7, 0x9FD7, 0xBFD7, 0xBFDF, 0xDFDF, 
    0x9FBF, 0x9FBF, 0x9FBF, 0x7FBF, 0x9FBF, 0x7FBF, 0x7FB7, 0x7FB7, 0x7FB7, 0x7FB7, 0x7FB7, 0x5FB7, 
    0x5FB7, 0x5FB7, 0x5FB7, 0x5FB7, 0x5FB7, 0x7FB7, 0x5FB7, 0x7FB7, 0x5FB7, 0x5FB7, 0x5FB7, 0x5FB7, 
    0x7FB7, 0x7FB7, 0x7FBF, 0x7FBF, 0x7FBF, 0x7FBF, 0x7FBF, 0x7FBF, 0x7FBF, 0x7FBF, 0x7FBF, 0x5FBF, 
    0x5FB7, 0x5FB7, 0x5FBF, 0x5FBF, 0x7FBF, 0x5FBF, 0x5FBF, 0x5FBF, 0x5FBF, 0x5FB7, 0x3FB7, 0x5FB7, 
    0x3FB7, 0x5FB7, 0x5FBF, 0x5FBF, 0x5FB7, 0x5FBF, 0x5FBF, 0x7FBF, 0x7FC7, 0x7FC7, 0x7FCF, 0x9FCF, 
    0x9FCF, 0x9FCF, 0x9FCF, 0x9FCF, 0x9FCF, 0x7FCF, 0x7FCF, 0x7FCF, 0x7FC7, 0x7FC7, 0x5FBF, 0x7FBF, 
    0x7FBF, 0x5FBF, 0x5FBF, 0x5FB7, 0x5FB7, 0x5FB7, 0x5FB7, 0x5FB7, 0x5FB7, 0x5FB7, 0x5FB7, 0x5FB7, 
    0x5FB7, 0x5FB7, 0x5FB7, 0x5FB7, 0x5FB7, 0x5FB7, 0x3FB7, 0x5FB7, 0x5FB7, 0x5FB7, 0x5FB7, 0x5FBF, 
    0x5FBF, 0x5FB7, 0x5FBF, 0x5FB7, 0x5FB7, 0x5FBF, 0x5FBF, 0x5FBF, 0x5FBF, 0x5FBF, 0x5FBF, 0x5FBF, 
    0x5FBF, 0x5FBF, 0x3FB7, 0x1FB7, 0xDFAE, 0x7F9E, 0x5F96, 0x5F96, 0x5F96, 0x7F96, 0x7F9E, 0x5F96, 
    0x5F9E, 0x5F96, 0x7F9E, 0x5F96, 0x5F96, 0x3F96, 0x9F9E, 0x7F9E, 0x5F9E, 0x9FA6, 0x9FAE, 0xBFAE, 
    0x9FAE, 0x5FA6, 0x7FA6, 0x9FA6, 0x5F9E, 0x3F96, 0x1F8E, 0x3F96, 0x5F96, 0x3F96, 0x5F9E, 0x7FA6, 
    0xDFB6, 0x3FC7, 0x5FC7, 0x7FCF, 0x5FCF, 0x7FCF, 0x5FCF, 0x5FC7, 0x5FC7, 0x5FC7, 0x5FC7, 0x7FC7, 
    0x5FC7, 0x3FC7, 0x1FBF, 0x5FCF, 0x1FBF, 0x1FBF, 0x5FCF, 0x5FC7, 0x5FC7, 0x7FCF, 0x5FC7, 0x5FC7, 
    0x7FC7, 0x3FBF, 0x3FBF, 0x3FBF, 0x7FC7, 0x7FC7, 0x7FC7, 0x7FCF, 0x7FCF, 0x9FCF, 0x7FCF, 0x9FCF, 
    0x9FCF, 0x9FCF, 0x9FCF, 0x9FCF, 0x7FCF, 0x7FCF, 0x9FCF, 0x9FCF, 0x9FCF, 0x9FD7, 0x9FCF, 0xBFD7, 
    0xBFD7, 0x9FD7, 0x9FD7, 0xBFD7, 0x9FD7, 0x9FD7, 0xBFD7, 0x9FD7, 0x9FCF, 0x9FCF, 0x9FD7, 0x9FD7, 
    0x9FD7, 0x9FD7, 0xBFD7, 0xBFD7, 0x9FD7, 0x9FD7, 0xBFD7, 0xBFD7, 0x9FD7, 0x9FD7, 0x9FCF, 0x9FCF, 
    0x9FCF, 0x9FCF, 0x9FCF, 0x7FCF, 0x7FCF, 0x9FCF, 0x9FCF, 0x9FCF, 0x9FD7, 0x9FD7, 0xBFD7, 0xBFD7, 
    0x9FD7, 0x9FD7, 0x9FD7, 0xBFD7, 0xBFD7, 0xBFDF, 0xBFDF, 0x9FDF, 0xBFDF, 0xBFDF, 0xBFDF, 0xBFDF, 
    0x9FBF, 0x9FBF, 0x9FBF, 0x9FBF, 0x9FB7, 0x9FBF, 0x7FB7, 0x7FB7, 0x7FB7, 0x7FB7, 0x7FB7, 0x7FB7, 
    0x7FB7, 0x7FB7, 0x5FB7, 0x5FB7, 0x5FB7, 0x7FB7, 0x5FB7, 0x5FB7, 0x5FB7, 0x7FB7, 0x7FB7, 0x5FB7, 
    0x7FB7, 0x7FB7, 0x7FBF, 0x7FBF, 0x7FBF, 0x7FBF, 0x7FBF, 0x7FBF, 0x5FB7, 0x5FBF, 0x5FBF, 0x5FB7, 
    0x5FBF, 0x5FB7, 0x5FB7, 0x5FBF, 0x5FBF, 0x5FB7, 0x5FBF, 0x5FB7, 0x5FB7, 0x3FB7, 0x5FB7, 0x5FB7, 
    0x5FB7, 0x5FB7, 0x5FB7, 0x5FB7, 0x5FBF, 0x5FBF, 0x5FBF, 0x7FBF, 0x7FC7, 0x7FC7, 0x7FC7, 0x7FC7, 
    0x7FC7, 0x7FCF, 0x7FCF, 0x7FCF, 0x7FCF, 0x7FC7, 0x7FC7, 0x7FBF, 0x7FBF, 0x7FBF, 0x5FBF, 0x5FBF, 
    0x7FBF, 0x5FBF, 0x7FBF, 0x7FBF, 0x7FBF, 0x7FBF, 0x5FB7, 0x5FB7, 0x5FB7, 0x5FB7, 0x5FB7, 0x5FB7, 
    0x3FB7, 0x3FB7, 0x1FAF, 0xFFAE, 0xFFAE, 0x1FB7, 0x5FB7, 0x5FB7, 0x5FB7, 0x3FB7, 0x5FB7, 0x5FB7, 
    0x5FB7, 0x5FB7, 0x5FB7, 0x5FB7, 0x5FB7, 0x5FB7, 0x5FB7, 0x5FB7, 0x5FBF, 0x5FB7, 0x5FBF, 0x5FBF, 
    0xFFAE, 0xDFA6, 0x7F9E, 0x7F96, 0x9F9E, 0x7F9E, 0x7F9E, 0x7F96, 0x7F96, 0x7F9E, 0x7F9E, 0x9F9E, 
    0x7F9E, 0x7F9E, 0x7F9E, 0x9F9E, 0x7F9E, 0x5F9E, 0x7F9E, 0x7F9E, 0x5F96, 0x3F96, 0x5F96, 0x3F96, 
    0x3F96, 0x3F96, 0x5F96, 0x3F96, 0x3F96, 0x7F9E, 0x5F96, 0x3F96, 0x5F96, 0x3F96, 0x5F96, 0x5F96, 
    0x5F96, 0x5F9E, 0x9FAE, 0xFFBE, 0x5FCF, 0x5FCF, 0x7FCF, 0x5FC7, 0x5FC7, 0x5FC7, 0x5FC7, 0x1FBF, 
    0xFFB6, 0xDFAE, 0xFFB6, 0x3FC7, 0x5FC7, 0x5FCF, 0xFFBE, 0xDFAE, 0x1FBF, 0x3FC7, 0x5FCF, 0x5FC7, 
    0x3FBF, 0xFFB6, 0x1FBF, 0xFFB6, 0x1FB7, 0xFFB6, 0xFFAE, 0x5FBF, 0x9FCF, 0x9FCF, 0x7FCF, 0x7FCF, 
    0x7FCF, 0x9FCF, 0x9FCF, 0x9FCF, 0x7FCF, 0x9FCF, 0x9FD7, 0x9FD7, 0xBFD7, 0xBFD7, 0xBFD7, 0xBFD7, 
    0x9FD7, 0xBFD7, 0xBFD7, 0xBFD7, 0xBFDF, 0xBFDF, 0xDFDF, 0xDFDF, 0xDFDF, 0xDFE7, 0xDFE7, 0xDFE7, 
    0xDFE7, 0xDFE7, 0xBFDF, 0xDFDF, 0xDFDF, 0xDFDF, 0xBFDF, 0xBFDF, 0xDFDF, 0xBFDF, 0xBFDF, 0xBFDF, 
    0xBFD7, 0xBFD7, 0xBFD7, 0x9FD7, 0x9FD7, 0x9FCF, 0x9FCF, 0x9FCF, 0x9FD7, 0x9FD7, 0x9FD7, 0xDFD7, 
    0xDFDF, 0xBFDF, 0xDFDF, 0xBFDF, 0xDFDF, 0xDFDF, 0xDFDF, 0xDFDF, 0xDFDF, 0xDFDF, 0xDFDF, 0xDFDF, 
    0x9FB7, 0x9FBF, 0x9FB7, 0x9FB7, 0x7FB7, 0x7FB7, 0x7FB7, 0x7FB7, 0x7FAF, 0x7FB7, 0x7FAF, 0x7FAF, 
    0x7FB7, 0x7FB7, 0x7FAF, 0x7FB7, 0x7FB7, 0x7FB7, 0x5FB7, 0x5FB7, 0x7FB7, 0x7FB7, 0x7FB7, 0x7FB7, 
    0x7FBF, 0x7FBF, 0x7FBF, 0x7FBF, 0x7FBF, 0x7FBF, 0x7FBF, 0x7FBF, 0x7FBF, 0x5FBF, 0x5FB7, 0x5FB7, 
    0x5FB7, 0x5FB7, 0x5FB7, 0x5FB7, 0x5FB7, 0x5FB7, 0x5FB7, 0x5FB7, 0x5FB7, 0x5FB7, 0x5FB7, 0x5FB7, 
    0x5FB7, 0x5FB7, 0x5FB7, 0x5FB7, 0x5FBF, 0x5FBF, 0x7FBF, 0x7FBF, 0x7FBF, 0x7FBF, 0x7FC7, 0x7FC7, 
    0x7FC7, 0x7FC7, 0x7FC7, 0x7FC7, 0x7FC7, 0x7FC7, 0x7FBF, 0x5FBF, 0x5FB7, 0x7FBF, 0x5FB7, 0x5FBF, 
    0x5FBF, 0x5FBF, 0x5FBF, 0x7FBF, 0x5FBF, 0x5FBF, 0x5FBF, 0x5FB7, 0x3FAF, 0x1FAF, 0x1FB7, 0x1FB7, 
    0xDFA6, 0x9F9E, 0x9F9E, 0x9F96, 0x9F96, 0x7F96, 0x7F96, 0xBF9E, 0x1FAF, 0x5FB7, 0x3FB7, 0x3FB7, 
    0x3FB7, 0x3FB7, 0x1FAF, 0xFFAE, 0xBFA6, 0xBFA6, 0xBF9E, 0xBF9E, 0xBF9E, 0x9F9E, 0x9F9E, 0x9F9E, 
    0x9F96, 0x9F96, 0x9F96, 0x7F96, 0x7F9E, 0x7F96, 0x7F9E, 0x7F9E, 0x7F9E, 0x7F96, 0x9F9E, 0x9F9E, 
    0x7F9E, 0x7F9E, 0x5F96, 0x7F96, 0x5F96, 0x5F96, 0x5F96, 0x5F96, 0x5F96, 0x5F8E, 0x7F96, 0x5F96, 
    0x5F96, 0x5F96, 0x5F96, 0x3F96, 0x5F96, 0x5F96, 0x5F96, 0x5F96, 0x5F96, 0x5F96, 0x5F96, 0x5F96, 
    0x5F96, 0x5F96, 0x5F96, 0x5F9E, 0x9FA6, 0xFFBE, 0x5FC7, 0x5FC7, 0x3FBF, 0x1FB7, 0x9FA6, 0x7F9E, 
    0x7F9E, 0x9FA6, 0x1FB7, 0x1FBF, 0x1FBF, 0xFFBE, 0xDFAE, 0xDFAE, 0xDFAE, 0x1FBF, 0x3FC7, 0x5FC7, 
    0x3FBF, 0x5FC7, 0x5FC7, 0x3FBF, 0x1FB7, 0x1FB7, 0x1FB7, 0x1FB7, 0x7FC7, 0x9FCF, 0x9FCF, 0xBFD7, 
    0x9FD7, 0xBFD7, 0xBFD7, 0x9FD7, 0x9FCF, 0x9FCF, 0x9FCF, 0x9FCF, 0xBFD7, 0xBFD7, 0xBFDF, 0xBFDF, 
    0xBFD7, 0x9FD7, 0x9FD7, 0xBFD7, 0xBFD7, 0xBFD7, 0xBFDF, 0xBFDF, 0xDFE7, 0xDFE7, 0xDFE7, 0xDFE7, 
    0xDFDF, 0xDFDF, 0xDFE7, 0xDFDF, 0xBFDF, 0xBFDF, 0xBFDF, 0xBFDF, 0xBFDF, 0xBFD7, 0xDFDF, 0xBFDF, 
    0xBFDF, 0xBFDF, 0xBFDF, 0xBFDF, 0xBFDF, 0xDFDF, 0xBFDF, 0xBFDF, 0xBFDF, 0xDFDF, 0xDFDF, 0xDFDF, 
    0xDFDF, 0xDFE7, 0xDFE7, 0xDFDF, 0xDFE7, 0xDFE7, 0xDFE7, 0xDFE7, 0xDFE7, 0xDFE7, 0xDFDF, 0xDFDF, 
    0x9FB7, 0x9FB7, 0x7FB7, 0x9FB7, 0x9FB7, 0x7FB7, 0x7FB7, 0x7FB7, 0x7FB7, 0x7FB7, 0x7FB7, 0x7FB7, 
    0x7FB7, 0x7FAF, 0x7FAF, 0x7FAF, 0x7FB7, 0x5FB7, 0x5FB7, 0x5FB7, 0x7FB7, 0x7FB7, 0x7FB7, 0x7FB7, 
    0x7FBF, 0x7FB7, 0x7FB7, 0x7FB7, 0x7FB7, 0x5FB7, 0x7FB7, 0x5FB7, 0x5FB7, 0x5FB7, 0x5FB7, 0x5FB7, 
    0x5FB7, 0x5FB7, 0x5FB7, 0x5FB7, 0x5FB7, 0x5FB7, 0x5FB7, 0x5FB7, 0x5FB7, 0x5FAF, 0x5FAF, 0x5FB7, 
    0x5FB7, 0x5FB7, 0x5FBF, 0x5FBF, 0x5FBF, 0x7FBF, 0x5FBF, 0x5FBF, 0x5FBF, 0x5FBF, 0x7FBF, 0x7FBF, 
    0x7FBF, 0x7FBF, 0x7FBF, 0x7FBF, 0x5FBF, 0x5FBF, 0x5FBF, 0x5FB7, 0x5FB7, 0x5FB7, 0x5FB7, 0x1FAF, 
    0xFFAE, 0xFFAE, 0xFFAE, 0x1FAF, 0xDFA6, 0xDFA6, 0xBFA6, 0x9F9E, 0x7F96, 0x7F96, 0x9F9E, 0x9FA6, 
    0x9F9E, 0x7F96, 0x5F8E, 0x7F8E, 0x7F8E, 0x9F96, 0x7F8E, 0x7F8E, 0x7F8E, 0x9F96, 0xBF9E, 0xBF9E, 
    0xBF9E, 0x9F96, 0xDFA6, 0xBF9E, 0xBF9E, 0x9F96, 0x9F96, 0xBF96, 0xBF9E, 0xBF9E, 0x9F9E, 0x9F9E, 
    0xBF9E, 0x9F9E, 0x9F9E, 0xBF9E, 0x9F96, 0x7F96, 0x7F8E, 0x7F96, 0x7F8E, 0x7F8E, 0x7F96, 0x5F8E, 
    0x5F8E, 0x5F96, 0x7F96, 0x7F96, 0x5F96, 0x5F8E, 0x5F8E, 0x5F8E, 0x5F8E, 0x5F8E, 0x5F8E, 0x7F8E, 
    0x7F8E, 0x7F96, 0x5F96, 0x7F96, 0x5F96, 0x5F96, 0x7F96, 0x7F96, 0x7F96, 0x5F96, 0x7F96, 0x7F96, 
    0x7F96, 0x7F9E, 0x7F9E, 0x5F96, 0x7F9E, 0x7F96, 0x9F9E, 0xDFAE, 0xBFA6, 0x7F96, 0x7F9E, 0x9F9E, 
    0x7F9E, 0x7F9E, 0x7F9E, 0x9F9E, 0xDFA6, 0xBFA6, 0xBFA6, 0xBFA6, 0xDFA6, 0xFFAE, 0x1FBF, 0x1FBF, 
    0x1FBF, 0x1FBF, 0x3FBF, 0x1FB7, 0x1FB7, 0x1FB7, 0x1FB7, 0x1FAF, 0x1FB7, 0x9FCF, 0xBFDF, 0x9FDF, 
    0xBFDF, 0xBFD7, 0xBFDF, 0xBFD7, 0x5FC7, 0x1FBF, 0x3FC7, 0x5FC7, 0x7FCF, 0xBFDF, 0xBFDF, 0x9FCF, 
    0x5FC7, 0x7FCF, 0xBFD7, 0xBFDF, 0xBFDF, 0xBFDF, 0xBFDF, 0xBFDF, 0xDFDF, 0xDFE7, 0xDFE7, 0xDFE7, 
    0xDFDF, 0xDFE7, 0xDFDF, 0xDFDF, 0xDFDF, 0xDFDF, 0xDFDF, 0xDFDF, 0xDFDF, 0xDFDF, 0xDFDF, 0xDFDF, 
    0xDFDF, 0xDFDF, 0xDFDF, 0xDFDF, 0xDFDF, 0xDFDF, 0xDFDF, 0xDFDF, 0xDFE7, 0xDFE7, 0xDFE7, 0xDFE7, 
    0xDFE7, 0xDFE7, 0xDFE7, 0xFFE7, 0xFFE7, 0xFFE7, 0xFFE7, 0xFFE7, 0xDFDF, 0xDFDF, 0xDFDF, 0xBFDF, 
    0x9FBF, 0x9FBF, 0x9FBF, 0x9FB7, 0x9FB7, 0x7FB7, 0x7FB7, 0x7FB7, 0x7FB7, 0x7FB7, 0x7FB7, 0x7FB7, 
    0x9FB7, 0x7FAF, 0x7FAF, 0x7FAF, 0x7FAF, 0x7FAF, 0x7FB7, 0x7FB7, 0x7FB7, 0x7FB7, 0x7FB7, 0x7FB7, 
    0x7FB7, 0x7FB7, 0x7FB7, 0x5FB7, 0x7FB7, 0x7FB7, 0x7FB7, 0x5FB7, 0x7FB7, 0x5FB7, 0x5FB7, 0x5FB7, 
    0x7FB7, 0x5FB7, 0x7FB7, 0x7FB7, 0x5FB7, 0x7FB7, 0x5FB7, 0x5FB7, 0x7FB7, 0x7FB7, 0x5FB7, 0x5FB7, 
    0x5FB7, 0x5FB7, 0x5FBF, 0x5FB7, 0x5FB7, 0x5FB7, 0x5FB7, 0x5FB7, 0x5FB7, 0x3FB7, 0x1FAF, 0xFFA6, 
    0xDF9E, 0xBF9E, 0x9F96, 0xBF9E, 0xDF9E, 0xBF96, 0xBF96, 0xBF9E, 0xDF9E, 0xFFA6, 0xBF9E, 0xBF9E, 
    0x9F96, 0x7F96, 0x5F8E, 0x5F8E, 0x3F86, 0x7F96, 0x7F8E, 0x7F96, 0x9F96, 0xBF9E, 0x7F96, 0xFFA6, 
    0xBF9E, 0x7F96, 0x7F8E, 0x7F8E, 0x7F8E, 0x5F8E, 0x7F8E, 0x7F8E, 0x7F8E, 0x7F8E, 0x9F8E, 0x7F8E, 
    0x7F8E, 0x9F96, 0xDF9E, 0xDF9E, 0xDF9E, 0xBF96, 0x9F96, 0x9F96, 0xDFA6, 0xFFA6, 0xFFA6, 0xDFA6, 
    0xDFA6, 0xBF9E, 0x9F9E, 0x9F96, 0x9F96, 0x9F96, 0x7F8E, 0x7F8E, 0x7F8E, 0xBF9E, 0x9F9E, 0x9F96, 
    0x7F8E, 0x7F8E, 0x7F8E, 0x5F8E, 0x5F8E, 0x5F8E, 0x5F8E, 0x5F8E, 0x5F8E, 0x5F96, 0x5F8E, 0x7F8E, 
    0x7F96, 0x7F96, 0x7F96, 0x7F96, 0x7F96, 0x7F96, 0x7F96, 0x7F96, 0x7F96, 0x7F96, 0x7F96, 0x7F9E, 
    0x7F9E, 0x7F9E, 0x9F9E, 0x7F9E, 0x7F9E, 0x7F9E, 0x9F9E, 0x7F9E, 0x7F96, 0x5F96, 0x9F9E, 0x9FA6, 
    0x9FA6, 0xBFA6, 0xBF9E, 0x9F9E, 0x9F9E, 0x9F9E, 0xDFA6, 0xBFA6, 0xDFAE, 0xBFA6, 0x9FA6, 0x7FA6, 
    0xBFAE, 0x9FA6, 0x7F9E, 0x5F9E, 0x7F9E, 0x9F9E, 0x7F9E, 0x7F9E, 0x5F96, 0x7F9E, 0x9FA6, 0x7FA6, 
    0x9FA6, 0x9FA6, 0x9FA6, 0x9F9E, 0x7F9E, 0x1F8E, 0x9D85, 0x7D7D, 0x3C75, 0x1B75, 0x1B75, 0x3C75, 
    0xDE8D, 0x1F96, 0x5F9E, 0xFFB6, 0x1FBF, 0xFFB6, 0xFFBE, 0x1FC7, 0x7FCF, 0xDFDF, 0xDFDF, 0xDFDF, 
    0x9FDF, 0x7FD7, 0x5FC7, 0xFFBE, 0x1FBF, 0x5FC7, 0x7FCF, 0x7FCF, 0xDFDF, 0xDFDF, 0xDFE7, 0xBFDF, 
    0xDFE7, 0xDFE7, 0xDFE7, 0xDFDF, 0xDFE7, 0xDFE7, 0xDFE7, 0xDFE7, 0xDFDF, 0xDFDF, 0xDFE7, 0xDFE7, 
    0xDFDF, 0xDFE7, 0xDFE7, 0xDFE7, 0xFFE7, 0xFFE7, 0x9FD7, 0x5FCF, 0x9FDF, 0x3FCF, 0x5FAE, 0xDD95, 
    0x5FB7, 0x5FB7, 0x1C96, 0x7985, 0xDFAE, 0x9FBF, 0x9FBF, 0x9FBF, 0x9FB7, 0x9FBF, 0x7FBF, 0x7FB7, 
    0x7FB7, 0x7FB7, 0x7FB7, 0x7FB7, 0x7FB7, 0x7FB7, 0x7FB7, 0x7FB7, 0x7FB7, 0x7FB7, 0x7FB7, 0x7FB7, 
    0x7FB7, 0x7FB7, 0x7FB7, 0x7FB7, 0x7FB7, 0x7FB7, 0x7FB7, 0x7FB7, 0x7FB7, 0x5FB7, 0x7FB7, 0x7FB7, 
    0x5FB7, 0x7FB7, 0x5FB7, 0x7FBF, 0x7FB7, 0x5FB7, 0x7FB7, 0x7FB7, 0x7FBF, 0x5FBF, 0x5FBF, 0x7FBF, 
    0x7FBF, 0x5FBF, 0x5FBF, 0x5FBF, 0x5FBF, 0x5FB7, 0xFFA6, 0x9F9E, 0x7F96, 0x7F8E, 0x7F8E, 0x5F86, 
    0x7F8E, 0x7F86, 0x7F86, 0x9F8E, 0x7F86, 0x5F86, 0x5F86, 0x5F86, 0x5F8E, 0x5F8E, 0x5F8E, 0x5F86, 
    0x5F86, 0x5F86, 0x5F86, 0x5F86, 0x5F86, 0x7F8E, 0x7F8E, 0x7F8E, 0x7F8E, 0x7F8E, 0x7F96, 0x9F96, 
    0x9F96, 0x9F96, 0x9F96, 0x9F96, 0x7F8E, 0x7F8E, 0x5F86, 0x9F8E, 0x9F8E, 0x9F8E, 0x9F8E, 0x9F8E, 
    0x9F96, 0x5F8E, 0xFF85, 0x9D7D, 0xFB6C, 0x785C, 0x985C, 0x785C, 0x785C, 0x9964, 0xF96C, 0xBD8D, 
    0x9F9E, 0xDFA6, 0xDF9E, 0xBF9E, 0xDF9E, 0xDF9E, 0x7F8E, 0x7F8E, 0x7F96, 0xFFA6, 0xDFA6, 0x7F96, 
    0x7F96, 0x5F8E, 0x7F8E, 0x7F8E, 0x5F8E, 0x5F8E, 0x5F8E, 0x5F8E, 0x5F8E, 0x5F8E, 0x7F8E, 0x7F96, 
    0x7F96, 0x5F96, 0x7F96, 0x7F96, 0x7F96, 0x7F96, 0x7F9E, 0x7F96, 0x7F96, 0x7F96, 0x7F96, 0x9F96, 
    0x7F96, 0x9F9E, 0x9F9E, 0x9F9E, 0x9F9E, 0x9F9E, 0x7F9E, 0x5F96, 0x7F96, 0x7F9E, 0x9F9E, 0x7F9E, 
    0x5F96, 0x5F96, 0x5F96, 0xFF85, 0xFF85, 0xFF85, 0xFF85, 0xFF85, 0xFF85, 0xFF85, 0xFF85, 0xFF85, 
    0xFF85, 0x1F86, 0x1F86, 0xFF85, 0x1F86, 0x1F86, 0x1F86, 0x1F86, 0x1F86, 0x1F86, 0x1F8E, 0x1F8E, 
    0x1F8E, 0x1F8E, 0xBE7D, 0x3C6D, 0x9A5C, 0xBB5C, 0xBB5C, 0xDB64, 0xDB5C, 0xBB5C, 0xDB5C, 0xDB5C, 
    0x9B5C, 0x9B5C, 0xBB5C, 0xBB5C, 0xDB64, 0x5D75, 0xDF8D, 0x5F96, 0x5F96, 0x5F9E, 0x5F9E, 0x3F96, 
    0x3F96, 0x3F96, 0x5F96, 0x3F96, 0x5F96, 0x3F96, 0x5F96, 0x5F9E, 0x3FC7, 0xDFDF, 0xDFE7, 0xDFDF, 
    0xDFDF, 0xBFDF, 0x1FCF, 0x9EBE, 0x5DAE, 0x3DAE, 0x5DAE, 0x3DAE, 0xFCA5, 0x9B95, 0x9B95, 0x9B95, 
    0x9B95, 0xDC9D, 0x5DAE, 0x3DA6, 0x7B8D, 0x986C, 0x1654, 0x375C, 0x986C, 0xB96C, 0xDA5C, 0xBA5C, 
    0xB574, 0xB053, 0x482A, 0x262A, 0x2D43, 0x1D9E, 0x1FB7, 0x9FBF, 0x9FBF, 0x9FBF, 0x9FBF, 0x9FBF, 
    0x9FBF, 0x9FBF, 0x9FBF, 0x7FBF, 0x7FB7, 0x7FB7, 0x7FB7, 0x5FB7, 0x5FAF, 0x3FAF, 0x1FAF, 0xFFA6, 
    0xDF9E, 0xDF9E, 0xDF9E, 0xBF9E, 0xBF96, 0x9F96, 0x9F96, 0x9F96, 0xBF96, 0xFFA6, 0x1FA7, 0xDF9E, 
    0x9F96, 0x9F8E, 0x9F8E, 0xDF9E, 0xFFAE, 0x1FAF, 0xFFA6, 0xFFA6, 0xFFA6, 0x1FAF, 0x3FB7, 0x5FB7, 
    0x3FAF, 0x1FAF, 0x1FA7, 0xDF9E, 0x5F8E, 0x5F8E, 0x7F86, 0x9F86, 0x7F86, 0x7F8E, 0x7F8E, 0x7F8E, 
    0x7F86, 0x7F86, 0x5F7E, 0x3F7E, 0x3F7E, 0x1F7E, 0x3F7E, 0x3F7E, 0x5F86, 0x5F86, 0x5F86, 0x5F86, 
    0x5F86, 0x5F8E, 0x5F86, 0x5F86, 0x5F86, 0x5F86, 0x7F8E, 0x9F8E, 0x7F8E, 0x7F8E, 0x9F8E, 0x7F8E, 
    0x9F96, 0x7F8E, 0x9F96, 0xBF9E, 0xBF9E, 0x9F96, 0x9F8E, 0x9F96, 0xBF9E, 0x7F96, 0x1F86, 0x9D7D, 
    0xDA64, 0x795C, 0x9964, 0x785C, 0x785C, 0x785C, 0x785C, 0x785C, 0x775C, 0x9864, 0x9864, 0xB864, 
    0xB864, 0x5B7D, 0xFE8D, 0x7F96, 0xDF9E, 0x9F96, 0x9F96, 0x9F96, 0xBF9E, 0x9F96, 0x9F96, 0x7F96, 
    0x7F8E, 0x7F8E, 0x7F8E, 0x7F8E, 0x7F8E, 0x7F8E, 0x7F8E, 0x7F8E, 0x7F8E, 0x7F8E, 0x7F96, 0x7F96, 
    0x9F96, 0x9F96, 0x9F96, 0x7F96, 0x7F9E, 0x7F9E, 0x9F9E, 0x9F9E, 0x9F9E, 0x9F9E, 0x9F9E, 0x9F9E, 
    0x9F9E, 0x9F9E, 0x9F96, 0x7F96, 0x7F96, 0x7F96, 0x7F96, 0x5F8E, 0x3F8E, 0x1F8E, 0x1F8E, 0xFF85, 
    0xFF8D, 0xFF85, 0xFF85, 0x1F86, 0x1F86, 0xFF7D, 0xFF7D, 0x1F86, 0xFF85, 0x1F86, 0xFF85, 0x1F86, 
    0xFF85, 0x1F86, 0x1F86, 0x1F86, 0x1F8E, 0x1F86, 0x3F86, 0x1F86, 0x1F86, 0x3F86, 0x3F8E, 0xBF7D, 
    0x3D6D, 0xBB5C, 0xDB5C, 0xDB5C, 0xFC5C, 0xDB5C, 0xDC5C, 0xDC5C, 0xDC5C, 0xDB5C, 0xFC5C, 0xDC5C, 
    0xBB5C, 0xDC5C, 0xDB5C, 0xDB5C, 0xDB5C, 0xDB5C, 0xDB5C, 0xFC64, 0x5D75, 0xFF85, 0x3F96, 0x3F96, 
    0x3F8E, 0x3F8E, 0x3F8E, 0x3F8E, 0x5F96, 0x5F96, 0x5F96, 0x3F96, 0x3F96, 0x9FB6, 0x5DAE, 0xFCA5, 
    0x1985, 0x365C, 0x1754, 0x1754, 0x1754, 0x1754, 0x3754, 0x575C, 0x785C, 0x785C, 0x9864, 0x785C, 
    0x585C, 0x785C, 0x785C, 0x3854, 0x5854, 0x5854, 0x785C, 0x9964, 0x785C, 0x775C, 0x3364, 0x736C, 
    0xE629, 0xE621, 0xE521, 0x052A, 0xE621, 0x072A, 0x4D4B, 0x546C, 0x7A8D, 0x5DA6, 0x5885, 0x5C9E, 
    0x7564, 0x3D9E, 0x1D96, 0x7F9E, 0xBF9E, 0x7F96, 0xD864, 0x5F8E, 0x9F8E, 0x7F8E, 0x9F8E, 0x9F8E, 
    0x9F8E, 0x9F8E, 0x7F8E, 0x1A6D, 0xFE85, 0x7F8E, 0x9F8E, 0x9F8E, 0x9F8E, 0x5F86, 0x7C6D, 0x7F8E, 
    0x9F8E, 0x9F8E, 0x7F86, 0x7F86, 0x7F8E, 0x5F8E, 0x7F8E, 0x7F8E, 0x5F86, 0x5F86, 0x5F86, 0x5F86, 
    0x7F8E, 0x5F86, 0x1F7E, 0x1F7E, 0x3F86, 0x5F86, 0x5F86, 0x7F8E, 0x7F8E, 0x7F86, 0x7F86, 0x3F7E, 
    0x3F7E, 0x5F7E, 0x5F7E, 0x1F7E, 0x5F7E, 0x3F7E, 0x3F7E, 0x5F86, 0x5F7E, 0x5F86, 0x7F8E, 0x5F86, 
    0x7F86, 0x7F8E, 0x7F8E, 0x7F8E, 0x7F8E, 0x7F8E, 0x9F8E, 0x7F8E, 0xBF96, 0xBF96, 0x9F96, 0x5F8E, 
    0x3F8E, 0xFF85, 0x9E7D, 0x7C7D, 0x3B75, 0x5C75, 0x7D75, 0x5C75, 0xDA64, 0x995C, 0x995C, 0xB964, 
    0x995C, 0x795C, 0x785C, 0x795C, 0x585C, 0x785C, 0x785C, 0x9964, 0x9864, 0x985C, 0x975C, 0xB764, 
    0xD76C, 0xF874, 0xF874, 0xD86C, 0x1A75, 0xDE85, 0x9F9E, 0x9F96, 0x9F96, 0x9F96, 0x9F96, 0x9F96, 
    0x9F96, 0x7F8E, 0x7F96, 0x7F96, 0x9F96, 0x9F96, 0x9F96, 0x7F8E, 0x7F8E, 0x7F96, 0x7F96, 0x9F96, 
    0x9F96, 0x9F96, 0x9F96, 0x9F9E, 0x9F9E, 0x9F9E, 0x9F96, 0x7F96, 0x9F96, 0x9F96, 0x9F96, 0x9F96, 
    0x9F96, 0x9F96, 0x9F96, 0x9F96, 0x7F96, 0x5F8E, 0x1F86, 0x1F86, 0x1F86, 0x1F86, 0x1F86, 0x1F86, 
    0xFF7D, 0x1F86, 0xFF7D, 0xFF7D, 0xFF7D, 0xDF7D, 0xFF85, 0xFF85, 0xFF85, 0x1F86, 0x1F86, 0x1F86, 
    0x1F8E, 0x1F86, 0xFF85, 0x1F86, 0x3F86, 0x3F86, 0x3F86, 0x3F8E, 0xFF85, 0x9E75, 0xDC64, 0xFC64, 
    0xDC5C, 0xFC5C, 0xFC5C, 0xFC5C, 0xFC5C, 0xDC5C, 0xFC5C, 0xFC64, 0xDC5C, 0xDC5C, 0xFC64, 0xDB5C, 
    0xDC64, 0xFC64, 0xFC64, 0xFC64, 0xDB5C, 0xDB64, 0xDB64, 0xFB64, 0xFC64, 0xFB64, 0xFB64, 0xDE85, 
    0xFF8D, 0x9D7D, 0x5B7D, 0xFB74, 0x9964, 0x1754, 0x375C, 0xD96C, 0x5764, 0x575C, 0x575C, 0x575C, 
    0x575C, 0x575C, 0x585C, 0x3754, 0x3854, 0x3854, 0x1754, 0x1754, 0x785C, 0x7864, 0x9864, 0x9864, 
    0x785C, 0x785C, 0x1754, 0xD64B, 0x953B, 0x743B, 0x1333, 0xB12A, 0x7022, 0xAA3A, 0xE64A, 0xC96B, 
    0xC529, 0x6419, 0xC521, 0xE621, 0xC621, 0xA521, 0x8521, 0xA621, 0xC721, 0x8A3A, 0x282A, 0xC721, 
    0xA621, 0x6619, 0xA621, 0x4A2A, 0x0F43, 0xAD32, 0x092A, 0x4F43, 0xD864, 0xDD7D, 0x7F8E, 0x5F86, 
    0x5F8E, 0x1E86, 0x1554, 0x0F3B, 0x0F43, 0x7B7D, 0x7F8E, 0x775C, 0x103B, 0x4F4B, 0x8C32, 0x5B7D, 
    0x7F96, 0xBF9E, 0x7F8E, 0x5F8E, 0x9F96, 0x3F7E, 0x5F86, 0x5F86, 0x5F86, 0x5F86, 0x7F8E, 0xBF9E, 
    0xBF9E, 0x7F8E, 0x5F86, 0x3F7E, 0x5F86, 0x5F8E, 0x5F8E, 0x7F8E, 0x7F86, 0x7F8E, 0x7F86, 0x5F7E, 
    0x5F86, 0x7F86, 0x5F7E, 0x5F86, 0x7F86, 0x5F7E, 0x7F86, 0x5F86, 0x5F86, 0x7F86, 0x9F8E, 0xBF96, 
    0x9F8E, 0x9F8E, 0x7F8E, 0x3F86, 0x1F86, 0xFF85, 0xBE7D, 0x7D75, 0x5D75, 0x1B6D, 0x1B6D, 0xFB6C, 
    0xFB6C, 0xFB6C, 0xFA64, 0xFA64, 0xFA64, 0xD964, 0xDA64, 0xD964, 0xDA64, 0xDA64, 0xB964, 0x995C, 
    0x995C, 0x785C, 0x985C, 0xB964, 0xB864, 0x9864, 0x9864, 0x9864, 0x7764, 0x9864, 0x775C, 0xB764, 
    0xD774, 0xF774, 0x187D, 0x187D, 0x387D, 0x387D, 0x397D, 0xDD8D, 0x9F9E, 0xDF9E, 0xBF9E, 0xBF96, 
    0xBF9E, 0xBF9E, 0xBF9E, 0xBF9E, 0xBF9E, 0xBF9E, 0xBF9E, 0x9F96, 0x9F96, 0x9F96, 0x7F96, 0x9F9E, 
    0x9F96, 0x9F96, 0xBF9E, 0x9F9E, 0x9F96, 0x9F96, 0x9F96, 0x9F96, 0x9F96, 0x9F96, 0x9F96, 0x9F96, 
    0x9F8E, 0x9F96, 0x9F96, 0x7F96, 0x3F8E, 0x5F8E, 0x1F86, 0xFF7D, 0x1F86, 0x1F86, 0x3F86, 0x1F86, 
    0x1F86, 0x1F7E, 0x1F7E, 0xFF7D, 0xFF7D, 0xDF7D, 0xDF7D, 0xDF7D, 0xFF85, 0xDF7D, 0xDF7D, 0xDF7D, 
    0xDF7D, 0xDF7D, 0x1F86, 0x1F86, 0x3F8E, 0x1F86, 0x9E75, 0x1C65, 0x1D65, 0x1C65, 0x1D65, 0x1C65, 
    0x3D65, 0x1D65, 0xFD64, 0x1D65, 0xFC64, 0xFC64, 0xFC64, 0xFC64, 0xFB64, 0xDB5C, 0xBB5C, 0xDB5C, 
    0xDB64, 0xDB64, 0xDB64, 0xDA64, 0xDB64, 0xDB64, 0xDA64, 0xDA64, 0xBA64, 0x9964, 0x585C, 0x575C, 
    0x575C, 0x575C, 0x1754, 0x3754, 0x1754, 0x3754, 0x1754, 0x575C, 0xD86C, 0xB86C, 0x1754, 0x1754, 
    0x575C, 0xB86C, 0xB86C, 0x9864, 0x785C, 0x5854, 0xF74B, 0xB54B, 0x123B, 0xF132, 0x7022, 0x7022, 
    0x9022, 0x9022, 0x9022, 0xB12A, 0xD12A, 0xD12A, 0xF22A, 0xF12A, 0x113B, 0x663A, 0x0332, 0xE65A, 
    0x8521, 0x2411, 0x8621, 0xA621, 0xC629, 0xC521, 0xC521, 0x8521, 0xA521, 0xC621, 0x4519, 0x6519, 
    0x6519, 0x2419, 0x6519, 0x6619, 0x4519, 0xA521, 0xC621, 0xA519, 0xE621, 0xE721, 0xCC3A, 0x0E43, 
    0x6A32, 0x292A, 0x082A, 0xC729, 0xA621, 0x6B32, 0xD35B, 0xE729, 0x8521, 0xA621, 0x082A, 0xEE42, 
    0x0E3B, 0xEE3A, 0x9243, 0xFE85, 0xBF9E, 0x7F96, 0x7F96, 0x9F96, 0x7F8E, 0x7F8E, 0xFE85, 0xD453, 
    0xD35B, 0x355C, 0x9664, 0x1F8E, 0x7D75, 0x365C, 0xD86C, 0xB86C, 0x9C7D, 0x1A6D, 0x7C7D, 0x5F8E, 
    0x9F96, 0x9F86, 0x9F8E, 0x9F8E, 0x9F8E, 0x9F8E, 0xBF96, 0x9F8E, 0x5F86, 0x1F86, 0xFF7D, 0x7D75, 
    0x1B6D, 0x1B6D, 0x3C6D, 0x5C75, 0x3B6D, 0x1B6D, 0x3B6D, 0x3B6D, 0x1B6D, 0x1A6D, 0x1B6D, 0x1B6D, 
    0xFA6C, 0xFA64, 0xDA64, 0xDA64, 0xFA64, 0xFA64, 0xD964, 0xB964, 0x995C, 0xB964, 0x995C, 0x785C, 
    0x995C, 0x9964, 0x9864, 0x7764, 0x7764, 0x9764, 0x7764, 0x9764, 0x9764, 0x9764, 0x9764, 0xD76C, 
    0xD76C, 0xD76C, 0xF774, 0x187D, 0x387D, 0x5885, 0x5885, 0x597D, 0x597D, 0xDC8D, 0x5F96, 0xBFA6, 
    0xFFA6, 0xDF9E, 0xDF9E, 0xDF9E, 0xFFA6, 0xFFA6, 0xFFA6, 0xDF9E, 0x7F96, 0x1F8E, 0xDD85, 0xDD8D, 
    0xFD8D, 0xFE8D, 0xFE8D, 0xFE8D, 0x3F96, 0xFE95, 0xFE8D, 0xDE8D, 0x9D85, 0x9D8D, 0x5B7D, 0x9D85, 
    0xDD8D, 0xDD8D, 0x9D85, 0x5C75, 0x3B75, 0x7D7D, 0x7D7D, 0x7D75, 0xDE85, 0xDF85, 0xBE7D, 0x1F86, 
    0x3F8E, 0x5F8E, 0x1F86, 0xFF7D, 0xDF7D, 0xFF7D, 0xFF7D, 0xFF7D, 0xDF7D, 0xFF7D, 0xFF7D, 0xDF7D, 
    0xBF75, 0xBF7D, 0x9F7D, 0x9E75, 0x5D6D, 0x1C65, 0x1C65, 0x1C65, 0x1C6D, 0x1C6D, 0xFB64, 0x1C6D, 
    0x3C6D, 0x3C6D, 0x1B6D, 0xFB64, 0xFB6C, 0xFB6C, 0xFB64, 0xDA64, 0xDA64, 0xBA64, 0xDA64, 0xDA64, 
    0xDA64, 0xBA64, 0xBA5C, 0xB95C, 0x995C, 0x785C, 0x785C, 0x585C, 0x3754, 0x3754, 0x575C, 0x7764, 
    0x1654, 0x1654, 0xF64B, 0x3754, 0x3754, 0x3754, 0x1754, 0x1654, 0x165C, 0xD54B, 0xD64B, 0xB543, 
    0xB44B, 0xD44B, 0x944B, 0x7343, 0x123B, 0x9022, 0xB122, 0xB122, 0x9122, 0xB122, 0xD122, 0xB122, 
    0xD12A, 0xD12A, 0xD22A, 0xD12A, 0xD12A, 0xD122, 0xD12A, 0xCF2A, 0xEC3A, 0xE64A, 0x094B, 0xE452, 
    0x6519, 0x8519, 0xC621, 0xC629, 0xA521, 0xE629, 0xC521, 0x2632, 0xC521, 0x8521, 0x4519, 0x2411, 
    0xA621, 0x062A, 0xC521, 0x2411, 0x2511, 0xA521, 0x4419, 0x2311, 0x8519, 0xE729, 0x072A, 0x272A, 
    0x072A, 0xE629, 0xC621, 0xA519, 0xE629, 0x062A, 0x4732, 0xC621, 0xC621, 0x8621, 0xA621, 0xE729, 
    0xC629, 0x8519, 0x8519, 0xE821, 0xEE42, 0x966C, 0xEF3A, 0x4A2A, 0x704B, 0x556C, 0x4F4B, 0x6932, 
    0x2832, 0x4932, 0x0832, 0xAC42, 0x4B32, 0xA729, 0x8621, 0xC629, 0x8521, 0xC621, 0xC721, 0x4A2A, 
    0x914B, 0x775C, 0x1554, 0xF44B, 0x154C, 0xD44B, 0x723B, 0x9343, 0x733B, 0xD54B, 0x1654, 0x1754, 
    0x785C, 0x1654, 0x323B, 0x323B, 0x3233, 0xF12A, 0xF12A, 0xD12A, 0xD54B, 0xF54B, 0xF653, 0x375C, 
    0x575C, 0x785C, 0xB964, 0xD964, 0xD96C, 0xD964, 0xF96C, 0xB864, 0x9864, 0xB964, 0x985C, 0x9864, 
    0x9864, 0x7764, 0x9764, 0xB86C, 0xB86C, 0x9764, 0x9764, 0x565C, 0x555C, 0x155C, 0x155C, 0x355C, 
    0x155C, 0x355C, 0x7664, 0x5664, 0x7664, 0x976C, 0xB76C, 0xF874, 0xF874, 0x976C, 0x7664, 0x9764, 
    0x986C, 0x5B85, 0x1A7D, 0x986C, 0xD553, 0xD12A, 0x123B, 0x4F22, 0x6F22, 0x8F2A, 0x8F22, 0x6F22, 
    0x6F22, 0x8F2A, 0x6F22, 0x6F22, 0x6F22, 0x8F2A, 0x8F2A, 0x8F2A, 0x902A, 0x8F2A, 0x8F2A, 0x6F22, 
    0x6F2A, 0x902A, 0x8F2A, 0x6F22, 0x902A, 0x6F22, 0x8F2A, 0x6F22, 0x6F22, 0x6F2A, 0x6F22, 0x4F22, 
    0x4F22, 0x4F22, 0xB12A, 0x533B, 0x9443, 0x533B, 0x1233, 0xF132, 0x123B, 0xF132, 0x902A, 0x7022, 
    0x7022, 0x4F22, 0x6F22, 0x902A, 0x9022, 0xB02A, 0x9022, 0x8F22, 0x6F22, 0x8F22, 0x9022, 0x9022, 
    0x6F22, 0x6F22, 0x6F22, 0x9022, 0x6F22, 0x6F22, 0x6F22, 0x6F22, 0x7022, 0x9022, 0x6F22, 0x6F22, 
    0x902A, 0x902A, 0x9022, 0x6F22, 0x6F22, 0x8F22, 0x6F22, 0x6F22, 0x6F22, 0x7022, 0x6F22, 0x902A, 
    0xD132, 0x113B, 0xF132, 0xF132, 0xF132, 0xD12A, 0x9022, 0x9022, 0x9022, 0xB12A, 0x902A, 0xB12A, 
    0x9022, 0x9022, 0xD12A, 0xD12A, 0xD02A, 0xD12A, 0xD12A, 0xD12A, 0xB122, 0xD122, 0x9022, 0xB122, 
    0xB122, 0xB122, 0xB122, 0xB122, 0xD122, 0xD122, 0xF12A, 0x673A, 0x4684, 0x846B, 0xE994, 0x6463, 
    0xC529, 0xE629, 0xE629, 0xE521, 0x4419, 0xE529, 0x463A, 0x673A, 0x463A, 0x6521, 0xE410, 0x2519, 
    0x4419, 0xE529, 0x052A, 0xC521, 0xC521, 0xE621, 0xC621, 0x2411, 0x6519, 0xC621, 0x6519, 0x4519, 
    0x2411, 0x8519, 0x6519, 0x4519, 0x8521, 0x8519, 0xA521, 0xA521, 0xC521, 0x4411, 0x6519, 0x8521, 
    0xA621, 0xC521, 0xE521, 0xC521, 0xA519, 0xA621, 0xE629, 0x8521, 0x8521, 0xC629, 0xE629, 0xE629, 
    0xE629, 0x6519, 0x6521, 0x6521, 0xA629, 0xC729, 0x2419, 0x4519, 0x8621, 0x8621, 0x8621, 0x8621, 
    0xE729, 0x8621, 0xA721, 0xCD42, 0x8C3A, 0xC721, 0xA721, 0x292A, 0xCF32, 0xD02A, 0x6E2A, 0x8E2A, 
    0x6E22, 0x4D22, 0xF02A, 0xD02A, 0xF12A, 0xD12A, 0xB022, 0xB022, 0xB022, 0x902A, 0xB02A, 0x9022, 
    0x9022, 0x9022, 0x701A, 0x6F1A, 0x6F1A, 0x4F1A, 0x6F1A, 0x6F1A, 0x6F1A, 0x6F22, 0x5343, 0xB44B, 
    0xB44B, 0x7343, 0x113B, 0xB02A, 0x4F1A, 0x6F22, 0x9022, 0x8F22, 0x6F22, 0x6F22, 0x8F22, 0x6F22, 
    0x9022, 0x6F22, 0x6F22, 0x6F22, 0x6F22, 0x6F22, 0x8F2A, 0x6F22, 0x8F2A, 0xB02A, 0x6F22, 0x7022, 
    0x6F22, 0x4F1A, 0x4F1A, 0x6F22, 0x6F22, 0x6F22, 0x6F22, 0x6F22, 0x8F22, 0xB02A, 0xB02A, 0x902A, 
    0x902A, 0x8F2A, 0x902A, 0x9022, 0x9022, 0xB02A, 0x902A, 0x8F22, 0xB02A, 0xB02A, 0xB02A, 0x9022, 
    0x9022, 0x9022, 0x9022, 0x9022, 0x8F22, 0x9022, 0x9022, 0x9022, 0x6F22, 0x6F22, 0x7022, 0x6F22, 
    0x9022, 0x9022, 0x9022, 0x6F22, 0x8F2A, 0xB02A, 0x902A, 0x4F1A, 0x0E12, 0x2F1A, 0x2F1A, 0x0F12, 
    0x2F1A, 0x4F1A, 0x4F1A, 0x4F1A, 0x6F22, 0x902A, 0x9022, 0x9022, 0xB02A, 0x9022, 0x8F22, 0x6F22, 
    0x9022, 0x6F22, 0x6F22, 0x9022, 0x7022, 0x9022, 0x9022, 0x9022, 0x9022, 0xB02A, 0x9022, 0x9022, 
    0x9022, 0x9022, 0x9022, 0x902A, 0xB02A, 0xB02A, 0x9022, 0x9022, 0x9022, 0x9022, 0x9022, 0x701A, 
    0x701A, 0x9022, 0x7022, 0x701A, 0x7022, 0x7022, 0x501A, 0x701A, 0x7022, 0x9022, 0x701A, 0x9022, 
    0x701A, 0x701A, 0x9022, 0x9022, 0x9022, 0x9022, 0xB122, 0xB122, 0xB122, 0xD122, 0xF12A, 0xD12A, 
    0xB122, 0xB122, 0xD12A, 0xD12A, 0xD12A, 0xD122, 0xF12A, 0xE529, 0x4584, 0x846B, 0xE16B, 0xA263, 
    0xA521, 0xA521, 0xA521, 0xC521, 0xA521, 0xC529, 0x2632, 0x463A, 0xE529, 0xC521, 0x6519, 0x8519, 
    0xC629, 0xA521, 0xC521, 0xA521, 0xC629, 0xC521, 0xA521, 0xA521, 0x8519, 0xA521, 0x4419, 0x6519, 
    0x6519, 0x6519, 0x4519, 0x6519, 0xA621, 0x6519, 0x8519, 0xA521, 0xA521, 0xA521, 0xC629, 0x6519, 
    0x8519, 0xC621, 0xA519, 0xA521, 0x8521, 0xA521, 0xC629, 0xE629, 0xC629, 0xC629, 0xE629, 0xE629, 
    0xE629, 0x6519, 0x4519, 0x2519, 0x4519, 0x4519, 0x2511, 0xC308, 0x2519, 0x6519, 0xE408, 0x2411, 
    0x6519, 0xA621, 0x0411, 0xE408, 0xE408, 0x4519, 0xA621, 0x8621, 0xA721, 0x4B32, 0xC821, 0xE829, 
    0x4611, 0x8719, 0x6C2A, 0xD02A, 0xB02A, 0x9022, 0x8F22, 0x9022, 0x9022, 0x8F22, 0x8F1A, 0x8F1A, 
    0xB022, 0x9022, 0x9022, 0x901A, 0x9022, 0x9022, 0x701A, 0x9022, 0x901A, 0x6F1A, 0x701A, 0x8F1A, 
    0x9022, 0x9022, 0x8F1A, 0x6F1A, 0xB022, 0x9022, 0x9022, 0x6F1A, 0x6F1A, 0x8F1A, 0x8F1A, 0x6F1A, 
    0x6F1A, 0x6F22, 0x6F1A, 0x6F22, 0x6F22, 0x6F1A, 0x4F1A, 0x4F1A, 0x4F1A, 0x6F22, 0x6F22, 0x9022, 
    0x9022, 0x6F22, 0x6F22, 0x6F22, 0x6F22, 0x8F22, 0x9022, 0x9022, 0x6F22, 0x8F22, 0x8F2A, 0x902A, 
    0xB02A, 0x8F2A, 0x6F22, 0x4F1A, 0x4F22, 0x4F1A, 0x4F22, 0x4F1A, 0x6F1A, 0x2E1A, 0x902A, 0x902A, 
    0x902A, 0xB02A, 0xD02A, 0x8F22, 0x9022, 0x7022, 0x9022, 0x9022, 0x9022, 0x9022, 0x9022, 0x9022, 
    0x6F22, 0x7022, 0x7022, 0x6F22, 0x9022, 0xB02A, 0xB02A, 0x902A, 0xB02A, 0x9022, 0x0F1A, 0x4F1A, 
    0x2F1A, 0x4F1A, 0x2F1A, 0x4F1A, 0x4F1A, 0x4F1A, 0x7022, 0x6F1A, 0x7022, 0xB02A, 0xB02A, 0x902A, 
    0xB02A, 0x6F1A, 0x4F1A, 0x6F1A, 0x701A, 0x6F1A, 0x7022, 0x9022, 0x9022, 0x9022, 0xB022, 0x9022, 
    0x9022, 0x9022, 0x9022, 0xB022, 0x9022, 0x9022, 0xB02A, 0xB02A, 0x9022, 0xB022, 0xB122, 0x901A, 
    0x701A, 0xB122, 0x9122, 0x9022, 0x7022, 0x501A, 0x701A, 0x701A, 0x701A, 0x701A, 0x701A, 0x701A, 
    0x701A, 0x701A, 0x9122, 0xB122, 0x9122, 0xB122, 0x9022, 0x9022, 0x9122, 0xB122, 0xB122, 0xD12A, 
    0xD22A, 0xD12A, 0xD12A, 0xF22A, 0xF22A, 0xD12A, 0xF12A, 0x693A, 0x245B, 0xE252, 0x8142, 0x047C, 
    0xC529, 0xA521, 0x2632, 0x2632, 0x0632, 0xC529, 0xC521, 0x2532, 0x052A, 0x673A, 0x2632, 0xC521, 
    0xC521, 0xC521, 0x6519, 0x4519, 0x0411, 0x4419, 0x4519, 0x4519, 0x4519, 0x4519, 0x8519, 0x8519, 
    0x2411, 0x2411, 0x6519, 0x8619, 0x4519, 0x8519, 0x6519, 0x8519, 0x8519, 0x8519, 0x6519, 0x0311, 
    0x4519, 0x6519, 0xA621, 0xA621, 0xC629, 0xC629, 0xC629, 0xA521, 0x4519, 0x6521, 0x6521, 0xA621, 
    0x0732, 0xC621, 0x2519, 0x0511, 0x4519, 0xE408, 0xE408, 0x2519, 0x4519, 0x062A, 0xA521, 0x8521, 
    0x2511, 0x6519, 0xE408, 0xC408, 0x8621, 0x6519, 0x6519, 0xA621, 0x6621, 0xA621, 0xE629, 0x072A, 
    0xA621, 0xA621, 0x8621, 0x2932, 0x8C32, 0x4B2A, 0x6C2A, 0xCF2A, 0x2B22, 0xAD32, 0xF02A, 0xD12A, 
    0xF12A, 0xD022, 0xB022, 0x6F1A, 0x6F1A, 0x8F1A, 0xD022, 0x901A, 0x9022, 0x9022, 0x701A, 0x8F1A, 
    0x8F1A, 0xB022, 0xD022, 0xB022, 0x9022, 0xB022, 0xB022, 0x9022, 0xB022, 0xD022, 0xB022, 0x9022, 
    0x8F1A, 0x901A, 0x901A, 0x6F1A, 0xB022, 0x9022, 0x9022, 0x9022, 0x9022, 0x9022, 0x9022, 0x9022, 
    0x6F22, 0x9022, 0x9022, 0x9022, 0x6F22, 0x6F22, 0x8F22, 0xB022, 0x9022, 0xB02A, 0xB02A, 0x902A, 
    0x902A, 0x9022, 0xB02A, 0x6F22, 0x4F1A, 0x4F1A, 0x4F1A, 0x701A, 0x4F1A, 0x4F1A, 0x6F1A, 0x7022, 
    0x4F1A, 0x4F1A, 0x9022, 0xD02A, 0xB022, 0xB02A, 0xD12A, 0xB02A, 0xB02A, 0xB02A, 0x9022, 0x9022, 
    0x9022, 0x902A, 0x902A, 0x9022, 0x6F22, 0x902A, 0xB02A, 0xB12A, 0xD12A, 0xB02A, 0x9022, 0x9022, 
    0x501A, 0x4F1A, 0x501A, 0x4F12, 0x4F1A, 0x501A, 0x501A, 0x4F1A, 0x4F1A, 0x6F1A, 0x9022, 0x9022, 
    0x7022, 0x9022, 0xB122, 0x9022, 0x501A, 0x701A, 0x701A, 0x701A, 0x9022, 0xB122, 0xB122, 0x9022, 
    0xB122, 0x9022, 0x701A, 0x701A, 0x9022, 0x9022, 0x901A, 0xB122, 0xB122, 0xB122, 0x9122, 0x9122, 
    0x901A, 0x701A, 0x901A, 0x901A, 0x9122, 0x701A, 0x9122, 0x9122, 0x9122, 0xB122, 0xD12A, 0xB122, 
    0x9122, 0xB122, 0xB122, 0xD12A, 0xD12A, 0xD12A, 0xF12A, 0xD12A, 0xB122, 0x8F22, 0x8F22, 0xD122, 
    0xD12A, 0xF22A, 0xF12A, 0xF22A, 0xF12A, 0xF12A, 0xEE32, 0xE96B, 0x467C, 0xC263, 0x835B, 0x435B, 
    0x4419, 0xC529, 0x463A, 0xC529, 0x0632, 0x463A, 0xE529, 0x062A, 0x4632, 0x2632, 0xC529, 0x8521, 
    0x2411, 0x8521, 0x2732, 0xA94A, 0x6519, 0x2411, 0x8519, 0x8521, 0x2411, 0x8519, 0x8521, 0xC629, 
    0xA521, 0x6519, 0x6519, 0xA621, 0xE629, 0x2732, 0xA621, 0x4411, 0x8519, 0x2411, 0x2411, 0x4511, 
    0x4519, 0x2411, 0x6519, 0xE729, 0x6521, 0x8621, 0x4419, 0xC629, 0x0411, 0xE410, 0xE410, 0x4519, 
    0xC621, 0x072A, 0xC629, 0x2519, 0x2411, 0x6519, 0xA521, 0xC629, 0x6519, 0x6519, 0x4519, 0x6519, 
    0x6621, 0x0511, 0x6619, 0x6619, 0x0411, 0x6619, 0x6619, 0x4519, 0x4519, 0x6519, 0xA629, 0x4519, 
    0xA621, 0x6519, 0x4519, 0xE729, 0x072A, 0x072A, 0x6932, 0xC821, 0x6519, 0xE729, 0x492A, 0x2A22, 
    0x2A22, 0x4B2A, 0xAD32, 0xAF2A, 0xB02A, 0xD022, 0xD12A, 0xB022, 0xB022, 0x6F1A, 0x701A, 0x8F1A, 
    0x8F1A, 0x9022, 0xB022, 0xD022, 0xD02A, 0xAF22, 0xAF22, 0xD022, 0xF12A, 0xF12A, 0xD02A, 0xF02A, 
    0xF12A, 0xF12A, 0xF12A, 0xF12A, 0x9022, 0x701A, 0x4F1A, 0x4F1A, 0x701A, 0x9022, 0xB022, 0x9022, 
    0x9022, 0x9022, 0xD12A, 0xB12A, 0xB12A, 0xD12A, 0xB02A, 0xB02A, 0xB02A, 0xB02A, 0xD12A, 0xB12A, 
    0x9022, 0x9022, 0x9022, 0x902A, 0x9022, 0x7022, 0x7022, 0x6F22, 0x701A, 0x701A, 0x4F1A, 0x701A, 
    0x7022, 0x7022, 0x4F1A, 0x9022, 0xB022, 0xB12A, 0xD02A, 0xD02A, 0xB02A, 0x902A, 0x9022, 0xB022, 
    0x9022, 0x902A, 0xB02A, 0x7022, 0xB02A, 0xB02A, 0xD12A, 0xB02A, 0xB02A, 0xB02A, 0xD12A, 0xB02A, 
    0x9022, 0xB022, 0x9022, 0x9022, 0x701A, 0x701A, 0x701A, 0x701A, 0x7022, 0x701A, 0x701A, 0x901A, 
    0x701A, 0x9022, 0x6F1A, 0x9022, 0x9122, 0x9122, 0x901A, 0x701A, 0x701A, 0x9122, 0x9122, 0x9122, 
    0x901A, 0x9122, 0x9022, 0xD12A, 0xD12A, 0xD12A, 0x9022, 0x9022, 0x9022, 0x9022, 0x9122, 0xB122, 
    0xB122, 0x9122, 0xB122, 0x9122, 0x9122, 0x901A, 0x701A, 0x9122, 0x9122, 0x701A, 0x9122, 0xB122, 
    0xD122, 0xD122, 0xD122, 0xD122, 0xD122, 0xD122, 0xD122, 0xB122, 0xD02A, 0xC721, 0xAC32, 0xD12A, 
    0xD12A, 0xB122, 0xD12A, 0xD122, 0xD222, 0xF22A, 0x8B32, 0x8663, 0x6563, 0xE46B, 0x635B, 0x6242, 
    0xC629, 0x6521, 0xC629, 0x6521, 0xA521, 0x0632, 0xC529, 0xC629, 0xC521, 0xC629, 0xC629, 0xA521, 
    0x8521, 0xC529, 0x473A, 0xA842, 0x473A, 0x2732, 0x2732, 0x6419, 0x8519, 0xC621, 0x6519, 0xA521, 
    0xC629, 0x062A, 0xA621, 0x4419, 0x6519, 0xE729, 0xE629, 0xA521, 0xA621, 0x6519, 0x6519, 0x8521, 
    0xA521, 0xA521, 0xC629, 0xA621, 0xE731, 0xA621, 0x4519, 0x4519, 0x2519, 0x2411, 0x6619, 0x2511, 
    0x4519, 0x6519, 0xA621, 0x8521, 0x8621, 0xA521, 0xC629, 0xA621, 0xA621, 0x0411, 0x4519, 0x2411, 
    0x2511, 0x0511, 0x2511, 0xC729, 0xC729, 0x0519, 0xC408, 0x0511, 0xE410, 0x4519, 0xC729, 0xC729, 
    0x6519, 0x2511, 0x2519, 0xE729, 0x6519, 0xA621, 0xC629, 0xA621, 0xC629, 0xC629, 0x0732, 0x8521, 
    0x8621, 0xA621, 0xC629, 0xE729, 0x082A, 0x6B32, 0x8C32, 0x8D32, 0xAC32, 0x8D2A, 0x2C1A, 0x2C1A, 
    0x4C1A, 0x6D22, 0x6D22, 0x4C22, 0x4C22, 0x2B1A, 0x4C22, 0x8E2A, 0xCF2A, 0xEF2A, 0xD02A, 0xD02A, 
    0xD02A, 0xD02A, 0x1133, 0xB02A, 0xD02A, 0xD12A, 0xB12A, 0xB022, 0x9022, 0x701A, 0x901A, 0xB022, 
    0xD12A, 0xD12A, 0xD12A, 0xF12A, 0xF12A, 0xD02A, 0xD02A, 0xB02A, 0x902A, 0xD12A, 0xD02A, 0x902A, 
    0x902A, 0x9022, 0xB022, 0x902A, 0xB02A, 0xB02A, 0xB02A, 0xB12A, 0xB02A, 0xD12A, 0x9022, 0x7022, 
    0x4F1A, 0x902A, 0x902A, 0x9022, 0xB02A, 0xB02A, 0xD02A, 0xB02A, 0xAF2A, 0xB02A, 0xB02A, 0xAF2A, 
    0xB02A, 0xAF2A, 0x8F2A, 0xB02A, 0x8F2A, 0x8F2A, 0x8F2A, 0xAF2A, 0xB02A, 0xB02A, 0xB02A, 0xAF2A, 
    0xD02A, 0xD02A, 0xD02A, 0xD02A, 0xD02A, 0xB02A, 0x7022, 0x7022, 0x9022, 0x9122, 0x701A, 0x701A, 
    0x701A, 0x701A, 0x901A, 0x701A, 0x701A, 0x9122, 0x911A, 0x911A, 0x701A, 0x901A, 0x901A, 0x901A, 
    0x9122, 0x9122, 0x9122, 0xB122, 0x911A, 0xD122, 0x9122, 0xB122, 0xB122, 0xB122, 0x9122, 0x9122, 
    0x901A, 0x9022, 0x9122, 0xB122, 0xD122, 0xF22A, 0xD122, 0xB122, 0x9122, 0xD122, 0xD122, 0xD122, 
    0xB122, 0xD122, 0xD12A, 0xF12A, 0xD12A, 0xD12A, 0xD12A, 0xD12A, 0x6C2A, 0xA629, 0x8D32, 0xF12A, 
    0xF12A, 0xF12A, 0xF22A, 0xF22A, 0xF12A, 0xAD2A, 0xEA42, 0x667C, 0xE573, 0x667C, 0x0453, 0x0232, 
    0x2411, 0x0419, 0x0519, 0x0519, 0x0519, 0x2519, 0x2519, 0xE408, 0xE308, 0xA521, 0x6521, 0xC308, 
    0x2411, 0xE629, 0xE631, 0x0632, 0xA529, 0xE529, 0x062A, 0xC521, 0xE629, 0xE629, 0xC521, 0xC521, 
    0xC521, 0x6519, 0x2411, 0x2411, 0x6519, 0x8519, 0xC621, 0x6519, 0x6519, 0xA521, 0xA521, 0xC629, 
    0xE629, 0x0632, 0xC621, 0xC621, 0x062A, 0xC621, 0xA629, 0x6521, 0xC729, 0xC621, 0xE729, 0x0411, 
    0xE408, 0xE408, 0xE408, 0xE408, 0x2411, 0x6519, 0x6519, 0xA521, 0x6519, 0x6519, 0x4519, 0xA621, 
    0x2511, 0x4619, 0x2511, 0x6619, 0xA629, 0xA629, 0x2519, 0xE410, 0x6619, 0xA621, 0xA621, 0xA621, 
    0xC729, 0xC729, 0xE408, 0xA621, 0x2519, 0xC729, 0x2519, 0x4519, 0x4519, 0xA621, 0xC621, 0xA621, 
    0xA621, 0x8621, 0xA621, 0x8621, 0x4519, 0x8521, 0xE629, 0x072A, 0x483A, 0x693A, 0x4B22, 0x4B22, 
    0x092A, 0x4A2A, 0x6B2A, 0x4B22, 0x4B22, 0x6C22, 0x4B22, 0x4B22, 0x6C22, 0x6C2A, 0x4C22, 0x4C22, 
    0x6C22, 0x6C2A, 0x6C2A, 0x6C22, 0x6D22, 0x8E2A, 0x6D22, 0x6D22, 0x6C22, 0x8D2A, 0x6D22, 0x6D22, 
    0x8E2A, 0x8E2A, 0x8E2A, 0x6E2A, 0x8E2A, 0xEC19, 0x0C1A, 0x6E22, 0x6E22, 0x8F2A, 0x6E22, 0x8F2A, 
    0xAF2A, 0xD032, 0xD02A, 0xD02A, 0xB02A, 0xB02A, 0xB02A, 0xB02A, 0xB02A, 0x8F22, 0xAF2A, 0xD02A, 
    0x8F22, 0xB02A, 0x8F22, 0x8F22, 0x8F22, 0x6F22, 0x6F22, 0x8F2A, 0x8F2A, 0x8F22, 0x8F2A, 0xB02A, 
    0x8F2A, 0xB02A, 0xB032, 0xB02A, 0xB02A, 0xB02A, 0xAF2A, 0xAF2A, 0xB02A, 0xD032, 0xAF2A, 0x8F2A, 
    0xB02A, 0xAF2A, 0xB02A, 0xAF2A, 0xAF2A, 0xD02A, 0xD02A, 0xD02A, 0xD12A, 0xB02A, 0x9122, 0xB122, 
    0x9122, 0x9122, 0x9122, 0x701A, 0x9122, 0x911A, 0x911A, 0x9122, 0x9122, 0x9122, 0xB122, 0x9122, 
    0x9122, 0x911A, 0xD22A, 0xB122, 0xB122, 0xB122, 0xB122, 0xB122, 0xF22A, 0xD12A, 0xD12A, 0xD12A, 
    0xB122, 0xB122, 0xD122, 0xD122, 0xD122, 0xD122, 0xD122, 0xD12A, 0xB122, 0xD12A, 0x9022, 0xB122, 
    0xD122, 0xD122, 0xB122, 0xB122, 0xB122, 0xD12A, 0xD122, 0xD12A, 0xE821, 0x8321, 0xAB42, 0xD02A, 
    0xF132, 0xD12A, 0xD12A, 0xF12A, 0x1133, 0xCA3A, 0xC442, 0x024B, 0x057C, 0x059D, 0xC34A, 0xE329, 
    0x2519, 0xC408, 0x0511, 0xE510, 0xE410, 0xE408, 0x0511, 0xC308, 0x4519, 0x4519, 0x0411, 0x4419, 
    0x6521, 0x8521, 0xA529, 0xC529, 0x8421, 0xA521, 0x8519, 0xA519, 0xA521, 0x2411, 0x4419, 0x6519, 
    0x8519, 0xA521, 0xA621, 0xA621, 0xE629, 0x4732, 0x0732, 0x8521, 0x6519, 0xA621, 0xA521, 0xE629, 
    0x062A, 0xE629, 0xC629, 0xE729, 0xE729, 0x8621, 0xC729, 0xA621, 0xA621, 0x0732, 0x072A, 0x2732, 
    0x072A, 0xA521, 0x4419, 0x8521, 0x4419, 0x6519, 0xA621, 0x6519, 0x2411, 0x4511, 0xA621, 0xC729, 
    0xA621, 0xA621, 0x8519, 0x6519, 0x4519, 0x4519, 0xE408, 0xE408, 0xC408, 0xE408, 0xE408, 0x4511, 
    0x4519, 0xA629, 0xA729, 0x6519, 0xA621, 0xA721, 0xA408, 0x2511, 0x2511, 0x6619, 0xE729, 0x6521, 
    0x6621, 0xE410, 0x8621, 0xA621, 0x0411, 0xE410, 0xA621, 0x072A, 0x0632, 0x473A, 0x6932, 0xC721, 
    0x8621, 0xA721, 0x0832, 0x4A2A, 0x4B2A, 0x6B2A, 0x4B2A, 0x4B22, 0x4C22, 0x4B22, 0x6C2A, 0x4C22, 
    0x0B1A, 0x4B22, 0x6C22, 0x6C2A, 0x6C22, 0x4B22, 0x6C2A, 0x6B2A, 0x6C2A, 0x6C22, 0x4C22, 0x4B22, 
    0x4B22, 0x6C2A, 0x8C2A, 0x6C2A, 0x8C2A, 0x8D2A, 0x6C2A, 0x6C2A, 0x6C22, 0x4C22, 0x2C22, 0x4D22, 
    0xCB11, 0xEC19, 0xEC19, 0xEB19, 0x2C22, 0x0C1A, 0x0C1A, 0x6D2A, 0x6E2A, 0x6D22, 0x8F2A, 0x8F2A, 
    0xD02A, 0xAF2A, 0x8F2A, 0x6F22, 0x6F22, 0x4F22, 0xB02A, 0x6F22, 0x902A, 0x6F22, 0x6F22, 0x6F22, 
    0x6F22, 0x6F22, 0x2E1A, 0x6F22, 0x6F22, 0x6F22, 0xB02A, 0xAF2A, 0x8F2A, 0xCF2A, 0xF032, 0xD02A, 
    0xAF2A, 0x8F2A, 0xB02A, 0xB02A, 0x8F2A, 0xAF2A, 0xD02A, 0xB02A, 0xD02A, 0xD02A, 0xD02A, 0xD12A, 
    0xD12A, 0xD122, 0xD12A, 0xD122, 0xB122, 0x9122, 0x9122, 0x911A, 0x911A, 0x9122, 0x9122, 0xB122, 
    0xD12A, 0xB122, 0xB122, 0xB122, 0x9122, 0xD12A, 0xB122, 0xB122, 0x9122, 0xD222, 0xD222, 0xB122, 
    0xB122, 0xD12A, 0xB12A, 0xD12A, 0xD22A, 0xD122, 0xB122, 0xF12A, 0xD122, 0xD12A, 0xD122, 0xD122, 
    0xB022, 0xD022, 0xD122, 0xD022, 0xB022, 0xD122, 0xF12A, 0x8D32, 0xC529, 0xE231, 0x2532, 0x0E3B, 
    0x0D43, 0xCB3A, 0xEC3A, 0x492A, 0x6A2A, 0x482A, 0x873A, 0x213A, 0x4142, 0x666B, 0xE229, 0xE221
};
